pair_run,order,order_position,implementation,configuration,operation,sample,cycles,checksum
1,A-B,1,reference,128,gf_mul,0,1969,0x54cada71
1,A-B,1,reference,128,gf_mul,1,1965,0x54cada71
1,A-B,1,reference,128,gf_mul,2,1965,0x54cada71
1,A-B,1,reference,128,gf_mul,3,1964,0x54cada71
1,A-B,1,reference,128,gf_mul,4,1964,0x54cada71
1,A-B,1,reference,128,gf_mul,5,1964,0x54cada71
1,A-B,1,reference,128,gf_mul,6,1964,0x54cada71
1,A-B,1,reference,128,gf_mul,7,1964,0x54cada71
1,A-B,1,reference,128,gf_mul,8,1964,0x54cada71
1,A-B,1,reference,128,gf_mul,9,1964,0x54cada71
1,A-B,1,reference,128,gf_mul,10,1964,0x54cada71
1,A-B,1,reference,128,gf_mul,11,1964,0x54cada71
1,A-B,1,reference,128,gf_mul,12,1964,0x54cada71
1,A-B,1,reference,128,gf_mul,13,1964,0x54cada71
1,A-B,1,reference,128,gf_mul,14,1964,0x54cada71
1,A-B,1,reference,128,gf_mul,15,1964,0x54cada71
1,A-B,1,reference,128,gf_mul,16,1964,0x54cada71
1,A-B,1,reference,128,gf_mul,17,1964,0x54cada71
1,A-B,1,reference,128,gf_mul,18,1964,0x54cada71
1,A-B,1,reference,128,gf_mul,19,1964,0x54cada71
1,A-B,1,reference,128,gf_mul,20,1964,0x54cada71
1,A-B,1,reference,128,gf_mul,21,1964,0x54cada71
1,A-B,1,reference,128,gf_mul,22,1964,0x54cada71
1,A-B,1,reference,128,gf_mul,23,1964,0x54cada71
1,A-B,1,reference,128,gf_mul,24,1964,0x54cada71
1,A-B,1,reference,128,gf_mul,25,1964,0x54cada71
1,A-B,1,reference,128,gf_mul,26,1964,0x54cada71
1,A-B,1,reference,128,gf_mul,27,1964,0x54cada71
1,A-B,1,reference,128,gf_mul,28,1964,0x54cada71
1,A-B,1,reference,128,gf_mul,29,1964,0x54cada71
1,A-B,1,reference,128,gf_mul,30,1964,0x54cada71
1,A-B,1,reference,128,gf_mul,31,1964,0x54cada71
1,A-B,1,reference,128,gf_mul,32,1964,0x54cada71
1,A-B,1,reference,128,gf_mul,33,1964,0x54cada71
1,A-B,1,reference,128,gf_mul,34,1964,0x54cada71
1,A-B,1,reference,128,gf_mul,35,1964,0x54cada71
1,A-B,1,reference,128,gf_mul,36,1964,0x54cada71
1,A-B,1,reference,128,gf_mul,37,1964,0x54cada71
1,A-B,1,reference,128,gf_mul,38,1964,0x54cada71
1,A-B,1,reference,128,gf_mul,39,1964,0x54cada71
1,A-B,1,reference,128,gf_mul,40,1964,0x54cada71
1,A-B,1,reference,128,gf_mul,41,1964,0x54cada71
1,A-B,1,reference,128,gf_mul,42,1964,0x54cada71
1,A-B,1,reference,128,gf_mul,43,1964,0x54cada71
1,A-B,1,reference,128,gf_mul,44,1964,0x54cada71
1,A-B,1,reference,128,gf_mul,45,1964,0x54cada71
1,A-B,1,reference,128,gf_mul,46,1964,0x54cada71
1,A-B,1,reference,128,gf_mul,47,1964,0x54cada71
1,A-B,1,reference,128,gf_mul,48,1964,0x54cada71
1,A-B,1,reference,128,gf_mul,49,1964,0x54cada71
1,A-B,1,reference,128,gf_sqr,0,107,0x54cada71
1,A-B,1,reference,128,gf_sqr,1,103,0x54cada71
1,A-B,1,reference,128,gf_sqr,2,103,0x54cada71
1,A-B,1,reference,128,gf_sqr,3,102,0x54cada71
1,A-B,1,reference,128,gf_sqr,4,102,0x54cada71
1,A-B,1,reference,128,gf_sqr,5,102,0x54cada71
1,A-B,1,reference,128,gf_sqr,6,102,0x54cada71
1,A-B,1,reference,128,gf_sqr,7,102,0x54cada71
1,A-B,1,reference,128,gf_sqr,8,102,0x54cada71
1,A-B,1,reference,128,gf_sqr,9,102,0x54cada71
1,A-B,1,reference,128,gf_sqr,10,102,0x54cada71
1,A-B,1,reference,128,gf_sqr,11,102,0x54cada71
1,A-B,1,reference,128,gf_sqr,12,102,0x54cada71
1,A-B,1,reference,128,gf_sqr,13,102,0x54cada71
1,A-B,1,reference,128,gf_sqr,14,102,0x54cada71
1,A-B,1,reference,128,gf_sqr,15,102,0x54cada71
1,A-B,1,reference,128,gf_sqr,16,102,0x54cada71
1,A-B,1,reference,128,gf_sqr,17,102,0x54cada71
1,A-B,1,reference,128,gf_sqr,18,102,0x54cada71
1,A-B,1,reference,128,gf_sqr,19,102,0x54cada71
1,A-B,1,reference,128,gf_sqr,20,102,0x54cada71
1,A-B,1,reference,128,gf_sqr,21,102,0x54cada71
1,A-B,1,reference,128,gf_sqr,22,102,0x54cada71
1,A-B,1,reference,128,gf_sqr,23,102,0x54cada71
1,A-B,1,reference,128,gf_sqr,24,102,0x54cada71
1,A-B,1,reference,128,gf_sqr,25,102,0x54cada71
1,A-B,1,reference,128,gf_sqr,26,102,0x54cada71
1,A-B,1,reference,128,gf_sqr,27,102,0x54cada71
1,A-B,1,reference,128,gf_sqr,28,102,0x54cada71
1,A-B,1,reference,128,gf_sqr,29,102,0x54cada71
1,A-B,1,reference,128,gf_sqr,30,102,0x54cada71
1,A-B,1,reference,128,gf_sqr,31,102,0x54cada71
1,A-B,1,reference,128,gf_sqr,32,102,0x54cada71
1,A-B,1,reference,128,gf_sqr,33,102,0x54cada71
1,A-B,1,reference,128,gf_sqr,34,102,0x54cada71
1,A-B,1,reference,128,gf_sqr,35,102,0x54cada71
1,A-B,1,reference,128,gf_sqr,36,102,0x54cada71
1,A-B,1,reference,128,gf_sqr,37,102,0x54cada71
1,A-B,1,reference,128,gf_sqr,38,102,0x54cada71
1,A-B,1,reference,128,gf_sqr,39,102,0x54cada71
1,A-B,1,reference,128,gf_sqr,40,102,0x54cada71
1,A-B,1,reference,128,gf_sqr,41,102,0x54cada71
1,A-B,1,reference,128,gf_sqr,42,102,0x54cada71
1,A-B,1,reference,128,gf_sqr,43,102,0x54cada71
1,A-B,1,reference,128,gf_sqr,44,102,0x54cada71
1,A-B,1,reference,128,gf_sqr,45,102,0x54cada71
1,A-B,1,reference,128,gf_sqr,46,102,0x54cada71
1,A-B,1,reference,128,gf_sqr,47,102,0x54cada71
1,A-B,1,reference,128,gf_sqr,48,102,0x54cada71
1,A-B,1,reference,128,gf_sqr,49,102,0x54cada71
1,A-B,2,optimized,128,gf_mul,0,1969,0x54cada71
1,A-B,2,optimized,128,gf_mul,1,1968,0x54cada71
1,A-B,2,optimized,128,gf_mul,2,1968,0x54cada71
1,A-B,2,optimized,128,gf_mul,3,1967,0x54cada71
1,A-B,2,optimized,128,gf_mul,4,1967,0x54cada71
1,A-B,2,optimized,128,gf_mul,5,1967,0x54cada71
1,A-B,2,optimized,128,gf_mul,6,1967,0x54cada71
1,A-B,2,optimized,128,gf_mul,7,1967,0x54cada71
1,A-B,2,optimized,128,gf_mul,8,1967,0x54cada71
1,A-B,2,optimized,128,gf_mul,9,1967,0x54cada71
1,A-B,2,optimized,128,gf_mul,10,1967,0x54cada71
1,A-B,2,optimized,128,gf_mul,11,1967,0x54cada71
1,A-B,2,optimized,128,gf_mul,12,1967,0x54cada71
1,A-B,2,optimized,128,gf_mul,13,1967,0x54cada71
1,A-B,2,optimized,128,gf_mul,14,1967,0x54cada71
1,A-B,2,optimized,128,gf_mul,15,1967,0x54cada71
1,A-B,2,optimized,128,gf_mul,16,1967,0x54cada71
1,A-B,2,optimized,128,gf_mul,17,1967,0x54cada71
1,A-B,2,optimized,128,gf_mul,18,1967,0x54cada71
1,A-B,2,optimized,128,gf_mul,19,1967,0x54cada71
1,A-B,2,optimized,128,gf_mul,20,1967,0x54cada71
1,A-B,2,optimized,128,gf_mul,21,1967,0x54cada71
1,A-B,2,optimized,128,gf_mul,22,1967,0x54cada71
1,A-B,2,optimized,128,gf_mul,23,1967,0x54cada71
1,A-B,2,optimized,128,gf_mul,24,1967,0x54cada71
1,A-B,2,optimized,128,gf_mul,25,1967,0x54cada71
1,A-B,2,optimized,128,gf_mul,26,1967,0x54cada71
1,A-B,2,optimized,128,gf_mul,27,1967,0x54cada71
1,A-B,2,optimized,128,gf_mul,28,1967,0x54cada71
1,A-B,2,optimized,128,gf_mul,29,1967,0x54cada71
1,A-B,2,optimized,128,gf_mul,30,1967,0x54cada71
1,A-B,2,optimized,128,gf_mul,31,1967,0x54cada71
1,A-B,2,optimized,128,gf_mul,32,1967,0x54cada71
1,A-B,2,optimized,128,gf_mul,33,1967,0x54cada71
1,A-B,2,optimized,128,gf_mul,34,1967,0x54cada71
1,A-B,2,optimized,128,gf_mul,35,1967,0x54cada71
1,A-B,2,optimized,128,gf_mul,36,1967,0x54cada71
1,A-B,2,optimized,128,gf_mul,37,1967,0x54cada71
1,A-B,2,optimized,128,gf_mul,38,1967,0x54cada71
1,A-B,2,optimized,128,gf_mul,39,1967,0x54cada71
1,A-B,2,optimized,128,gf_mul,40,1967,0x54cada71
1,A-B,2,optimized,128,gf_mul,41,1967,0x54cada71
1,A-B,2,optimized,128,gf_mul,42,1967,0x54cada71
1,A-B,2,optimized,128,gf_mul,43,1967,0x54cada71
1,A-B,2,optimized,128,gf_mul,44,1967,0x54cada71
1,A-B,2,optimized,128,gf_mul,45,1967,0x54cada71
1,A-B,2,optimized,128,gf_mul,46,1967,0x54cada71
1,A-B,2,optimized,128,gf_mul,47,1967,0x54cada71
1,A-B,2,optimized,128,gf_mul,48,1967,0x54cada71
1,A-B,2,optimized,128,gf_mul,49,1967,0x54cada71
1,A-B,2,optimized,128,gf_sqr,0,107,0x54cada71
1,A-B,2,optimized,128,gf_sqr,1,107,0x54cada71
1,A-B,2,optimized,128,gf_sqr,2,107,0x54cada71
1,A-B,2,optimized,128,gf_sqr,3,106,0x54cada71
1,A-B,2,optimized,128,gf_sqr,4,106,0x54cada71
1,A-B,2,optimized,128,gf_sqr,5,106,0x54cada71
1,A-B,2,optimized,128,gf_sqr,6,106,0x54cada71
1,A-B,2,optimized,128,gf_sqr,7,106,0x54cada71
1,A-B,2,optimized,128,gf_sqr,8,106,0x54cada71
1,A-B,2,optimized,128,gf_sqr,9,106,0x54cada71
1,A-B,2,optimized,128,gf_sqr,10,106,0x54cada71
1,A-B,2,optimized,128,gf_sqr,11,106,0x54cada71
1,A-B,2,optimized,128,gf_sqr,12,106,0x54cada71
1,A-B,2,optimized,128,gf_sqr,13,106,0x54cada71
1,A-B,2,optimized,128,gf_sqr,14,106,0x54cada71
1,A-B,2,optimized,128,gf_sqr,15,106,0x54cada71
1,A-B,2,optimized,128,gf_sqr,16,106,0x54cada71
1,A-B,2,optimized,128,gf_sqr,17,106,0x54cada71
1,A-B,2,optimized,128,gf_sqr,18,106,0x54cada71
1,A-B,2,optimized,128,gf_sqr,19,106,0x54cada71
1,A-B,2,optimized,128,gf_sqr,20,106,0x54cada71
1,A-B,2,optimized,128,gf_sqr,21,106,0x54cada71
1,A-B,2,optimized,128,gf_sqr,22,106,0x54cada71
1,A-B,2,optimized,128,gf_sqr,23,106,0x54cada71
1,A-B,2,optimized,128,gf_sqr,24,106,0x54cada71
1,A-B,2,optimized,128,gf_sqr,25,106,0x54cada71
1,A-B,2,optimized,128,gf_sqr,26,106,0x54cada71
1,A-B,2,optimized,128,gf_sqr,27,106,0x54cada71
1,A-B,2,optimized,128,gf_sqr,28,106,0x54cada71
1,A-B,2,optimized,128,gf_sqr,29,106,0x54cada71
1,A-B,2,optimized,128,gf_sqr,30,106,0x54cada71
1,A-B,2,optimized,128,gf_sqr,31,106,0x54cada71
1,A-B,2,optimized,128,gf_sqr,32,106,0x54cada71
1,A-B,2,optimized,128,gf_sqr,33,106,0x54cada71
1,A-B,2,optimized,128,gf_sqr,34,106,0x54cada71
1,A-B,2,optimized,128,gf_sqr,35,106,0x54cada71
1,A-B,2,optimized,128,gf_sqr,36,106,0x54cada71
1,A-B,2,optimized,128,gf_sqr,37,106,0x54cada71
1,A-B,2,optimized,128,gf_sqr,38,106,0x54cada71
1,A-B,2,optimized,128,gf_sqr,39,106,0x54cada71
1,A-B,2,optimized,128,gf_sqr,40,106,0x54cada71
1,A-B,2,optimized,128,gf_sqr,41,106,0x54cada71
1,A-B,2,optimized,128,gf_sqr,42,106,0x54cada71
1,A-B,2,optimized,128,gf_sqr,43,106,0x54cada71
1,A-B,2,optimized,128,gf_sqr,44,106,0x54cada71
1,A-B,2,optimized,128,gf_sqr,45,106,0x54cada71
1,A-B,2,optimized,128,gf_sqr,46,106,0x54cada71
1,A-B,2,optimized,128,gf_sqr,47,106,0x54cada71
1,A-B,2,optimized,128,gf_sqr,48,106,0x54cada71
1,A-B,2,optimized,128,gf_sqr,49,106,0x54cada71
1,A-B,1,reference,192,gf_mul,0,3927,0x2bf8b731
1,A-B,1,reference,192,gf_mul,1,3927,0x2bf8b731
1,A-B,1,reference,192,gf_mul,2,3927,0x2bf8b731
1,A-B,1,reference,192,gf_mul,3,3926,0x2bf8b731
1,A-B,1,reference,192,gf_mul,4,3926,0x2bf8b731
1,A-B,1,reference,192,gf_mul,5,3926,0x2bf8b731
1,A-B,1,reference,192,gf_mul,6,3926,0x2bf8b731
1,A-B,1,reference,192,gf_mul,7,3926,0x2bf8b731
1,A-B,1,reference,192,gf_mul,8,3926,0x2bf8b731
1,A-B,1,reference,192,gf_mul,9,3926,0x2bf8b731
1,A-B,1,reference,192,gf_mul,10,3926,0x2bf8b731
1,A-B,1,reference,192,gf_mul,11,3926,0x2bf8b731
1,A-B,1,reference,192,gf_mul,12,3926,0x2bf8b731
1,A-B,1,reference,192,gf_mul,13,3926,0x2bf8b731
1,A-B,1,reference,192,gf_mul,14,3926,0x2bf8b731
1,A-B,1,reference,192,gf_mul,15,3926,0x2bf8b731
1,A-B,1,reference,192,gf_mul,16,3926,0x2bf8b731
1,A-B,1,reference,192,gf_mul,17,3926,0x2bf8b731
1,A-B,1,reference,192,gf_mul,18,3926,0x2bf8b731
1,A-B,1,reference,192,gf_mul,19,3926,0x2bf8b731
1,A-B,1,reference,192,gf_mul,20,3926,0x2bf8b731
1,A-B,1,reference,192,gf_mul,21,3926,0x2bf8b731
1,A-B,1,reference,192,gf_mul,22,3926,0x2bf8b731
1,A-B,1,reference,192,gf_mul,23,3926,0x2bf8b731
1,A-B,1,reference,192,gf_mul,24,3926,0x2bf8b731
1,A-B,1,reference,192,gf_mul,25,3926,0x2bf8b731
1,A-B,1,reference,192,gf_mul,26,3926,0x2bf8b731
1,A-B,1,reference,192,gf_mul,27,3926,0x2bf8b731
1,A-B,1,reference,192,gf_mul,28,3926,0x2bf8b731
1,A-B,1,reference,192,gf_mul,29,3926,0x2bf8b731
1,A-B,1,reference,192,gf_mul,30,3926,0x2bf8b731
1,A-B,1,reference,192,gf_mul,31,3926,0x2bf8b731
1,A-B,1,reference,192,gf_mul,32,3926,0x2bf8b731
1,A-B,1,reference,192,gf_mul,33,3926,0x2bf8b731
1,A-B,1,reference,192,gf_mul,34,3926,0x2bf8b731
1,A-B,1,reference,192,gf_mul,35,3926,0x2bf8b731
1,A-B,1,reference,192,gf_mul,36,3926,0x2bf8b731
1,A-B,1,reference,192,gf_mul,37,3926,0x2bf8b731
1,A-B,1,reference,192,gf_mul,38,3926,0x2bf8b731
1,A-B,1,reference,192,gf_mul,39,3926,0x2bf8b731
1,A-B,1,reference,192,gf_mul,40,3926,0x2bf8b731
1,A-B,1,reference,192,gf_mul,41,3926,0x2bf8b731
1,A-B,1,reference,192,gf_mul,42,3926,0x2bf8b731
1,A-B,1,reference,192,gf_mul,43,3926,0x2bf8b731
1,A-B,1,reference,192,gf_mul,44,3926,0x2bf8b731
1,A-B,1,reference,192,gf_mul,45,3926,0x2bf8b731
1,A-B,1,reference,192,gf_mul,46,3926,0x2bf8b731
1,A-B,1,reference,192,gf_mul,47,3926,0x2bf8b731
1,A-B,1,reference,192,gf_mul,48,3926,0x2bf8b731
1,A-B,1,reference,192,gf_mul,49,3926,0x2bf8b731
1,A-B,1,reference,192,gf_sqr,0,144,0x2bf8b731
1,A-B,1,reference,192,gf_sqr,1,144,0x2bf8b731
1,A-B,1,reference,192,gf_sqr,2,143,0x2bf8b731
1,A-B,1,reference,192,gf_sqr,3,144,0x2bf8b731
1,A-B,1,reference,192,gf_sqr,4,144,0x2bf8b731
1,A-B,1,reference,192,gf_sqr,5,144,0x2bf8b731
1,A-B,1,reference,192,gf_sqr,6,144,0x2bf8b731
1,A-B,1,reference,192,gf_sqr,7,144,0x2bf8b731
1,A-B,1,reference,192,gf_sqr,8,144,0x2bf8b731
1,A-B,1,reference,192,gf_sqr,9,144,0x2bf8b731
1,A-B,1,reference,192,gf_sqr,10,144,0x2bf8b731
1,A-B,1,reference,192,gf_sqr,11,144,0x2bf8b731
1,A-B,1,reference,192,gf_sqr,12,144,0x2bf8b731
1,A-B,1,reference,192,gf_sqr,13,144,0x2bf8b731
1,A-B,1,reference,192,gf_sqr,14,144,0x2bf8b731
1,A-B,1,reference,192,gf_sqr,15,144,0x2bf8b731
1,A-B,1,reference,192,gf_sqr,16,144,0x2bf8b731
1,A-B,1,reference,192,gf_sqr,17,144,0x2bf8b731
1,A-B,1,reference,192,gf_sqr,18,144,0x2bf8b731
1,A-B,1,reference,192,gf_sqr,19,144,0x2bf8b731
1,A-B,1,reference,192,gf_sqr,20,144,0x2bf8b731
1,A-B,1,reference,192,gf_sqr,21,144,0x2bf8b731
1,A-B,1,reference,192,gf_sqr,22,144,0x2bf8b731
1,A-B,1,reference,192,gf_sqr,23,144,0x2bf8b731
1,A-B,1,reference,192,gf_sqr,24,144,0x2bf8b731
1,A-B,1,reference,192,gf_sqr,25,144,0x2bf8b731
1,A-B,1,reference,192,gf_sqr,26,144,0x2bf8b731
1,A-B,1,reference,192,gf_sqr,27,144,0x2bf8b731
1,A-B,1,reference,192,gf_sqr,28,144,0x2bf8b731
1,A-B,1,reference,192,gf_sqr,29,144,0x2bf8b731
1,A-B,1,reference,192,gf_sqr,30,144,0x2bf8b731
1,A-B,1,reference,192,gf_sqr,31,144,0x2bf8b731
1,A-B,1,reference,192,gf_sqr,32,144,0x2bf8b731
1,A-B,1,reference,192,gf_sqr,33,144,0x2bf8b731
1,A-B,1,reference,192,gf_sqr,34,144,0x2bf8b731
1,A-B,1,reference,192,gf_sqr,35,144,0x2bf8b731
1,A-B,1,reference,192,gf_sqr,36,144,0x2bf8b731
1,A-B,1,reference,192,gf_sqr,37,144,0x2bf8b731
1,A-B,1,reference,192,gf_sqr,38,144,0x2bf8b731
1,A-B,1,reference,192,gf_sqr,39,144,0x2bf8b731
1,A-B,1,reference,192,gf_sqr,40,144,0x2bf8b731
1,A-B,1,reference,192,gf_sqr,41,144,0x2bf8b731
1,A-B,1,reference,192,gf_sqr,42,144,0x2bf8b731
1,A-B,1,reference,192,gf_sqr,43,144,0x2bf8b731
1,A-B,1,reference,192,gf_sqr,44,144,0x2bf8b731
1,A-B,1,reference,192,gf_sqr,45,144,0x2bf8b731
1,A-B,1,reference,192,gf_sqr,46,144,0x2bf8b731
1,A-B,1,reference,192,gf_sqr,47,144,0x2bf8b731
1,A-B,1,reference,192,gf_sqr,48,144,0x2bf8b731
1,A-B,1,reference,192,gf_sqr,49,144,0x2bf8b731
1,A-B,2,optimized,192,gf_mul,0,3927,0x2bf8b731
1,A-B,2,optimized,192,gf_mul,1,3927,0x2bf8b731
1,A-B,2,optimized,192,gf_mul,2,3927,0x2bf8b731
1,A-B,2,optimized,192,gf_mul,3,3926,0x2bf8b731
1,A-B,2,optimized,192,gf_mul,4,3926,0x2bf8b731
1,A-B,2,optimized,192,gf_mul,5,3926,0x2bf8b731
1,A-B,2,optimized,192,gf_mul,6,3926,0x2bf8b731
1,A-B,2,optimized,192,gf_mul,7,3926,0x2bf8b731
1,A-B,2,optimized,192,gf_mul,8,3926,0x2bf8b731
1,A-B,2,optimized,192,gf_mul,9,3926,0x2bf8b731
1,A-B,2,optimized,192,gf_mul,10,3926,0x2bf8b731
1,A-B,2,optimized,192,gf_mul,11,3926,0x2bf8b731
1,A-B,2,optimized,192,gf_mul,12,3926,0x2bf8b731
1,A-B,2,optimized,192,gf_mul,13,3926,0x2bf8b731
1,A-B,2,optimized,192,gf_mul,14,3926,0x2bf8b731
1,A-B,2,optimized,192,gf_mul,15,3926,0x2bf8b731
1,A-B,2,optimized,192,gf_mul,16,3926,0x2bf8b731
1,A-B,2,optimized,192,gf_mul,17,3926,0x2bf8b731
1,A-B,2,optimized,192,gf_mul,18,3926,0x2bf8b731
1,A-B,2,optimized,192,gf_mul,19,3926,0x2bf8b731
1,A-B,2,optimized,192,gf_mul,20,3926,0x2bf8b731
1,A-B,2,optimized,192,gf_mul,21,3926,0x2bf8b731
1,A-B,2,optimized,192,gf_mul,22,3926,0x2bf8b731
1,A-B,2,optimized,192,gf_mul,23,3926,0x2bf8b731
1,A-B,2,optimized,192,gf_mul,24,3926,0x2bf8b731
1,A-B,2,optimized,192,gf_mul,25,3926,0x2bf8b731
1,A-B,2,optimized,192,gf_mul,26,3926,0x2bf8b731
1,A-B,2,optimized,192,gf_mul,27,3926,0x2bf8b731
1,A-B,2,optimized,192,gf_mul,28,3926,0x2bf8b731
1,A-B,2,optimized,192,gf_mul,29,3926,0x2bf8b731
1,A-B,2,optimized,192,gf_mul,30,3926,0x2bf8b731
1,A-B,2,optimized,192,gf_mul,31,3926,0x2bf8b731
1,A-B,2,optimized,192,gf_mul,32,3926,0x2bf8b731
1,A-B,2,optimized,192,gf_mul,33,3926,0x2bf8b731
1,A-B,2,optimized,192,gf_mul,34,3926,0x2bf8b731
1,A-B,2,optimized,192,gf_mul,35,3926,0x2bf8b731
1,A-B,2,optimized,192,gf_mul,36,3926,0x2bf8b731
1,A-B,2,optimized,192,gf_mul,37,3926,0x2bf8b731
1,A-B,2,optimized,192,gf_mul,38,3926,0x2bf8b731
1,A-B,2,optimized,192,gf_mul,39,3926,0x2bf8b731
1,A-B,2,optimized,192,gf_mul,40,3926,0x2bf8b731
1,A-B,2,optimized,192,gf_mul,41,3926,0x2bf8b731
1,A-B,2,optimized,192,gf_mul,42,3926,0x2bf8b731
1,A-B,2,optimized,192,gf_mul,43,3926,0x2bf8b731
1,A-B,2,optimized,192,gf_mul,44,3926,0x2bf8b731
1,A-B,2,optimized,192,gf_mul,45,3926,0x2bf8b731
1,A-B,2,optimized,192,gf_mul,46,3926,0x2bf8b731
1,A-B,2,optimized,192,gf_mul,47,3926,0x2bf8b731
1,A-B,2,optimized,192,gf_mul,48,3926,0x2bf8b731
1,A-B,2,optimized,192,gf_mul,49,3926,0x2bf8b731
1,A-B,2,optimized,192,gf_sqr,0,144,0x2bf8b731
1,A-B,2,optimized,192,gf_sqr,1,144,0x2bf8b731
1,A-B,2,optimized,192,gf_sqr,2,143,0x2bf8b731
1,A-B,2,optimized,192,gf_sqr,3,144,0x2bf8b731
1,A-B,2,optimized,192,gf_sqr,4,144,0x2bf8b731
1,A-B,2,optimized,192,gf_sqr,5,144,0x2bf8b731
1,A-B,2,optimized,192,gf_sqr,6,144,0x2bf8b731
1,A-B,2,optimized,192,gf_sqr,7,144,0x2bf8b731
1,A-B,2,optimized,192,gf_sqr,8,144,0x2bf8b731
1,A-B,2,optimized,192,gf_sqr,9,144,0x2bf8b731
1,A-B,2,optimized,192,gf_sqr,10,144,0x2bf8b731
1,A-B,2,optimized,192,gf_sqr,11,144,0x2bf8b731
1,A-B,2,optimized,192,gf_sqr,12,144,0x2bf8b731
1,A-B,2,optimized,192,gf_sqr,13,144,0x2bf8b731
1,A-B,2,optimized,192,gf_sqr,14,144,0x2bf8b731
1,A-B,2,optimized,192,gf_sqr,15,144,0x2bf8b731
1,A-B,2,optimized,192,gf_sqr,16,144,0x2bf8b731
1,A-B,2,optimized,192,gf_sqr,17,144,0x2bf8b731
1,A-B,2,optimized,192,gf_sqr,18,144,0x2bf8b731
1,A-B,2,optimized,192,gf_sqr,19,144,0x2bf8b731
1,A-B,2,optimized,192,gf_sqr,20,144,0x2bf8b731
1,A-B,2,optimized,192,gf_sqr,21,144,0x2bf8b731
1,A-B,2,optimized,192,gf_sqr,22,144,0x2bf8b731
1,A-B,2,optimized,192,gf_sqr,23,144,0x2bf8b731
1,A-B,2,optimized,192,gf_sqr,24,144,0x2bf8b731
1,A-B,2,optimized,192,gf_sqr,25,144,0x2bf8b731
1,A-B,2,optimized,192,gf_sqr,26,144,0x2bf8b731
1,A-B,2,optimized,192,gf_sqr,27,144,0x2bf8b731
1,A-B,2,optimized,192,gf_sqr,28,144,0x2bf8b731
1,A-B,2,optimized,192,gf_sqr,29,144,0x2bf8b731
1,A-B,2,optimized,192,gf_sqr,30,144,0x2bf8b731
1,A-B,2,optimized,192,gf_sqr,31,144,0x2bf8b731
1,A-B,2,optimized,192,gf_sqr,32,144,0x2bf8b731
1,A-B,2,optimized,192,gf_sqr,33,144,0x2bf8b731
1,A-B,2,optimized,192,gf_sqr,34,144,0x2bf8b731
1,A-B,2,optimized,192,gf_sqr,35,144,0x2bf8b731
1,A-B,2,optimized,192,gf_sqr,36,144,0x2bf8b731
1,A-B,2,optimized,192,gf_sqr,37,144,0x2bf8b731
1,A-B,2,optimized,192,gf_sqr,38,144,0x2bf8b731
1,A-B,2,optimized,192,gf_sqr,39,144,0x2bf8b731
1,A-B,2,optimized,192,gf_sqr,40,144,0x2bf8b731
1,A-B,2,optimized,192,gf_sqr,41,144,0x2bf8b731
1,A-B,2,optimized,192,gf_sqr,42,144,0x2bf8b731
1,A-B,2,optimized,192,gf_sqr,43,144,0x2bf8b731
1,A-B,2,optimized,192,gf_sqr,44,144,0x2bf8b731
1,A-B,2,optimized,192,gf_sqr,45,144,0x2bf8b731
1,A-B,2,optimized,192,gf_sqr,46,144,0x2bf8b731
1,A-B,2,optimized,192,gf_sqr,47,144,0x2bf8b731
1,A-B,2,optimized,192,gf_sqr,48,144,0x2bf8b731
1,A-B,2,optimized,192,gf_sqr,49,144,0x2bf8b731
1,A-B,1,reference,256,gf_mul,0,5933,0x283807e5
1,A-B,1,reference,256,gf_mul,1,5932,0x283807e5
1,A-B,1,reference,256,gf_mul,2,5932,0x283807e5
1,A-B,1,reference,256,gf_mul,3,5931,0x283807e5
1,A-B,1,reference,256,gf_mul,4,5931,0x283807e5
1,A-B,1,reference,256,gf_mul,5,5931,0x283807e5
1,A-B,1,reference,256,gf_mul,6,5931,0x283807e5
1,A-B,1,reference,256,gf_mul,7,5931,0x283807e5
1,A-B,1,reference,256,gf_mul,8,5931,0x283807e5
1,A-B,1,reference,256,gf_mul,9,5931,0x283807e5
1,A-B,1,reference,256,gf_mul,10,5931,0x283807e5
1,A-B,1,reference,256,gf_mul,11,5931,0x283807e5
1,A-B,1,reference,256,gf_mul,12,5931,0x283807e5
1,A-B,1,reference,256,gf_mul,13,5931,0x283807e5
1,A-B,1,reference,256,gf_mul,14,5931,0x283807e5
1,A-B,1,reference,256,gf_mul,15,5931,0x283807e5
1,A-B,1,reference,256,gf_mul,16,5931,0x283807e5
1,A-B,1,reference,256,gf_mul,17,5931,0x283807e5
1,A-B,1,reference,256,gf_mul,18,5931,0x283807e5
1,A-B,1,reference,256,gf_mul,19,5931,0x283807e5
1,A-B,1,reference,256,gf_mul,20,5931,0x283807e5
1,A-B,1,reference,256,gf_mul,21,5931,0x283807e5
1,A-B,1,reference,256,gf_mul,22,5931,0x283807e5
1,A-B,1,reference,256,gf_mul,23,5931,0x283807e5
1,A-B,1,reference,256,gf_mul,24,5931,0x283807e5
1,A-B,1,reference,256,gf_mul,25,5931,0x283807e5
1,A-B,1,reference,256,gf_mul,26,5931,0x283807e5
1,A-B,1,reference,256,gf_mul,27,5931,0x283807e5
1,A-B,1,reference,256,gf_mul,28,5931,0x283807e5
1,A-B,1,reference,256,gf_mul,29,5931,0x283807e5
1,A-B,1,reference,256,gf_mul,30,5931,0x283807e5
1,A-B,1,reference,256,gf_mul,31,5931,0x283807e5
1,A-B,1,reference,256,gf_mul,32,5931,0x283807e5
1,A-B,1,reference,256,gf_mul,33,5931,0x283807e5
1,A-B,1,reference,256,gf_mul,34,5931,0x283807e5
1,A-B,1,reference,256,gf_mul,35,5931,0x283807e5
1,A-B,1,reference,256,gf_mul,36,5931,0x283807e5
1,A-B,1,reference,256,gf_mul,37,5931,0x283807e5
1,A-B,1,reference,256,gf_mul,38,5931,0x283807e5
1,A-B,1,reference,256,gf_mul,39,5931,0x283807e5
1,A-B,1,reference,256,gf_mul,40,5931,0x283807e5
1,A-B,1,reference,256,gf_mul,41,5931,0x283807e5
1,A-B,1,reference,256,gf_mul,42,5931,0x283807e5
1,A-B,1,reference,256,gf_mul,43,5931,0x283807e5
1,A-B,1,reference,256,gf_mul,44,5931,0x283807e5
1,A-B,1,reference,256,gf_mul,45,5931,0x283807e5
1,A-B,1,reference,256,gf_mul,46,5931,0x283807e5
1,A-B,1,reference,256,gf_mul,47,5931,0x283807e5
1,A-B,1,reference,256,gf_mul,48,5931,0x283807e5
1,A-B,1,reference,256,gf_mul,49,5931,0x283807e5
1,A-B,1,reference,256,gf_sqr,0,203,0x283807e5
1,A-B,1,reference,256,gf_sqr,1,202,0x283807e5
1,A-B,1,reference,256,gf_sqr,2,203,0x283807e5
1,A-B,1,reference,256,gf_sqr,3,202,0x283807e5
1,A-B,1,reference,256,gf_sqr,4,202,0x283807e5
1,A-B,1,reference,256,gf_sqr,5,202,0x283807e5
1,A-B,1,reference,256,gf_sqr,6,202,0x283807e5
1,A-B,1,reference,256,gf_sqr,7,202,0x283807e5
1,A-B,1,reference,256,gf_sqr,8,202,0x283807e5
1,A-B,1,reference,256,gf_sqr,9,202,0x283807e5
1,A-B,1,reference,256,gf_sqr,10,202,0x283807e5
1,A-B,1,reference,256,gf_sqr,11,202,0x283807e5
1,A-B,1,reference,256,gf_sqr,12,202,0x283807e5
1,A-B,1,reference,256,gf_sqr,13,202,0x283807e5
1,A-B,1,reference,256,gf_sqr,14,202,0x283807e5
1,A-B,1,reference,256,gf_sqr,15,202,0x283807e5
1,A-B,1,reference,256,gf_sqr,16,202,0x283807e5
1,A-B,1,reference,256,gf_sqr,17,202,0x283807e5
1,A-B,1,reference,256,gf_sqr,18,202,0x283807e5
1,A-B,1,reference,256,gf_sqr,19,202,0x283807e5
1,A-B,1,reference,256,gf_sqr,20,202,0x283807e5
1,A-B,1,reference,256,gf_sqr,21,202,0x283807e5
1,A-B,1,reference,256,gf_sqr,22,202,0x283807e5
1,A-B,1,reference,256,gf_sqr,23,202,0x283807e5
1,A-B,1,reference,256,gf_sqr,24,202,0x283807e5
1,A-B,1,reference,256,gf_sqr,25,202,0x283807e5
1,A-B,1,reference,256,gf_sqr,26,202,0x283807e5
1,A-B,1,reference,256,gf_sqr,27,202,0x283807e5
1,A-B,1,reference,256,gf_sqr,28,202,0x283807e5
1,A-B,1,reference,256,gf_sqr,29,202,0x283807e5
1,A-B,1,reference,256,gf_sqr,30,202,0x283807e5
1,A-B,1,reference,256,gf_sqr,31,202,0x283807e5
1,A-B,1,reference,256,gf_sqr,32,202,0x283807e5
1,A-B,1,reference,256,gf_sqr,33,202,0x283807e5
1,A-B,1,reference,256,gf_sqr,34,202,0x283807e5
1,A-B,1,reference,256,gf_sqr,35,202,0x283807e5
1,A-B,1,reference,256,gf_sqr,36,202,0x283807e5
1,A-B,1,reference,256,gf_sqr,37,202,0x283807e5
1,A-B,1,reference,256,gf_sqr,38,202,0x283807e5
1,A-B,1,reference,256,gf_sqr,39,202,0x283807e5
1,A-B,1,reference,256,gf_sqr,40,202,0x283807e5
1,A-B,1,reference,256,gf_sqr,41,202,0x283807e5
1,A-B,1,reference,256,gf_sqr,42,202,0x283807e5
1,A-B,1,reference,256,gf_sqr,43,202,0x283807e5
1,A-B,1,reference,256,gf_sqr,44,202,0x283807e5
1,A-B,1,reference,256,gf_sqr,45,202,0x283807e5
1,A-B,1,reference,256,gf_sqr,46,202,0x283807e5
1,A-B,1,reference,256,gf_sqr,47,202,0x283807e5
1,A-B,1,reference,256,gf_sqr,48,202,0x283807e5
1,A-B,1,reference,256,gf_sqr,49,202,0x283807e5
1,A-B,2,optimized,256,gf_mul,0,5942,0x283807e5
1,A-B,2,optimized,256,gf_mul,1,5940,0x283807e5
1,A-B,2,optimized,256,gf_mul,2,5941,0x283807e5
1,A-B,2,optimized,256,gf_mul,3,5940,0x283807e5
1,A-B,2,optimized,256,gf_mul,4,5940,0x283807e5
1,A-B,2,optimized,256,gf_mul,5,5940,0x283807e5
1,A-B,2,optimized,256,gf_mul,6,5940,0x283807e5
1,A-B,2,optimized,256,gf_mul,7,5940,0x283807e5
1,A-B,2,optimized,256,gf_mul,8,5940,0x283807e5
1,A-B,2,optimized,256,gf_mul,9,5940,0x283807e5
1,A-B,2,optimized,256,gf_mul,10,5940,0x283807e5
1,A-B,2,optimized,256,gf_mul,11,5940,0x283807e5
1,A-B,2,optimized,256,gf_mul,12,5940,0x283807e5
1,A-B,2,optimized,256,gf_mul,13,5940,0x283807e5
1,A-B,2,optimized,256,gf_mul,14,5940,0x283807e5
1,A-B,2,optimized,256,gf_mul,15,5940,0x283807e5
1,A-B,2,optimized,256,gf_mul,16,5940,0x283807e5
1,A-B,2,optimized,256,gf_mul,17,5940,0x283807e5
1,A-B,2,optimized,256,gf_mul,18,5940,0x283807e5
1,A-B,2,optimized,256,gf_mul,19,5940,0x283807e5
1,A-B,2,optimized,256,gf_mul,20,5940,0x283807e5
1,A-B,2,optimized,256,gf_mul,21,5940,0x283807e5
1,A-B,2,optimized,256,gf_mul,22,5940,0x283807e5
1,A-B,2,optimized,256,gf_mul,23,5940,0x283807e5
1,A-B,2,optimized,256,gf_mul,24,5940,0x283807e5
1,A-B,2,optimized,256,gf_mul,25,5940,0x283807e5
1,A-B,2,optimized,256,gf_mul,26,5940,0x283807e5
1,A-B,2,optimized,256,gf_mul,27,5940,0x283807e5
1,A-B,2,optimized,256,gf_mul,28,5940,0x283807e5
1,A-B,2,optimized,256,gf_mul,29,5940,0x283807e5
1,A-B,2,optimized,256,gf_mul,30,5940,0x283807e5
1,A-B,2,optimized,256,gf_mul,31,5940,0x283807e5
1,A-B,2,optimized,256,gf_mul,32,5940,0x283807e5
1,A-B,2,optimized,256,gf_mul,33,5940,0x283807e5
1,A-B,2,optimized,256,gf_mul,34,5940,0x283807e5
1,A-B,2,optimized,256,gf_mul,35,5940,0x283807e5
1,A-B,2,optimized,256,gf_mul,36,5940,0x283807e5
1,A-B,2,optimized,256,gf_mul,37,5940,0x283807e5
1,A-B,2,optimized,256,gf_mul,38,5940,0x283807e5
1,A-B,2,optimized,256,gf_mul,39,5940,0x283807e5
1,A-B,2,optimized,256,gf_mul,40,5940,0x283807e5
1,A-B,2,optimized,256,gf_mul,41,5940,0x283807e5
1,A-B,2,optimized,256,gf_mul,42,5940,0x283807e5
1,A-B,2,optimized,256,gf_mul,43,5940,0x283807e5
1,A-B,2,optimized,256,gf_mul,44,5940,0x283807e5
1,A-B,2,optimized,256,gf_mul,45,5940,0x283807e5
1,A-B,2,optimized,256,gf_mul,46,5940,0x283807e5
1,A-B,2,optimized,256,gf_mul,47,5940,0x283807e5
1,A-B,2,optimized,256,gf_mul,48,5940,0x283807e5
1,A-B,2,optimized,256,gf_mul,49,5940,0x283807e5
1,A-B,2,optimized,256,gf_sqr,0,202,0x283807e5
1,A-B,2,optimized,256,gf_sqr,1,200,0x283807e5
1,A-B,2,optimized,256,gf_sqr,2,201,0x283807e5
1,A-B,2,optimized,256,gf_sqr,3,200,0x283807e5
1,A-B,2,optimized,256,gf_sqr,4,200,0x283807e5
1,A-B,2,optimized,256,gf_sqr,5,200,0x283807e5
1,A-B,2,optimized,256,gf_sqr,6,200,0x283807e5
1,A-B,2,optimized,256,gf_sqr,7,200,0x283807e5
1,A-B,2,optimized,256,gf_sqr,8,200,0x283807e5
1,A-B,2,optimized,256,gf_sqr,9,200,0x283807e5
1,A-B,2,optimized,256,gf_sqr,10,200,0x283807e5
1,A-B,2,optimized,256,gf_sqr,11,200,0x283807e5
1,A-B,2,optimized,256,gf_sqr,12,200,0x283807e5
1,A-B,2,optimized,256,gf_sqr,13,200,0x283807e5
1,A-B,2,optimized,256,gf_sqr,14,200,0x283807e5
1,A-B,2,optimized,256,gf_sqr,15,200,0x283807e5
1,A-B,2,optimized,256,gf_sqr,16,200,0x283807e5
1,A-B,2,optimized,256,gf_sqr,17,200,0x283807e5
1,A-B,2,optimized,256,gf_sqr,18,200,0x283807e5
1,A-B,2,optimized,256,gf_sqr,19,200,0x283807e5
1,A-B,2,optimized,256,gf_sqr,20,200,0x283807e5
1,A-B,2,optimized,256,gf_sqr,21,200,0x283807e5
1,A-B,2,optimized,256,gf_sqr,22,200,0x283807e5
1,A-B,2,optimized,256,gf_sqr,23,200,0x283807e5
1,A-B,2,optimized,256,gf_sqr,24,200,0x283807e5
1,A-B,2,optimized,256,gf_sqr,25,200,0x283807e5
1,A-B,2,optimized,256,gf_sqr,26,200,0x283807e5
1,A-B,2,optimized,256,gf_sqr,27,200,0x283807e5
1,A-B,2,optimized,256,gf_sqr,28,200,0x283807e5
1,A-B,2,optimized,256,gf_sqr,29,200,0x283807e5
1,A-B,2,optimized,256,gf_sqr,30,200,0x283807e5
1,A-B,2,optimized,256,gf_sqr,31,200,0x283807e5
1,A-B,2,optimized,256,gf_sqr,32,200,0x283807e5
1,A-B,2,optimized,256,gf_sqr,33,200,0x283807e5
1,A-B,2,optimized,256,gf_sqr,34,200,0x283807e5
1,A-B,2,optimized,256,gf_sqr,35,200,0x283807e5
1,A-B,2,optimized,256,gf_sqr,36,200,0x283807e5
1,A-B,2,optimized,256,gf_sqr,37,200,0x283807e5
1,A-B,2,optimized,256,gf_sqr,38,200,0x283807e5
1,A-B,2,optimized,256,gf_sqr,39,200,0x283807e5
1,A-B,2,optimized,256,gf_sqr,40,200,0x283807e5
1,A-B,2,optimized,256,gf_sqr,41,200,0x283807e5
1,A-B,2,optimized,256,gf_sqr,42,200,0x283807e5
1,A-B,2,optimized,256,gf_sqr,43,200,0x283807e5
1,A-B,2,optimized,256,gf_sqr,44,200,0x283807e5
1,A-B,2,optimized,256,gf_sqr,45,200,0x283807e5
1,A-B,2,optimized,256,gf_sqr,46,200,0x283807e5
1,A-B,2,optimized,256,gf_sqr,47,200,0x283807e5
1,A-B,2,optimized,256,gf_sqr,48,200,0x283807e5
1,A-B,2,optimized,256,gf_sqr,49,200,0x283807e5
2,B-A,1,optimized,128,gf_mul,0,1969,0x54cada71
2,B-A,1,optimized,128,gf_mul,1,1968,0x54cada71
2,B-A,1,optimized,128,gf_mul,2,1968,0x54cada71
2,B-A,1,optimized,128,gf_mul,3,1967,0x54cada71
2,B-A,1,optimized,128,gf_mul,4,1967,0x54cada71
2,B-A,1,optimized,128,gf_mul,5,1967,0x54cada71
2,B-A,1,optimized,128,gf_mul,6,1967,0x54cada71
2,B-A,1,optimized,128,gf_mul,7,1967,0x54cada71
2,B-A,1,optimized,128,gf_mul,8,1967,0x54cada71
2,B-A,1,optimized,128,gf_mul,9,1967,0x54cada71
2,B-A,1,optimized,128,gf_mul,10,1967,0x54cada71
2,B-A,1,optimized,128,gf_mul,11,1967,0x54cada71
2,B-A,1,optimized,128,gf_mul,12,1967,0x54cada71
2,B-A,1,optimized,128,gf_mul,13,1967,0x54cada71
2,B-A,1,optimized,128,gf_mul,14,1967,0x54cada71
2,B-A,1,optimized,128,gf_mul,15,1967,0x54cada71
2,B-A,1,optimized,128,gf_mul,16,1967,0x54cada71
2,B-A,1,optimized,128,gf_mul,17,1967,0x54cada71
2,B-A,1,optimized,128,gf_mul,18,1967,0x54cada71
2,B-A,1,optimized,128,gf_mul,19,1967,0x54cada71
2,B-A,1,optimized,128,gf_mul,20,1967,0x54cada71
2,B-A,1,optimized,128,gf_mul,21,1967,0x54cada71
2,B-A,1,optimized,128,gf_mul,22,1967,0x54cada71
2,B-A,1,optimized,128,gf_mul,23,1967,0x54cada71
2,B-A,1,optimized,128,gf_mul,24,1967,0x54cada71
2,B-A,1,optimized,128,gf_mul,25,1967,0x54cada71
2,B-A,1,optimized,128,gf_mul,26,1967,0x54cada71
2,B-A,1,optimized,128,gf_mul,27,1967,0x54cada71
2,B-A,1,optimized,128,gf_mul,28,1967,0x54cada71
2,B-A,1,optimized,128,gf_mul,29,1967,0x54cada71
2,B-A,1,optimized,128,gf_mul,30,1967,0x54cada71
2,B-A,1,optimized,128,gf_mul,31,1967,0x54cada71
2,B-A,1,optimized,128,gf_mul,32,1967,0x54cada71
2,B-A,1,optimized,128,gf_mul,33,1967,0x54cada71
2,B-A,1,optimized,128,gf_mul,34,1967,0x54cada71
2,B-A,1,optimized,128,gf_mul,35,1967,0x54cada71
2,B-A,1,optimized,128,gf_mul,36,1967,0x54cada71
2,B-A,1,optimized,128,gf_mul,37,1967,0x54cada71
2,B-A,1,optimized,128,gf_mul,38,1967,0x54cada71
2,B-A,1,optimized,128,gf_mul,39,1967,0x54cada71
2,B-A,1,optimized,128,gf_mul,40,1967,0x54cada71
2,B-A,1,optimized,128,gf_mul,41,1967,0x54cada71
2,B-A,1,optimized,128,gf_mul,42,1967,0x54cada71
2,B-A,1,optimized,128,gf_mul,43,1967,0x54cada71
2,B-A,1,optimized,128,gf_mul,44,1967,0x54cada71
2,B-A,1,optimized,128,gf_mul,45,1967,0x54cada71
2,B-A,1,optimized,128,gf_mul,46,1967,0x54cada71
2,B-A,1,optimized,128,gf_mul,47,1967,0x54cada71
2,B-A,1,optimized,128,gf_mul,48,1967,0x54cada71
2,B-A,1,optimized,128,gf_mul,49,1967,0x54cada71
2,B-A,1,optimized,128,gf_sqr,0,107,0x54cada71
2,B-A,1,optimized,128,gf_sqr,1,107,0x54cada71
2,B-A,1,optimized,128,gf_sqr,2,107,0x54cada71
2,B-A,1,optimized,128,gf_sqr,3,106,0x54cada71
2,B-A,1,optimized,128,gf_sqr,4,106,0x54cada71
2,B-A,1,optimized,128,gf_sqr,5,106,0x54cada71
2,B-A,1,optimized,128,gf_sqr,6,106,0x54cada71
2,B-A,1,optimized,128,gf_sqr,7,106,0x54cada71
2,B-A,1,optimized,128,gf_sqr,8,106,0x54cada71
2,B-A,1,optimized,128,gf_sqr,9,106,0x54cada71
2,B-A,1,optimized,128,gf_sqr,10,106,0x54cada71
2,B-A,1,optimized,128,gf_sqr,11,106,0x54cada71
2,B-A,1,optimized,128,gf_sqr,12,106,0x54cada71
2,B-A,1,optimized,128,gf_sqr,13,106,0x54cada71
2,B-A,1,optimized,128,gf_sqr,14,106,0x54cada71
2,B-A,1,optimized,128,gf_sqr,15,106,0x54cada71
2,B-A,1,optimized,128,gf_sqr,16,106,0x54cada71
2,B-A,1,optimized,128,gf_sqr,17,106,0x54cada71
2,B-A,1,optimized,128,gf_sqr,18,106,0x54cada71
2,B-A,1,optimized,128,gf_sqr,19,106,0x54cada71
2,B-A,1,optimized,128,gf_sqr,20,106,0x54cada71
2,B-A,1,optimized,128,gf_sqr,21,106,0x54cada71
2,B-A,1,optimized,128,gf_sqr,22,106,0x54cada71
2,B-A,1,optimized,128,gf_sqr,23,106,0x54cada71
2,B-A,1,optimized,128,gf_sqr,24,106,0x54cada71
2,B-A,1,optimized,128,gf_sqr,25,106,0x54cada71
2,B-A,1,optimized,128,gf_sqr,26,106,0x54cada71
2,B-A,1,optimized,128,gf_sqr,27,106,0x54cada71
2,B-A,1,optimized,128,gf_sqr,28,106,0x54cada71
2,B-A,1,optimized,128,gf_sqr,29,106,0x54cada71
2,B-A,1,optimized,128,gf_sqr,30,106,0x54cada71
2,B-A,1,optimized,128,gf_sqr,31,106,0x54cada71
2,B-A,1,optimized,128,gf_sqr,32,106,0x54cada71
2,B-A,1,optimized,128,gf_sqr,33,106,0x54cada71
2,B-A,1,optimized,128,gf_sqr,34,106,0x54cada71
2,B-A,1,optimized,128,gf_sqr,35,106,0x54cada71
2,B-A,1,optimized,128,gf_sqr,36,106,0x54cada71
2,B-A,1,optimized,128,gf_sqr,37,106,0x54cada71
2,B-A,1,optimized,128,gf_sqr,38,106,0x54cada71
2,B-A,1,optimized,128,gf_sqr,39,106,0x54cada71
2,B-A,1,optimized,128,gf_sqr,40,106,0x54cada71
2,B-A,1,optimized,128,gf_sqr,41,106,0x54cada71
2,B-A,1,optimized,128,gf_sqr,42,106,0x54cada71
2,B-A,1,optimized,128,gf_sqr,43,106,0x54cada71
2,B-A,1,optimized,128,gf_sqr,44,106,0x54cada71
2,B-A,1,optimized,128,gf_sqr,45,106,0x54cada71
2,B-A,1,optimized,128,gf_sqr,46,106,0x54cada71
2,B-A,1,optimized,128,gf_sqr,47,106,0x54cada71
2,B-A,1,optimized,128,gf_sqr,48,106,0x54cada71
2,B-A,1,optimized,128,gf_sqr,49,106,0x54cada71
2,B-A,2,reference,128,gf_mul,0,1969,0x54cada71
2,B-A,2,reference,128,gf_mul,1,1965,0x54cada71
2,B-A,2,reference,128,gf_mul,2,1965,0x54cada71
2,B-A,2,reference,128,gf_mul,3,1964,0x54cada71
2,B-A,2,reference,128,gf_mul,4,1964,0x54cada71
2,B-A,2,reference,128,gf_mul,5,1964,0x54cada71
2,B-A,2,reference,128,gf_mul,6,1964,0x54cada71
2,B-A,2,reference,128,gf_mul,7,1964,0x54cada71
2,B-A,2,reference,128,gf_mul,8,1964,0x54cada71
2,B-A,2,reference,128,gf_mul,9,1964,0x54cada71
2,B-A,2,reference,128,gf_mul,10,1964,0x54cada71
2,B-A,2,reference,128,gf_mul,11,1964,0x54cada71
2,B-A,2,reference,128,gf_mul,12,1964,0x54cada71
2,B-A,2,reference,128,gf_mul,13,1964,0x54cada71
2,B-A,2,reference,128,gf_mul,14,1964,0x54cada71
2,B-A,2,reference,128,gf_mul,15,1964,0x54cada71
2,B-A,2,reference,128,gf_mul,16,1964,0x54cada71
2,B-A,2,reference,128,gf_mul,17,1964,0x54cada71
2,B-A,2,reference,128,gf_mul,18,1964,0x54cada71
2,B-A,2,reference,128,gf_mul,19,1964,0x54cada71
2,B-A,2,reference,128,gf_mul,20,1964,0x54cada71
2,B-A,2,reference,128,gf_mul,21,1964,0x54cada71
2,B-A,2,reference,128,gf_mul,22,1964,0x54cada71
2,B-A,2,reference,128,gf_mul,23,1964,0x54cada71
2,B-A,2,reference,128,gf_mul,24,1964,0x54cada71
2,B-A,2,reference,128,gf_mul,25,1964,0x54cada71
2,B-A,2,reference,128,gf_mul,26,1964,0x54cada71
2,B-A,2,reference,128,gf_mul,27,1964,0x54cada71
2,B-A,2,reference,128,gf_mul,28,1964,0x54cada71
2,B-A,2,reference,128,gf_mul,29,1964,0x54cada71
2,B-A,2,reference,128,gf_mul,30,1964,0x54cada71
2,B-A,2,reference,128,gf_mul,31,1964,0x54cada71
2,B-A,2,reference,128,gf_mul,32,1964,0x54cada71
2,B-A,2,reference,128,gf_mul,33,1964,0x54cada71
2,B-A,2,reference,128,gf_mul,34,1964,0x54cada71
2,B-A,2,reference,128,gf_mul,35,1964,0x54cada71
2,B-A,2,reference,128,gf_mul,36,1964,0x54cada71
2,B-A,2,reference,128,gf_mul,37,1964,0x54cada71
2,B-A,2,reference,128,gf_mul,38,1964,0x54cada71
2,B-A,2,reference,128,gf_mul,39,1964,0x54cada71
2,B-A,2,reference,128,gf_mul,40,1964,0x54cada71
2,B-A,2,reference,128,gf_mul,41,1964,0x54cada71
2,B-A,2,reference,128,gf_mul,42,1964,0x54cada71
2,B-A,2,reference,128,gf_mul,43,1964,0x54cada71
2,B-A,2,reference,128,gf_mul,44,1964,0x54cada71
2,B-A,2,reference,128,gf_mul,45,1964,0x54cada71
2,B-A,2,reference,128,gf_mul,46,1964,0x54cada71
2,B-A,2,reference,128,gf_mul,47,1964,0x54cada71
2,B-A,2,reference,128,gf_mul,48,1964,0x54cada71
2,B-A,2,reference,128,gf_mul,49,1964,0x54cada71
2,B-A,2,reference,128,gf_sqr,0,107,0x54cada71
2,B-A,2,reference,128,gf_sqr,1,103,0x54cada71
2,B-A,2,reference,128,gf_sqr,2,103,0x54cada71
2,B-A,2,reference,128,gf_sqr,3,102,0x54cada71
2,B-A,2,reference,128,gf_sqr,4,102,0x54cada71
2,B-A,2,reference,128,gf_sqr,5,102,0x54cada71
2,B-A,2,reference,128,gf_sqr,6,102,0x54cada71
2,B-A,2,reference,128,gf_sqr,7,102,0x54cada71
2,B-A,2,reference,128,gf_sqr,8,102,0x54cada71
2,B-A,2,reference,128,gf_sqr,9,102,0x54cada71
2,B-A,2,reference,128,gf_sqr,10,102,0x54cada71
2,B-A,2,reference,128,gf_sqr,11,102,0x54cada71
2,B-A,2,reference,128,gf_sqr,12,102,0x54cada71
2,B-A,2,reference,128,gf_sqr,13,102,0x54cada71
2,B-A,2,reference,128,gf_sqr,14,102,0x54cada71
2,B-A,2,reference,128,gf_sqr,15,102,0x54cada71
2,B-A,2,reference,128,gf_sqr,16,102,0x54cada71
2,B-A,2,reference,128,gf_sqr,17,102,0x54cada71
2,B-A,2,reference,128,gf_sqr,18,102,0x54cada71
2,B-A,2,reference,128,gf_sqr,19,102,0x54cada71
2,B-A,2,reference,128,gf_sqr,20,102,0x54cada71
2,B-A,2,reference,128,gf_sqr,21,102,0x54cada71
2,B-A,2,reference,128,gf_sqr,22,102,0x54cada71
2,B-A,2,reference,128,gf_sqr,23,102,0x54cada71
2,B-A,2,reference,128,gf_sqr,24,102,0x54cada71
2,B-A,2,reference,128,gf_sqr,25,102,0x54cada71
2,B-A,2,reference,128,gf_sqr,26,102,0x54cada71
2,B-A,2,reference,128,gf_sqr,27,102,0x54cada71
2,B-A,2,reference,128,gf_sqr,28,102,0x54cada71
2,B-A,2,reference,128,gf_sqr,29,102,0x54cada71
2,B-A,2,reference,128,gf_sqr,30,102,0x54cada71
2,B-A,2,reference,128,gf_sqr,31,102,0x54cada71
2,B-A,2,reference,128,gf_sqr,32,102,0x54cada71
2,B-A,2,reference,128,gf_sqr,33,102,0x54cada71
2,B-A,2,reference,128,gf_sqr,34,102,0x54cada71
2,B-A,2,reference,128,gf_sqr,35,102,0x54cada71
2,B-A,2,reference,128,gf_sqr,36,102,0x54cada71
2,B-A,2,reference,128,gf_sqr,37,102,0x54cada71
2,B-A,2,reference,128,gf_sqr,38,102,0x54cada71
2,B-A,2,reference,128,gf_sqr,39,102,0x54cada71
2,B-A,2,reference,128,gf_sqr,40,102,0x54cada71
2,B-A,2,reference,128,gf_sqr,41,102,0x54cada71
2,B-A,2,reference,128,gf_sqr,42,102,0x54cada71
2,B-A,2,reference,128,gf_sqr,43,102,0x54cada71
2,B-A,2,reference,128,gf_sqr,44,102,0x54cada71
2,B-A,2,reference,128,gf_sqr,45,102,0x54cada71
2,B-A,2,reference,128,gf_sqr,46,102,0x54cada71
2,B-A,2,reference,128,gf_sqr,47,102,0x54cada71
2,B-A,2,reference,128,gf_sqr,48,102,0x54cada71
2,B-A,2,reference,128,gf_sqr,49,102,0x54cada71
2,B-A,1,optimized,192,gf_mul,0,3927,0x2bf8b731
2,B-A,1,optimized,192,gf_mul,1,3927,0x2bf8b731
2,B-A,1,optimized,192,gf_mul,2,3927,0x2bf8b731
2,B-A,1,optimized,192,gf_mul,3,3926,0x2bf8b731
2,B-A,1,optimized,192,gf_mul,4,3926,0x2bf8b731
2,B-A,1,optimized,192,gf_mul,5,3926,0x2bf8b731
2,B-A,1,optimized,192,gf_mul,6,3926,0x2bf8b731
2,B-A,1,optimized,192,gf_mul,7,3926,0x2bf8b731
2,B-A,1,optimized,192,gf_mul,8,3926,0x2bf8b731
2,B-A,1,optimized,192,gf_mul,9,3926,0x2bf8b731
2,B-A,1,optimized,192,gf_mul,10,3926,0x2bf8b731
2,B-A,1,optimized,192,gf_mul,11,3926,0x2bf8b731
2,B-A,1,optimized,192,gf_mul,12,3926,0x2bf8b731
2,B-A,1,optimized,192,gf_mul,13,3926,0x2bf8b731
2,B-A,1,optimized,192,gf_mul,14,3926,0x2bf8b731
2,B-A,1,optimized,192,gf_mul,15,3926,0x2bf8b731
2,B-A,1,optimized,192,gf_mul,16,3926,0x2bf8b731
2,B-A,1,optimized,192,gf_mul,17,3926,0x2bf8b731
2,B-A,1,optimized,192,gf_mul,18,3926,0x2bf8b731
2,B-A,1,optimized,192,gf_mul,19,3926,0x2bf8b731
2,B-A,1,optimized,192,gf_mul,20,3926,0x2bf8b731
2,B-A,1,optimized,192,gf_mul,21,3926,0x2bf8b731
2,B-A,1,optimized,192,gf_mul,22,3926,0x2bf8b731
2,B-A,1,optimized,192,gf_mul,23,3926,0x2bf8b731
2,B-A,1,optimized,192,gf_mul,24,3926,0x2bf8b731
2,B-A,1,optimized,192,gf_mul,25,3926,0x2bf8b731
2,B-A,1,optimized,192,gf_mul,26,3926,0x2bf8b731
2,B-A,1,optimized,192,gf_mul,27,3926,0x2bf8b731
2,B-A,1,optimized,192,gf_mul,28,3926,0x2bf8b731
2,B-A,1,optimized,192,gf_mul,29,3926,0x2bf8b731
2,B-A,1,optimized,192,gf_mul,30,3926,0x2bf8b731
2,B-A,1,optimized,192,gf_mul,31,3926,0x2bf8b731
2,B-A,1,optimized,192,gf_mul,32,3926,0x2bf8b731
2,B-A,1,optimized,192,gf_mul,33,3926,0x2bf8b731
2,B-A,1,optimized,192,gf_mul,34,3926,0x2bf8b731
2,B-A,1,optimized,192,gf_mul,35,3926,0x2bf8b731
2,B-A,1,optimized,192,gf_mul,36,3926,0x2bf8b731
2,B-A,1,optimized,192,gf_mul,37,3926,0x2bf8b731
2,B-A,1,optimized,192,gf_mul,38,3926,0x2bf8b731
2,B-A,1,optimized,192,gf_mul,39,3926,0x2bf8b731
2,B-A,1,optimized,192,gf_mul,40,3926,0x2bf8b731
2,B-A,1,optimized,192,gf_mul,41,3926,0x2bf8b731
2,B-A,1,optimized,192,gf_mul,42,3926,0x2bf8b731
2,B-A,1,optimized,192,gf_mul,43,3926,0x2bf8b731
2,B-A,1,optimized,192,gf_mul,44,3926,0x2bf8b731
2,B-A,1,optimized,192,gf_mul,45,3926,0x2bf8b731
2,B-A,1,optimized,192,gf_mul,46,3926,0x2bf8b731
2,B-A,1,optimized,192,gf_mul,47,3926,0x2bf8b731
2,B-A,1,optimized,192,gf_mul,48,3926,0x2bf8b731
2,B-A,1,optimized,192,gf_mul,49,3926,0x2bf8b731
2,B-A,1,optimized,192,gf_sqr,0,144,0x2bf8b731
2,B-A,1,optimized,192,gf_sqr,1,144,0x2bf8b731
2,B-A,1,optimized,192,gf_sqr,2,143,0x2bf8b731
2,B-A,1,optimized,192,gf_sqr,3,144,0x2bf8b731
2,B-A,1,optimized,192,gf_sqr,4,144,0x2bf8b731
2,B-A,1,optimized,192,gf_sqr,5,144,0x2bf8b731
2,B-A,1,optimized,192,gf_sqr,6,144,0x2bf8b731
2,B-A,1,optimized,192,gf_sqr,7,144,0x2bf8b731
2,B-A,1,optimized,192,gf_sqr,8,144,0x2bf8b731
2,B-A,1,optimized,192,gf_sqr,9,144,0x2bf8b731
2,B-A,1,optimized,192,gf_sqr,10,144,0x2bf8b731
2,B-A,1,optimized,192,gf_sqr,11,144,0x2bf8b731
2,B-A,1,optimized,192,gf_sqr,12,144,0x2bf8b731
2,B-A,1,optimized,192,gf_sqr,13,144,0x2bf8b731
2,B-A,1,optimized,192,gf_sqr,14,144,0x2bf8b731
2,B-A,1,optimized,192,gf_sqr,15,144,0x2bf8b731
2,B-A,1,optimized,192,gf_sqr,16,144,0x2bf8b731
2,B-A,1,optimized,192,gf_sqr,17,144,0x2bf8b731
2,B-A,1,optimized,192,gf_sqr,18,144,0x2bf8b731
2,B-A,1,optimized,192,gf_sqr,19,144,0x2bf8b731
2,B-A,1,optimized,192,gf_sqr,20,144,0x2bf8b731
2,B-A,1,optimized,192,gf_sqr,21,144,0x2bf8b731
2,B-A,1,optimized,192,gf_sqr,22,144,0x2bf8b731
2,B-A,1,optimized,192,gf_sqr,23,144,0x2bf8b731
2,B-A,1,optimized,192,gf_sqr,24,144,0x2bf8b731
2,B-A,1,optimized,192,gf_sqr,25,144,0x2bf8b731
2,B-A,1,optimized,192,gf_sqr,26,144,0x2bf8b731
2,B-A,1,optimized,192,gf_sqr,27,144,0x2bf8b731
2,B-A,1,optimized,192,gf_sqr,28,144,0x2bf8b731
2,B-A,1,optimized,192,gf_sqr,29,144,0x2bf8b731
2,B-A,1,optimized,192,gf_sqr,30,144,0x2bf8b731
2,B-A,1,optimized,192,gf_sqr,31,144,0x2bf8b731
2,B-A,1,optimized,192,gf_sqr,32,144,0x2bf8b731
2,B-A,1,optimized,192,gf_sqr,33,144,0x2bf8b731
2,B-A,1,optimized,192,gf_sqr,34,144,0x2bf8b731
2,B-A,1,optimized,192,gf_sqr,35,144,0x2bf8b731
2,B-A,1,optimized,192,gf_sqr,36,144,0x2bf8b731
2,B-A,1,optimized,192,gf_sqr,37,144,0x2bf8b731
2,B-A,1,optimized,192,gf_sqr,38,144,0x2bf8b731
2,B-A,1,optimized,192,gf_sqr,39,144,0x2bf8b731
2,B-A,1,optimized,192,gf_sqr,40,144,0x2bf8b731
2,B-A,1,optimized,192,gf_sqr,41,144,0x2bf8b731
2,B-A,1,optimized,192,gf_sqr,42,144,0x2bf8b731
2,B-A,1,optimized,192,gf_sqr,43,144,0x2bf8b731
2,B-A,1,optimized,192,gf_sqr,44,144,0x2bf8b731
2,B-A,1,optimized,192,gf_sqr,45,144,0x2bf8b731
2,B-A,1,optimized,192,gf_sqr,46,144,0x2bf8b731
2,B-A,1,optimized,192,gf_sqr,47,144,0x2bf8b731
2,B-A,1,optimized,192,gf_sqr,48,144,0x2bf8b731
2,B-A,1,optimized,192,gf_sqr,49,144,0x2bf8b731
2,B-A,2,reference,192,gf_mul,0,3927,0x2bf8b731
2,B-A,2,reference,192,gf_mul,1,3927,0x2bf8b731
2,B-A,2,reference,192,gf_mul,2,3927,0x2bf8b731
2,B-A,2,reference,192,gf_mul,3,3926,0x2bf8b731
2,B-A,2,reference,192,gf_mul,4,3926,0x2bf8b731
2,B-A,2,reference,192,gf_mul,5,3926,0x2bf8b731
2,B-A,2,reference,192,gf_mul,6,3926,0x2bf8b731
2,B-A,2,reference,192,gf_mul,7,3926,0x2bf8b731
2,B-A,2,reference,192,gf_mul,8,3926,0x2bf8b731
2,B-A,2,reference,192,gf_mul,9,3926,0x2bf8b731
2,B-A,2,reference,192,gf_mul,10,3926,0x2bf8b731
2,B-A,2,reference,192,gf_mul,11,3926,0x2bf8b731
2,B-A,2,reference,192,gf_mul,12,3926,0x2bf8b731
2,B-A,2,reference,192,gf_mul,13,3926,0x2bf8b731
2,B-A,2,reference,192,gf_mul,14,3926,0x2bf8b731
2,B-A,2,reference,192,gf_mul,15,3926,0x2bf8b731
2,B-A,2,reference,192,gf_mul,16,3926,0x2bf8b731
2,B-A,2,reference,192,gf_mul,17,3926,0x2bf8b731
2,B-A,2,reference,192,gf_mul,18,3926,0x2bf8b731
2,B-A,2,reference,192,gf_mul,19,3926,0x2bf8b731
2,B-A,2,reference,192,gf_mul,20,3926,0x2bf8b731
2,B-A,2,reference,192,gf_mul,21,3926,0x2bf8b731
2,B-A,2,reference,192,gf_mul,22,3926,0x2bf8b731
2,B-A,2,reference,192,gf_mul,23,3926,0x2bf8b731
2,B-A,2,reference,192,gf_mul,24,3926,0x2bf8b731
2,B-A,2,reference,192,gf_mul,25,3926,0x2bf8b731
2,B-A,2,reference,192,gf_mul,26,3926,0x2bf8b731
2,B-A,2,reference,192,gf_mul,27,3926,0x2bf8b731
2,B-A,2,reference,192,gf_mul,28,3926,0x2bf8b731
2,B-A,2,reference,192,gf_mul,29,3926,0x2bf8b731
2,B-A,2,reference,192,gf_mul,30,3926,0x2bf8b731
2,B-A,2,reference,192,gf_mul,31,3926,0x2bf8b731
2,B-A,2,reference,192,gf_mul,32,3926,0x2bf8b731
2,B-A,2,reference,192,gf_mul,33,3926,0x2bf8b731
2,B-A,2,reference,192,gf_mul,34,3926,0x2bf8b731
2,B-A,2,reference,192,gf_mul,35,3926,0x2bf8b731
2,B-A,2,reference,192,gf_mul,36,3926,0x2bf8b731
2,B-A,2,reference,192,gf_mul,37,3926,0x2bf8b731
2,B-A,2,reference,192,gf_mul,38,3926,0x2bf8b731
2,B-A,2,reference,192,gf_mul,39,3926,0x2bf8b731
2,B-A,2,reference,192,gf_mul,40,3926,0x2bf8b731
2,B-A,2,reference,192,gf_mul,41,3926,0x2bf8b731
2,B-A,2,reference,192,gf_mul,42,3926,0x2bf8b731
2,B-A,2,reference,192,gf_mul,43,3926,0x2bf8b731
2,B-A,2,reference,192,gf_mul,44,3926,0x2bf8b731
2,B-A,2,reference,192,gf_mul,45,3926,0x2bf8b731
2,B-A,2,reference,192,gf_mul,46,3926,0x2bf8b731
2,B-A,2,reference,192,gf_mul,47,3926,0x2bf8b731
2,B-A,2,reference,192,gf_mul,48,3926,0x2bf8b731
2,B-A,2,reference,192,gf_mul,49,3926,0x2bf8b731
2,B-A,2,reference,192,gf_sqr,0,144,0x2bf8b731
2,B-A,2,reference,192,gf_sqr,1,144,0x2bf8b731
2,B-A,2,reference,192,gf_sqr,2,143,0x2bf8b731
2,B-A,2,reference,192,gf_sqr,3,144,0x2bf8b731
2,B-A,2,reference,192,gf_sqr,4,144,0x2bf8b731
2,B-A,2,reference,192,gf_sqr,5,144,0x2bf8b731
2,B-A,2,reference,192,gf_sqr,6,144,0x2bf8b731
2,B-A,2,reference,192,gf_sqr,7,144,0x2bf8b731
2,B-A,2,reference,192,gf_sqr,8,144,0x2bf8b731
2,B-A,2,reference,192,gf_sqr,9,144,0x2bf8b731
2,B-A,2,reference,192,gf_sqr,10,144,0x2bf8b731
2,B-A,2,reference,192,gf_sqr,11,144,0x2bf8b731
2,B-A,2,reference,192,gf_sqr,12,144,0x2bf8b731
2,B-A,2,reference,192,gf_sqr,13,144,0x2bf8b731
2,B-A,2,reference,192,gf_sqr,14,144,0x2bf8b731
2,B-A,2,reference,192,gf_sqr,15,144,0x2bf8b731
2,B-A,2,reference,192,gf_sqr,16,144,0x2bf8b731
2,B-A,2,reference,192,gf_sqr,17,144,0x2bf8b731
2,B-A,2,reference,192,gf_sqr,18,144,0x2bf8b731
2,B-A,2,reference,192,gf_sqr,19,144,0x2bf8b731
2,B-A,2,reference,192,gf_sqr,20,144,0x2bf8b731
2,B-A,2,reference,192,gf_sqr,21,144,0x2bf8b731
2,B-A,2,reference,192,gf_sqr,22,144,0x2bf8b731
2,B-A,2,reference,192,gf_sqr,23,144,0x2bf8b731
2,B-A,2,reference,192,gf_sqr,24,144,0x2bf8b731
2,B-A,2,reference,192,gf_sqr,25,144,0x2bf8b731
2,B-A,2,reference,192,gf_sqr,26,144,0x2bf8b731
2,B-A,2,reference,192,gf_sqr,27,144,0x2bf8b731
2,B-A,2,reference,192,gf_sqr,28,144,0x2bf8b731
2,B-A,2,reference,192,gf_sqr,29,144,0x2bf8b731
2,B-A,2,reference,192,gf_sqr,30,144,0x2bf8b731
2,B-A,2,reference,192,gf_sqr,31,144,0x2bf8b731
2,B-A,2,reference,192,gf_sqr,32,144,0x2bf8b731
2,B-A,2,reference,192,gf_sqr,33,144,0x2bf8b731
2,B-A,2,reference,192,gf_sqr,34,144,0x2bf8b731
2,B-A,2,reference,192,gf_sqr,35,144,0x2bf8b731
2,B-A,2,reference,192,gf_sqr,36,144,0x2bf8b731
2,B-A,2,reference,192,gf_sqr,37,144,0x2bf8b731
2,B-A,2,reference,192,gf_sqr,38,144,0x2bf8b731
2,B-A,2,reference,192,gf_sqr,39,144,0x2bf8b731
2,B-A,2,reference,192,gf_sqr,40,144,0x2bf8b731
2,B-A,2,reference,192,gf_sqr,41,144,0x2bf8b731
2,B-A,2,reference,192,gf_sqr,42,144,0x2bf8b731
2,B-A,2,reference,192,gf_sqr,43,144,0x2bf8b731
2,B-A,2,reference,192,gf_sqr,44,144,0x2bf8b731
2,B-A,2,reference,192,gf_sqr,45,144,0x2bf8b731
2,B-A,2,reference,192,gf_sqr,46,144,0x2bf8b731
2,B-A,2,reference,192,gf_sqr,47,144,0x2bf8b731
2,B-A,2,reference,192,gf_sqr,48,144,0x2bf8b731
2,B-A,2,reference,192,gf_sqr,49,144,0x2bf8b731
2,B-A,1,optimized,256,gf_mul,0,5942,0x283807e5
2,B-A,1,optimized,256,gf_mul,1,5940,0x283807e5
2,B-A,1,optimized,256,gf_mul,2,5941,0x283807e5
2,B-A,1,optimized,256,gf_mul,3,5940,0x283807e5
2,B-A,1,optimized,256,gf_mul,4,5940,0x283807e5
2,B-A,1,optimized,256,gf_mul,5,5940,0x283807e5
2,B-A,1,optimized,256,gf_mul,6,5940,0x283807e5
2,B-A,1,optimized,256,gf_mul,7,5940,0x283807e5
2,B-A,1,optimized,256,gf_mul,8,5940,0x283807e5
2,B-A,1,optimized,256,gf_mul,9,5940,0x283807e5
2,B-A,1,optimized,256,gf_mul,10,5940,0x283807e5
2,B-A,1,optimized,256,gf_mul,11,5940,0x283807e5
2,B-A,1,optimized,256,gf_mul,12,5940,0x283807e5
2,B-A,1,optimized,256,gf_mul,13,5940,0x283807e5
2,B-A,1,optimized,256,gf_mul,14,5940,0x283807e5
2,B-A,1,optimized,256,gf_mul,15,5940,0x283807e5
2,B-A,1,optimized,256,gf_mul,16,5940,0x283807e5
2,B-A,1,optimized,256,gf_mul,17,5940,0x283807e5
2,B-A,1,optimized,256,gf_mul,18,5940,0x283807e5
2,B-A,1,optimized,256,gf_mul,19,5940,0x283807e5
2,B-A,1,optimized,256,gf_mul,20,5940,0x283807e5
2,B-A,1,optimized,256,gf_mul,21,5940,0x283807e5
2,B-A,1,optimized,256,gf_mul,22,5940,0x283807e5
2,B-A,1,optimized,256,gf_mul,23,5940,0x283807e5
2,B-A,1,optimized,256,gf_mul,24,5940,0x283807e5
2,B-A,1,optimized,256,gf_mul,25,5940,0x283807e5
2,B-A,1,optimized,256,gf_mul,26,5940,0x283807e5
2,B-A,1,optimized,256,gf_mul,27,5940,0x283807e5
2,B-A,1,optimized,256,gf_mul,28,5940,0x283807e5
2,B-A,1,optimized,256,gf_mul,29,5940,0x283807e5
2,B-A,1,optimized,256,gf_mul,30,5940,0x283807e5
2,B-A,1,optimized,256,gf_mul,31,5940,0x283807e5
2,B-A,1,optimized,256,gf_mul,32,5940,0x283807e5
2,B-A,1,optimized,256,gf_mul,33,5940,0x283807e5
2,B-A,1,optimized,256,gf_mul,34,5940,0x283807e5
2,B-A,1,optimized,256,gf_mul,35,5940,0x283807e5
2,B-A,1,optimized,256,gf_mul,36,5940,0x283807e5
2,B-A,1,optimized,256,gf_mul,37,5940,0x283807e5
2,B-A,1,optimized,256,gf_mul,38,5940,0x283807e5
2,B-A,1,optimized,256,gf_mul,39,5940,0x283807e5
2,B-A,1,optimized,256,gf_mul,40,5940,0x283807e5
2,B-A,1,optimized,256,gf_mul,41,5940,0x283807e5
2,B-A,1,optimized,256,gf_mul,42,5940,0x283807e5
2,B-A,1,optimized,256,gf_mul,43,5940,0x283807e5
2,B-A,1,optimized,256,gf_mul,44,5940,0x283807e5
2,B-A,1,optimized,256,gf_mul,45,5940,0x283807e5
2,B-A,1,optimized,256,gf_mul,46,5940,0x283807e5
2,B-A,1,optimized,256,gf_mul,47,5940,0x283807e5
2,B-A,1,optimized,256,gf_mul,48,5940,0x283807e5
2,B-A,1,optimized,256,gf_mul,49,5940,0x283807e5
2,B-A,1,optimized,256,gf_sqr,0,202,0x283807e5
2,B-A,1,optimized,256,gf_sqr,1,200,0x283807e5
2,B-A,1,optimized,256,gf_sqr,2,201,0x283807e5
2,B-A,1,optimized,256,gf_sqr,3,200,0x283807e5
2,B-A,1,optimized,256,gf_sqr,4,200,0x283807e5
2,B-A,1,optimized,256,gf_sqr,5,200,0x283807e5
2,B-A,1,optimized,256,gf_sqr,6,200,0x283807e5
2,B-A,1,optimized,256,gf_sqr,7,200,0x283807e5
2,B-A,1,optimized,256,gf_sqr,8,200,0x283807e5
2,B-A,1,optimized,256,gf_sqr,9,200,0x283807e5
2,B-A,1,optimized,256,gf_sqr,10,200,0x283807e5
2,B-A,1,optimized,256,gf_sqr,11,200,0x283807e5
2,B-A,1,optimized,256,gf_sqr,12,200,0x283807e5
2,B-A,1,optimized,256,gf_sqr,13,200,0x283807e5
2,B-A,1,optimized,256,gf_sqr,14,200,0x283807e5
2,B-A,1,optimized,256,gf_sqr,15,200,0x283807e5
2,B-A,1,optimized,256,gf_sqr,16,200,0x283807e5
2,B-A,1,optimized,256,gf_sqr,17,200,0x283807e5
2,B-A,1,optimized,256,gf_sqr,18,200,0x283807e5
2,B-A,1,optimized,256,gf_sqr,19,200,0x283807e5
2,B-A,1,optimized,256,gf_sqr,20,200,0x283807e5
2,B-A,1,optimized,256,gf_sqr,21,200,0x283807e5
2,B-A,1,optimized,256,gf_sqr,22,200,0x283807e5
2,B-A,1,optimized,256,gf_sqr,23,200,0x283807e5
2,B-A,1,optimized,256,gf_sqr,24,200,0x283807e5
2,B-A,1,optimized,256,gf_sqr,25,200,0x283807e5
2,B-A,1,optimized,256,gf_sqr,26,200,0x283807e5
2,B-A,1,optimized,256,gf_sqr,27,200,0x283807e5
2,B-A,1,optimized,256,gf_sqr,28,200,0x283807e5
2,B-A,1,optimized,256,gf_sqr,29,200,0x283807e5
2,B-A,1,optimized,256,gf_sqr,30,200,0x283807e5
2,B-A,1,optimized,256,gf_sqr,31,200,0x283807e5
2,B-A,1,optimized,256,gf_sqr,32,200,0x283807e5
2,B-A,1,optimized,256,gf_sqr,33,200,0x283807e5
2,B-A,1,optimized,256,gf_sqr,34,200,0x283807e5
2,B-A,1,optimized,256,gf_sqr,35,200,0x283807e5
2,B-A,1,optimized,256,gf_sqr,36,200,0x283807e5
2,B-A,1,optimized,256,gf_sqr,37,200,0x283807e5
2,B-A,1,optimized,256,gf_sqr,38,200,0x283807e5
2,B-A,1,optimized,256,gf_sqr,39,200,0x283807e5
2,B-A,1,optimized,256,gf_sqr,40,200,0x283807e5
2,B-A,1,optimized,256,gf_sqr,41,200,0x283807e5
2,B-A,1,optimized,256,gf_sqr,42,200,0x283807e5
2,B-A,1,optimized,256,gf_sqr,43,200,0x283807e5
2,B-A,1,optimized,256,gf_sqr,44,200,0x283807e5
2,B-A,1,optimized,256,gf_sqr,45,200,0x283807e5
2,B-A,1,optimized,256,gf_sqr,46,200,0x283807e5
2,B-A,1,optimized,256,gf_sqr,47,200,0x283807e5
2,B-A,1,optimized,256,gf_sqr,48,200,0x283807e5
2,B-A,1,optimized,256,gf_sqr,49,200,0x283807e5
2,B-A,2,reference,256,gf_mul,0,5933,0x283807e5
2,B-A,2,reference,256,gf_mul,1,5932,0x283807e5
2,B-A,2,reference,256,gf_mul,2,5932,0x283807e5
2,B-A,2,reference,256,gf_mul,3,5931,0x283807e5
2,B-A,2,reference,256,gf_mul,4,5931,0x283807e5
2,B-A,2,reference,256,gf_mul,5,5931,0x283807e5
2,B-A,2,reference,256,gf_mul,6,5931,0x283807e5
2,B-A,2,reference,256,gf_mul,7,5931,0x283807e5
2,B-A,2,reference,256,gf_mul,8,5931,0x283807e5
2,B-A,2,reference,256,gf_mul,9,5931,0x283807e5
2,B-A,2,reference,256,gf_mul,10,5931,0x283807e5
2,B-A,2,reference,256,gf_mul,11,5931,0x283807e5
2,B-A,2,reference,256,gf_mul,12,5931,0x283807e5
2,B-A,2,reference,256,gf_mul,13,5931,0x283807e5
2,B-A,2,reference,256,gf_mul,14,5931,0x283807e5
2,B-A,2,reference,256,gf_mul,15,5931,0x283807e5
2,B-A,2,reference,256,gf_mul,16,5931,0x283807e5
2,B-A,2,reference,256,gf_mul,17,5931,0x283807e5
2,B-A,2,reference,256,gf_mul,18,5931,0x283807e5
2,B-A,2,reference,256,gf_mul,19,5931,0x283807e5
2,B-A,2,reference,256,gf_mul,20,5931,0x283807e5
2,B-A,2,reference,256,gf_mul,21,5931,0x283807e5
2,B-A,2,reference,256,gf_mul,22,5931,0x283807e5
2,B-A,2,reference,256,gf_mul,23,5931,0x283807e5
2,B-A,2,reference,256,gf_mul,24,5931,0x283807e5
2,B-A,2,reference,256,gf_mul,25,5931,0x283807e5
2,B-A,2,reference,256,gf_mul,26,5931,0x283807e5
2,B-A,2,reference,256,gf_mul,27,5931,0x283807e5
2,B-A,2,reference,256,gf_mul,28,5931,0x283807e5
2,B-A,2,reference,256,gf_mul,29,5931,0x283807e5
2,B-A,2,reference,256,gf_mul,30,5931,0x283807e5
2,B-A,2,reference,256,gf_mul,31,5931,0x283807e5
2,B-A,2,reference,256,gf_mul,32,5931,0x283807e5
2,B-A,2,reference,256,gf_mul,33,5931,0x283807e5
2,B-A,2,reference,256,gf_mul,34,5931,0x283807e5
2,B-A,2,reference,256,gf_mul,35,5931,0x283807e5
2,B-A,2,reference,256,gf_mul,36,5931,0x283807e5
2,B-A,2,reference,256,gf_mul,37,5931,0x283807e5
2,B-A,2,reference,256,gf_mul,38,5931,0x283807e5
2,B-A,2,reference,256,gf_mul,39,5931,0x283807e5
2,B-A,2,reference,256,gf_mul,40,5931,0x283807e5
2,B-A,2,reference,256,gf_mul,41,5931,0x283807e5
2,B-A,2,reference,256,gf_mul,42,5931,0x283807e5
2,B-A,2,reference,256,gf_mul,43,5931,0x283807e5
2,B-A,2,reference,256,gf_mul,44,5931,0x283807e5
2,B-A,2,reference,256,gf_mul,45,5931,0x283807e5
2,B-A,2,reference,256,gf_mul,46,5931,0x283807e5
2,B-A,2,reference,256,gf_mul,47,5931,0x283807e5
2,B-A,2,reference,256,gf_mul,48,5931,0x283807e5
2,B-A,2,reference,256,gf_mul,49,5931,0x283807e5
2,B-A,2,reference,256,gf_sqr,0,203,0x283807e5
2,B-A,2,reference,256,gf_sqr,1,202,0x283807e5
2,B-A,2,reference,256,gf_sqr,2,203,0x283807e5
2,B-A,2,reference,256,gf_sqr,3,202,0x283807e5
2,B-A,2,reference,256,gf_sqr,4,202,0x283807e5
2,B-A,2,reference,256,gf_sqr,5,202,0x283807e5
2,B-A,2,reference,256,gf_sqr,6,202,0x283807e5
2,B-A,2,reference,256,gf_sqr,7,202,0x283807e5
2,B-A,2,reference,256,gf_sqr,8,202,0x283807e5
2,B-A,2,reference,256,gf_sqr,9,202,0x283807e5
2,B-A,2,reference,256,gf_sqr,10,202,0x283807e5
2,B-A,2,reference,256,gf_sqr,11,202,0x283807e5
2,B-A,2,reference,256,gf_sqr,12,202,0x283807e5
2,B-A,2,reference,256,gf_sqr,13,202,0x283807e5
2,B-A,2,reference,256,gf_sqr,14,202,0x283807e5
2,B-A,2,reference,256,gf_sqr,15,202,0x283807e5
2,B-A,2,reference,256,gf_sqr,16,202,0x283807e5
2,B-A,2,reference,256,gf_sqr,17,202,0x283807e5
2,B-A,2,reference,256,gf_sqr,18,202,0x283807e5
2,B-A,2,reference,256,gf_sqr,19,202,0x283807e5
2,B-A,2,reference,256,gf_sqr,20,202,0x283807e5
2,B-A,2,reference,256,gf_sqr,21,202,0x283807e5
2,B-A,2,reference,256,gf_sqr,22,202,0x283807e5
2,B-A,2,reference,256,gf_sqr,23,202,0x283807e5
2,B-A,2,reference,256,gf_sqr,24,202,0x283807e5
2,B-A,2,reference,256,gf_sqr,25,202,0x283807e5
2,B-A,2,reference,256,gf_sqr,26,202,0x283807e5
2,B-A,2,reference,256,gf_sqr,27,202,0x283807e5
2,B-A,2,reference,256,gf_sqr,28,202,0x283807e5
2,B-A,2,reference,256,gf_sqr,29,202,0x283807e5
2,B-A,2,reference,256,gf_sqr,30,202,0x283807e5
2,B-A,2,reference,256,gf_sqr,31,202,0x283807e5
2,B-A,2,reference,256,gf_sqr,32,202,0x283807e5
2,B-A,2,reference,256,gf_sqr,33,202,0x283807e5
2,B-A,2,reference,256,gf_sqr,34,202,0x283807e5
2,B-A,2,reference,256,gf_sqr,35,202,0x283807e5
2,B-A,2,reference,256,gf_sqr,36,202,0x283807e5
2,B-A,2,reference,256,gf_sqr,37,202,0x283807e5
2,B-A,2,reference,256,gf_sqr,38,202,0x283807e5
2,B-A,2,reference,256,gf_sqr,39,202,0x283807e5
2,B-A,2,reference,256,gf_sqr,40,202,0x283807e5
2,B-A,2,reference,256,gf_sqr,41,202,0x283807e5
2,B-A,2,reference,256,gf_sqr,42,202,0x283807e5
2,B-A,2,reference,256,gf_sqr,43,202,0x283807e5
2,B-A,2,reference,256,gf_sqr,44,202,0x283807e5
2,B-A,2,reference,256,gf_sqr,45,202,0x283807e5
2,B-A,2,reference,256,gf_sqr,46,202,0x283807e5
2,B-A,2,reference,256,gf_sqr,47,202,0x283807e5
2,B-A,2,reference,256,gf_sqr,48,202,0x283807e5
2,B-A,2,reference,256,gf_sqr,49,202,0x283807e5
3,A-B,1,reference,128,gf_mul,0,1969,0x54cada71
3,A-B,1,reference,128,gf_mul,1,1965,0x54cada71
3,A-B,1,reference,128,gf_mul,2,1965,0x54cada71
3,A-B,1,reference,128,gf_mul,3,1964,0x54cada71
3,A-B,1,reference,128,gf_mul,4,1964,0x54cada71
3,A-B,1,reference,128,gf_mul,5,1964,0x54cada71
3,A-B,1,reference,128,gf_mul,6,1964,0x54cada71
3,A-B,1,reference,128,gf_mul,7,1964,0x54cada71
3,A-B,1,reference,128,gf_mul,8,1964,0x54cada71
3,A-B,1,reference,128,gf_mul,9,1964,0x54cada71
3,A-B,1,reference,128,gf_mul,10,1964,0x54cada71
3,A-B,1,reference,128,gf_mul,11,1964,0x54cada71
3,A-B,1,reference,128,gf_mul,12,1964,0x54cada71
3,A-B,1,reference,128,gf_mul,13,1964,0x54cada71
3,A-B,1,reference,128,gf_mul,14,1964,0x54cada71
3,A-B,1,reference,128,gf_mul,15,1964,0x54cada71
3,A-B,1,reference,128,gf_mul,16,1964,0x54cada71
3,A-B,1,reference,128,gf_mul,17,1964,0x54cada71
3,A-B,1,reference,128,gf_mul,18,1964,0x54cada71
3,A-B,1,reference,128,gf_mul,19,1964,0x54cada71
3,A-B,1,reference,128,gf_mul,20,1964,0x54cada71
3,A-B,1,reference,128,gf_mul,21,1964,0x54cada71
3,A-B,1,reference,128,gf_mul,22,1964,0x54cada71
3,A-B,1,reference,128,gf_mul,23,1964,0x54cada71
3,A-B,1,reference,128,gf_mul,24,1964,0x54cada71
3,A-B,1,reference,128,gf_mul,25,1964,0x54cada71
3,A-B,1,reference,128,gf_mul,26,1964,0x54cada71
3,A-B,1,reference,128,gf_mul,27,1964,0x54cada71
3,A-B,1,reference,128,gf_mul,28,1964,0x54cada71
3,A-B,1,reference,128,gf_mul,29,1964,0x54cada71
3,A-B,1,reference,128,gf_mul,30,1964,0x54cada71
3,A-B,1,reference,128,gf_mul,31,1964,0x54cada71
3,A-B,1,reference,128,gf_mul,32,1964,0x54cada71
3,A-B,1,reference,128,gf_mul,33,1964,0x54cada71
3,A-B,1,reference,128,gf_mul,34,1964,0x54cada71
3,A-B,1,reference,128,gf_mul,35,1964,0x54cada71
3,A-B,1,reference,128,gf_mul,36,1964,0x54cada71
3,A-B,1,reference,128,gf_mul,37,1964,0x54cada71
3,A-B,1,reference,128,gf_mul,38,1964,0x54cada71
3,A-B,1,reference,128,gf_mul,39,1964,0x54cada71
3,A-B,1,reference,128,gf_mul,40,1964,0x54cada71
3,A-B,1,reference,128,gf_mul,41,1964,0x54cada71
3,A-B,1,reference,128,gf_mul,42,1964,0x54cada71
3,A-B,1,reference,128,gf_mul,43,1964,0x54cada71
3,A-B,1,reference,128,gf_mul,44,1964,0x54cada71
3,A-B,1,reference,128,gf_mul,45,1964,0x54cada71
3,A-B,1,reference,128,gf_mul,46,1964,0x54cada71
3,A-B,1,reference,128,gf_mul,47,1964,0x54cada71
3,A-B,1,reference,128,gf_mul,48,1964,0x54cada71
3,A-B,1,reference,128,gf_mul,49,1964,0x54cada71
3,A-B,1,reference,128,gf_sqr,0,107,0x54cada71
3,A-B,1,reference,128,gf_sqr,1,103,0x54cada71
3,A-B,1,reference,128,gf_sqr,2,103,0x54cada71
3,A-B,1,reference,128,gf_sqr,3,102,0x54cada71
3,A-B,1,reference,128,gf_sqr,4,102,0x54cada71
3,A-B,1,reference,128,gf_sqr,5,102,0x54cada71
3,A-B,1,reference,128,gf_sqr,6,102,0x54cada71
3,A-B,1,reference,128,gf_sqr,7,102,0x54cada71
3,A-B,1,reference,128,gf_sqr,8,102,0x54cada71
3,A-B,1,reference,128,gf_sqr,9,102,0x54cada71
3,A-B,1,reference,128,gf_sqr,10,102,0x54cada71
3,A-B,1,reference,128,gf_sqr,11,102,0x54cada71
3,A-B,1,reference,128,gf_sqr,12,102,0x54cada71
3,A-B,1,reference,128,gf_sqr,13,102,0x54cada71
3,A-B,1,reference,128,gf_sqr,14,102,0x54cada71
3,A-B,1,reference,128,gf_sqr,15,102,0x54cada71
3,A-B,1,reference,128,gf_sqr,16,102,0x54cada71
3,A-B,1,reference,128,gf_sqr,17,102,0x54cada71
3,A-B,1,reference,128,gf_sqr,18,102,0x54cada71
3,A-B,1,reference,128,gf_sqr,19,102,0x54cada71
3,A-B,1,reference,128,gf_sqr,20,102,0x54cada71
3,A-B,1,reference,128,gf_sqr,21,102,0x54cada71
3,A-B,1,reference,128,gf_sqr,22,102,0x54cada71
3,A-B,1,reference,128,gf_sqr,23,102,0x54cada71
3,A-B,1,reference,128,gf_sqr,24,102,0x54cada71
3,A-B,1,reference,128,gf_sqr,25,102,0x54cada71
3,A-B,1,reference,128,gf_sqr,26,102,0x54cada71
3,A-B,1,reference,128,gf_sqr,27,102,0x54cada71
3,A-B,1,reference,128,gf_sqr,28,102,0x54cada71
3,A-B,1,reference,128,gf_sqr,29,102,0x54cada71
3,A-B,1,reference,128,gf_sqr,30,102,0x54cada71
3,A-B,1,reference,128,gf_sqr,31,102,0x54cada71
3,A-B,1,reference,128,gf_sqr,32,102,0x54cada71
3,A-B,1,reference,128,gf_sqr,33,102,0x54cada71
3,A-B,1,reference,128,gf_sqr,34,102,0x54cada71
3,A-B,1,reference,128,gf_sqr,35,102,0x54cada71
3,A-B,1,reference,128,gf_sqr,36,102,0x54cada71
3,A-B,1,reference,128,gf_sqr,37,102,0x54cada71
3,A-B,1,reference,128,gf_sqr,38,102,0x54cada71
3,A-B,1,reference,128,gf_sqr,39,102,0x54cada71
3,A-B,1,reference,128,gf_sqr,40,102,0x54cada71
3,A-B,1,reference,128,gf_sqr,41,102,0x54cada71
3,A-B,1,reference,128,gf_sqr,42,102,0x54cada71
3,A-B,1,reference,128,gf_sqr,43,102,0x54cada71
3,A-B,1,reference,128,gf_sqr,44,102,0x54cada71
3,A-B,1,reference,128,gf_sqr,45,102,0x54cada71
3,A-B,1,reference,128,gf_sqr,46,102,0x54cada71
3,A-B,1,reference,128,gf_sqr,47,102,0x54cada71
3,A-B,1,reference,128,gf_sqr,48,102,0x54cada71
3,A-B,1,reference,128,gf_sqr,49,102,0x54cada71
3,A-B,2,optimized,128,gf_mul,0,1969,0x54cada71
3,A-B,2,optimized,128,gf_mul,1,1968,0x54cada71
3,A-B,2,optimized,128,gf_mul,2,1968,0x54cada71
3,A-B,2,optimized,128,gf_mul,3,1967,0x54cada71
3,A-B,2,optimized,128,gf_mul,4,1967,0x54cada71
3,A-B,2,optimized,128,gf_mul,5,1967,0x54cada71
3,A-B,2,optimized,128,gf_mul,6,1967,0x54cada71
3,A-B,2,optimized,128,gf_mul,7,1967,0x54cada71
3,A-B,2,optimized,128,gf_mul,8,1967,0x54cada71
3,A-B,2,optimized,128,gf_mul,9,1967,0x54cada71
3,A-B,2,optimized,128,gf_mul,10,1967,0x54cada71
3,A-B,2,optimized,128,gf_mul,11,1967,0x54cada71
3,A-B,2,optimized,128,gf_mul,12,1967,0x54cada71
3,A-B,2,optimized,128,gf_mul,13,1967,0x54cada71
3,A-B,2,optimized,128,gf_mul,14,1967,0x54cada71
3,A-B,2,optimized,128,gf_mul,15,1967,0x54cada71
3,A-B,2,optimized,128,gf_mul,16,1967,0x54cada71
3,A-B,2,optimized,128,gf_mul,17,1967,0x54cada71
3,A-B,2,optimized,128,gf_mul,18,1967,0x54cada71
3,A-B,2,optimized,128,gf_mul,19,1967,0x54cada71
3,A-B,2,optimized,128,gf_mul,20,1967,0x54cada71
3,A-B,2,optimized,128,gf_mul,21,1967,0x54cada71
3,A-B,2,optimized,128,gf_mul,22,1967,0x54cada71
3,A-B,2,optimized,128,gf_mul,23,1967,0x54cada71
3,A-B,2,optimized,128,gf_mul,24,1967,0x54cada71
3,A-B,2,optimized,128,gf_mul,25,1967,0x54cada71
3,A-B,2,optimized,128,gf_mul,26,1967,0x54cada71
3,A-B,2,optimized,128,gf_mul,27,1967,0x54cada71
3,A-B,2,optimized,128,gf_mul,28,1967,0x54cada71
3,A-B,2,optimized,128,gf_mul,29,1967,0x54cada71
3,A-B,2,optimized,128,gf_mul,30,1967,0x54cada71
3,A-B,2,optimized,128,gf_mul,31,1967,0x54cada71
3,A-B,2,optimized,128,gf_mul,32,1967,0x54cada71
3,A-B,2,optimized,128,gf_mul,33,1967,0x54cada71
3,A-B,2,optimized,128,gf_mul,34,1967,0x54cada71
3,A-B,2,optimized,128,gf_mul,35,1967,0x54cada71
3,A-B,2,optimized,128,gf_mul,36,1967,0x54cada71
3,A-B,2,optimized,128,gf_mul,37,1967,0x54cada71
3,A-B,2,optimized,128,gf_mul,38,1967,0x54cada71
3,A-B,2,optimized,128,gf_mul,39,1967,0x54cada71
3,A-B,2,optimized,128,gf_mul,40,1967,0x54cada71
3,A-B,2,optimized,128,gf_mul,41,1967,0x54cada71
3,A-B,2,optimized,128,gf_mul,42,1967,0x54cada71
3,A-B,2,optimized,128,gf_mul,43,1967,0x54cada71
3,A-B,2,optimized,128,gf_mul,44,1967,0x54cada71
3,A-B,2,optimized,128,gf_mul,45,1967,0x54cada71
3,A-B,2,optimized,128,gf_mul,46,1967,0x54cada71
3,A-B,2,optimized,128,gf_mul,47,1967,0x54cada71
3,A-B,2,optimized,128,gf_mul,48,1967,0x54cada71
3,A-B,2,optimized,128,gf_mul,49,1967,0x54cada71
3,A-B,2,optimized,128,gf_sqr,0,107,0x54cada71
3,A-B,2,optimized,128,gf_sqr,1,107,0x54cada71
3,A-B,2,optimized,128,gf_sqr,2,107,0x54cada71
3,A-B,2,optimized,128,gf_sqr,3,106,0x54cada71
3,A-B,2,optimized,128,gf_sqr,4,106,0x54cada71
3,A-B,2,optimized,128,gf_sqr,5,106,0x54cada71
3,A-B,2,optimized,128,gf_sqr,6,106,0x54cada71
3,A-B,2,optimized,128,gf_sqr,7,106,0x54cada71
3,A-B,2,optimized,128,gf_sqr,8,106,0x54cada71
3,A-B,2,optimized,128,gf_sqr,9,106,0x54cada71
3,A-B,2,optimized,128,gf_sqr,10,106,0x54cada71
3,A-B,2,optimized,128,gf_sqr,11,106,0x54cada71
3,A-B,2,optimized,128,gf_sqr,12,106,0x54cada71
3,A-B,2,optimized,128,gf_sqr,13,106,0x54cada71
3,A-B,2,optimized,128,gf_sqr,14,106,0x54cada71
3,A-B,2,optimized,128,gf_sqr,15,106,0x54cada71
3,A-B,2,optimized,128,gf_sqr,16,106,0x54cada71
3,A-B,2,optimized,128,gf_sqr,17,106,0x54cada71
3,A-B,2,optimized,128,gf_sqr,18,106,0x54cada71
3,A-B,2,optimized,128,gf_sqr,19,106,0x54cada71
3,A-B,2,optimized,128,gf_sqr,20,106,0x54cada71
3,A-B,2,optimized,128,gf_sqr,21,106,0x54cada71
3,A-B,2,optimized,128,gf_sqr,22,106,0x54cada71
3,A-B,2,optimized,128,gf_sqr,23,106,0x54cada71
3,A-B,2,optimized,128,gf_sqr,24,106,0x54cada71
3,A-B,2,optimized,128,gf_sqr,25,106,0x54cada71
3,A-B,2,optimized,128,gf_sqr,26,106,0x54cada71
3,A-B,2,optimized,128,gf_sqr,27,106,0x54cada71
3,A-B,2,optimized,128,gf_sqr,28,106,0x54cada71
3,A-B,2,optimized,128,gf_sqr,29,106,0x54cada71
3,A-B,2,optimized,128,gf_sqr,30,106,0x54cada71
3,A-B,2,optimized,128,gf_sqr,31,106,0x54cada71
3,A-B,2,optimized,128,gf_sqr,32,106,0x54cada71
3,A-B,2,optimized,128,gf_sqr,33,106,0x54cada71
3,A-B,2,optimized,128,gf_sqr,34,106,0x54cada71
3,A-B,2,optimized,128,gf_sqr,35,106,0x54cada71
3,A-B,2,optimized,128,gf_sqr,36,106,0x54cada71
3,A-B,2,optimized,128,gf_sqr,37,106,0x54cada71
3,A-B,2,optimized,128,gf_sqr,38,106,0x54cada71
3,A-B,2,optimized,128,gf_sqr,39,106,0x54cada71
3,A-B,2,optimized,128,gf_sqr,40,106,0x54cada71
3,A-B,2,optimized,128,gf_sqr,41,106,0x54cada71
3,A-B,2,optimized,128,gf_sqr,42,106,0x54cada71
3,A-B,2,optimized,128,gf_sqr,43,106,0x54cada71
3,A-B,2,optimized,128,gf_sqr,44,106,0x54cada71
3,A-B,2,optimized,128,gf_sqr,45,106,0x54cada71
3,A-B,2,optimized,128,gf_sqr,46,106,0x54cada71
3,A-B,2,optimized,128,gf_sqr,47,106,0x54cada71
3,A-B,2,optimized,128,gf_sqr,48,106,0x54cada71
3,A-B,2,optimized,128,gf_sqr,49,106,0x54cada71
3,A-B,1,reference,192,gf_mul,0,3927,0x2bf8b731
3,A-B,1,reference,192,gf_mul,1,3927,0x2bf8b731
3,A-B,1,reference,192,gf_mul,2,3927,0x2bf8b731
3,A-B,1,reference,192,gf_mul,3,3926,0x2bf8b731
3,A-B,1,reference,192,gf_mul,4,3926,0x2bf8b731
3,A-B,1,reference,192,gf_mul,5,3926,0x2bf8b731
3,A-B,1,reference,192,gf_mul,6,3926,0x2bf8b731
3,A-B,1,reference,192,gf_mul,7,3926,0x2bf8b731
3,A-B,1,reference,192,gf_mul,8,3926,0x2bf8b731
3,A-B,1,reference,192,gf_mul,9,3926,0x2bf8b731
3,A-B,1,reference,192,gf_mul,10,3926,0x2bf8b731
3,A-B,1,reference,192,gf_mul,11,3926,0x2bf8b731
3,A-B,1,reference,192,gf_mul,12,3926,0x2bf8b731
3,A-B,1,reference,192,gf_mul,13,3926,0x2bf8b731
3,A-B,1,reference,192,gf_mul,14,3926,0x2bf8b731
3,A-B,1,reference,192,gf_mul,15,3926,0x2bf8b731
3,A-B,1,reference,192,gf_mul,16,3926,0x2bf8b731
3,A-B,1,reference,192,gf_mul,17,3926,0x2bf8b731
3,A-B,1,reference,192,gf_mul,18,3926,0x2bf8b731
3,A-B,1,reference,192,gf_mul,19,3926,0x2bf8b731
3,A-B,1,reference,192,gf_mul,20,3926,0x2bf8b731
3,A-B,1,reference,192,gf_mul,21,3926,0x2bf8b731
3,A-B,1,reference,192,gf_mul,22,3926,0x2bf8b731
3,A-B,1,reference,192,gf_mul,23,3926,0x2bf8b731
3,A-B,1,reference,192,gf_mul,24,3926,0x2bf8b731
3,A-B,1,reference,192,gf_mul,25,3926,0x2bf8b731
3,A-B,1,reference,192,gf_mul,26,3926,0x2bf8b731
3,A-B,1,reference,192,gf_mul,27,3926,0x2bf8b731
3,A-B,1,reference,192,gf_mul,28,3926,0x2bf8b731
3,A-B,1,reference,192,gf_mul,29,3926,0x2bf8b731
3,A-B,1,reference,192,gf_mul,30,3926,0x2bf8b731
3,A-B,1,reference,192,gf_mul,31,3926,0x2bf8b731
3,A-B,1,reference,192,gf_mul,32,3926,0x2bf8b731
3,A-B,1,reference,192,gf_mul,33,3926,0x2bf8b731
3,A-B,1,reference,192,gf_mul,34,3926,0x2bf8b731
3,A-B,1,reference,192,gf_mul,35,3926,0x2bf8b731
3,A-B,1,reference,192,gf_mul,36,3926,0x2bf8b731
3,A-B,1,reference,192,gf_mul,37,3926,0x2bf8b731
3,A-B,1,reference,192,gf_mul,38,3926,0x2bf8b731
3,A-B,1,reference,192,gf_mul,39,3926,0x2bf8b731
3,A-B,1,reference,192,gf_mul,40,3926,0x2bf8b731
3,A-B,1,reference,192,gf_mul,41,3926,0x2bf8b731
3,A-B,1,reference,192,gf_mul,42,3926,0x2bf8b731
3,A-B,1,reference,192,gf_mul,43,3926,0x2bf8b731
3,A-B,1,reference,192,gf_mul,44,3926,0x2bf8b731
3,A-B,1,reference,192,gf_mul,45,3926,0x2bf8b731
3,A-B,1,reference,192,gf_mul,46,3926,0x2bf8b731
3,A-B,1,reference,192,gf_mul,47,3926,0x2bf8b731
3,A-B,1,reference,192,gf_mul,48,3926,0x2bf8b731
3,A-B,1,reference,192,gf_mul,49,3926,0x2bf8b731
3,A-B,1,reference,192,gf_sqr,0,144,0x2bf8b731
3,A-B,1,reference,192,gf_sqr,1,144,0x2bf8b731
3,A-B,1,reference,192,gf_sqr,2,143,0x2bf8b731
3,A-B,1,reference,192,gf_sqr,3,144,0x2bf8b731
3,A-B,1,reference,192,gf_sqr,4,144,0x2bf8b731
3,A-B,1,reference,192,gf_sqr,5,144,0x2bf8b731
3,A-B,1,reference,192,gf_sqr,6,144,0x2bf8b731
3,A-B,1,reference,192,gf_sqr,7,144,0x2bf8b731
3,A-B,1,reference,192,gf_sqr,8,144,0x2bf8b731
3,A-B,1,reference,192,gf_sqr,9,144,0x2bf8b731
3,A-B,1,reference,192,gf_sqr,10,144,0x2bf8b731
3,A-B,1,reference,192,gf_sqr,11,144,0x2bf8b731
3,A-B,1,reference,192,gf_sqr,12,144,0x2bf8b731
3,A-B,1,reference,192,gf_sqr,13,144,0x2bf8b731
3,A-B,1,reference,192,gf_sqr,14,144,0x2bf8b731
3,A-B,1,reference,192,gf_sqr,15,144,0x2bf8b731
3,A-B,1,reference,192,gf_sqr,16,144,0x2bf8b731
3,A-B,1,reference,192,gf_sqr,17,144,0x2bf8b731
3,A-B,1,reference,192,gf_sqr,18,144,0x2bf8b731
3,A-B,1,reference,192,gf_sqr,19,144,0x2bf8b731
3,A-B,1,reference,192,gf_sqr,20,144,0x2bf8b731
3,A-B,1,reference,192,gf_sqr,21,144,0x2bf8b731
3,A-B,1,reference,192,gf_sqr,22,144,0x2bf8b731
3,A-B,1,reference,192,gf_sqr,23,144,0x2bf8b731
3,A-B,1,reference,192,gf_sqr,24,144,0x2bf8b731
3,A-B,1,reference,192,gf_sqr,25,144,0x2bf8b731
3,A-B,1,reference,192,gf_sqr,26,144,0x2bf8b731
3,A-B,1,reference,192,gf_sqr,27,144,0x2bf8b731
3,A-B,1,reference,192,gf_sqr,28,144,0x2bf8b731
3,A-B,1,reference,192,gf_sqr,29,144,0x2bf8b731
3,A-B,1,reference,192,gf_sqr,30,144,0x2bf8b731
3,A-B,1,reference,192,gf_sqr,31,144,0x2bf8b731
3,A-B,1,reference,192,gf_sqr,32,144,0x2bf8b731
3,A-B,1,reference,192,gf_sqr,33,144,0x2bf8b731
3,A-B,1,reference,192,gf_sqr,34,144,0x2bf8b731
3,A-B,1,reference,192,gf_sqr,35,144,0x2bf8b731
3,A-B,1,reference,192,gf_sqr,36,144,0x2bf8b731
3,A-B,1,reference,192,gf_sqr,37,144,0x2bf8b731
3,A-B,1,reference,192,gf_sqr,38,144,0x2bf8b731
3,A-B,1,reference,192,gf_sqr,39,144,0x2bf8b731
3,A-B,1,reference,192,gf_sqr,40,144,0x2bf8b731
3,A-B,1,reference,192,gf_sqr,41,144,0x2bf8b731
3,A-B,1,reference,192,gf_sqr,42,144,0x2bf8b731
3,A-B,1,reference,192,gf_sqr,43,144,0x2bf8b731
3,A-B,1,reference,192,gf_sqr,44,144,0x2bf8b731
3,A-B,1,reference,192,gf_sqr,45,144,0x2bf8b731
3,A-B,1,reference,192,gf_sqr,46,144,0x2bf8b731
3,A-B,1,reference,192,gf_sqr,47,144,0x2bf8b731
3,A-B,1,reference,192,gf_sqr,48,144,0x2bf8b731
3,A-B,1,reference,192,gf_sqr,49,144,0x2bf8b731
3,A-B,2,optimized,192,gf_mul,0,3927,0x2bf8b731
3,A-B,2,optimized,192,gf_mul,1,3927,0x2bf8b731
3,A-B,2,optimized,192,gf_mul,2,3927,0x2bf8b731
3,A-B,2,optimized,192,gf_mul,3,3926,0x2bf8b731
3,A-B,2,optimized,192,gf_mul,4,3926,0x2bf8b731
3,A-B,2,optimized,192,gf_mul,5,3926,0x2bf8b731
3,A-B,2,optimized,192,gf_mul,6,3926,0x2bf8b731
3,A-B,2,optimized,192,gf_mul,7,3926,0x2bf8b731
3,A-B,2,optimized,192,gf_mul,8,3926,0x2bf8b731
3,A-B,2,optimized,192,gf_mul,9,3926,0x2bf8b731
3,A-B,2,optimized,192,gf_mul,10,3926,0x2bf8b731
3,A-B,2,optimized,192,gf_mul,11,3926,0x2bf8b731
3,A-B,2,optimized,192,gf_mul,12,3926,0x2bf8b731
3,A-B,2,optimized,192,gf_mul,13,3926,0x2bf8b731
3,A-B,2,optimized,192,gf_mul,14,3926,0x2bf8b731
3,A-B,2,optimized,192,gf_mul,15,3926,0x2bf8b731
3,A-B,2,optimized,192,gf_mul,16,3926,0x2bf8b731
3,A-B,2,optimized,192,gf_mul,17,3926,0x2bf8b731
3,A-B,2,optimized,192,gf_mul,18,3926,0x2bf8b731
3,A-B,2,optimized,192,gf_mul,19,3926,0x2bf8b731
3,A-B,2,optimized,192,gf_mul,20,3926,0x2bf8b731
3,A-B,2,optimized,192,gf_mul,21,3926,0x2bf8b731
3,A-B,2,optimized,192,gf_mul,22,3926,0x2bf8b731
3,A-B,2,optimized,192,gf_mul,23,3926,0x2bf8b731
3,A-B,2,optimized,192,gf_mul,24,3926,0x2bf8b731
3,A-B,2,optimized,192,gf_mul,25,3926,0x2bf8b731
3,A-B,2,optimized,192,gf_mul,26,3926,0x2bf8b731
3,A-B,2,optimized,192,gf_mul,27,3926,0x2bf8b731
3,A-B,2,optimized,192,gf_mul,28,3926,0x2bf8b731
3,A-B,2,optimized,192,gf_mul,29,3926,0x2bf8b731
3,A-B,2,optimized,192,gf_mul,30,3926,0x2bf8b731
3,A-B,2,optimized,192,gf_mul,31,3926,0x2bf8b731
3,A-B,2,optimized,192,gf_mul,32,3926,0x2bf8b731
3,A-B,2,optimized,192,gf_mul,33,3926,0x2bf8b731
3,A-B,2,optimized,192,gf_mul,34,3926,0x2bf8b731
3,A-B,2,optimized,192,gf_mul,35,3926,0x2bf8b731
3,A-B,2,optimized,192,gf_mul,36,3926,0x2bf8b731
3,A-B,2,optimized,192,gf_mul,37,3926,0x2bf8b731
3,A-B,2,optimized,192,gf_mul,38,3926,0x2bf8b731
3,A-B,2,optimized,192,gf_mul,39,3926,0x2bf8b731
3,A-B,2,optimized,192,gf_mul,40,3926,0x2bf8b731
3,A-B,2,optimized,192,gf_mul,41,3926,0x2bf8b731
3,A-B,2,optimized,192,gf_mul,42,3926,0x2bf8b731
3,A-B,2,optimized,192,gf_mul,43,3926,0x2bf8b731
3,A-B,2,optimized,192,gf_mul,44,3926,0x2bf8b731
3,A-B,2,optimized,192,gf_mul,45,3926,0x2bf8b731
3,A-B,2,optimized,192,gf_mul,46,3926,0x2bf8b731
3,A-B,2,optimized,192,gf_mul,47,3926,0x2bf8b731
3,A-B,2,optimized,192,gf_mul,48,3926,0x2bf8b731
3,A-B,2,optimized,192,gf_mul,49,3926,0x2bf8b731
3,A-B,2,optimized,192,gf_sqr,0,144,0x2bf8b731
3,A-B,2,optimized,192,gf_sqr,1,144,0x2bf8b731
3,A-B,2,optimized,192,gf_sqr,2,143,0x2bf8b731
3,A-B,2,optimized,192,gf_sqr,3,144,0x2bf8b731
3,A-B,2,optimized,192,gf_sqr,4,144,0x2bf8b731
3,A-B,2,optimized,192,gf_sqr,5,144,0x2bf8b731
3,A-B,2,optimized,192,gf_sqr,6,144,0x2bf8b731
3,A-B,2,optimized,192,gf_sqr,7,144,0x2bf8b731
3,A-B,2,optimized,192,gf_sqr,8,144,0x2bf8b731
3,A-B,2,optimized,192,gf_sqr,9,144,0x2bf8b731
3,A-B,2,optimized,192,gf_sqr,10,144,0x2bf8b731
3,A-B,2,optimized,192,gf_sqr,11,144,0x2bf8b731
3,A-B,2,optimized,192,gf_sqr,12,144,0x2bf8b731
3,A-B,2,optimized,192,gf_sqr,13,144,0x2bf8b731
3,A-B,2,optimized,192,gf_sqr,14,144,0x2bf8b731
3,A-B,2,optimized,192,gf_sqr,15,144,0x2bf8b731
3,A-B,2,optimized,192,gf_sqr,16,144,0x2bf8b731
3,A-B,2,optimized,192,gf_sqr,17,144,0x2bf8b731
3,A-B,2,optimized,192,gf_sqr,18,144,0x2bf8b731
3,A-B,2,optimized,192,gf_sqr,19,144,0x2bf8b731
3,A-B,2,optimized,192,gf_sqr,20,144,0x2bf8b731
3,A-B,2,optimized,192,gf_sqr,21,144,0x2bf8b731
3,A-B,2,optimized,192,gf_sqr,22,144,0x2bf8b731
3,A-B,2,optimized,192,gf_sqr,23,144,0x2bf8b731
3,A-B,2,optimized,192,gf_sqr,24,144,0x2bf8b731
3,A-B,2,optimized,192,gf_sqr,25,144,0x2bf8b731
3,A-B,2,optimized,192,gf_sqr,26,144,0x2bf8b731
3,A-B,2,optimized,192,gf_sqr,27,144,0x2bf8b731
3,A-B,2,optimized,192,gf_sqr,28,144,0x2bf8b731
3,A-B,2,optimized,192,gf_sqr,29,144,0x2bf8b731
3,A-B,2,optimized,192,gf_sqr,30,144,0x2bf8b731
3,A-B,2,optimized,192,gf_sqr,31,144,0x2bf8b731
3,A-B,2,optimized,192,gf_sqr,32,144,0x2bf8b731
3,A-B,2,optimized,192,gf_sqr,33,144,0x2bf8b731
3,A-B,2,optimized,192,gf_sqr,34,144,0x2bf8b731
3,A-B,2,optimized,192,gf_sqr,35,144,0x2bf8b731
3,A-B,2,optimized,192,gf_sqr,36,144,0x2bf8b731
3,A-B,2,optimized,192,gf_sqr,37,144,0x2bf8b731
3,A-B,2,optimized,192,gf_sqr,38,144,0x2bf8b731
3,A-B,2,optimized,192,gf_sqr,39,144,0x2bf8b731
3,A-B,2,optimized,192,gf_sqr,40,144,0x2bf8b731
3,A-B,2,optimized,192,gf_sqr,41,144,0x2bf8b731
3,A-B,2,optimized,192,gf_sqr,42,144,0x2bf8b731
3,A-B,2,optimized,192,gf_sqr,43,144,0x2bf8b731
3,A-B,2,optimized,192,gf_sqr,44,144,0x2bf8b731
3,A-B,2,optimized,192,gf_sqr,45,144,0x2bf8b731
3,A-B,2,optimized,192,gf_sqr,46,144,0x2bf8b731
3,A-B,2,optimized,192,gf_sqr,47,144,0x2bf8b731
3,A-B,2,optimized,192,gf_sqr,48,144,0x2bf8b731
3,A-B,2,optimized,192,gf_sqr,49,144,0x2bf8b731
3,A-B,1,reference,256,gf_mul,0,5933,0x283807e5
3,A-B,1,reference,256,gf_mul,1,5932,0x283807e5
3,A-B,1,reference,256,gf_mul,2,5932,0x283807e5
3,A-B,1,reference,256,gf_mul,3,5931,0x283807e5
3,A-B,1,reference,256,gf_mul,4,5931,0x283807e5
3,A-B,1,reference,256,gf_mul,5,5931,0x283807e5
3,A-B,1,reference,256,gf_mul,6,5931,0x283807e5
3,A-B,1,reference,256,gf_mul,7,5931,0x283807e5
3,A-B,1,reference,256,gf_mul,8,5931,0x283807e5
3,A-B,1,reference,256,gf_mul,9,5931,0x283807e5
3,A-B,1,reference,256,gf_mul,10,5931,0x283807e5
3,A-B,1,reference,256,gf_mul,11,5931,0x283807e5
3,A-B,1,reference,256,gf_mul,12,5931,0x283807e5
3,A-B,1,reference,256,gf_mul,13,5931,0x283807e5
3,A-B,1,reference,256,gf_mul,14,5931,0x283807e5
3,A-B,1,reference,256,gf_mul,15,5931,0x283807e5
3,A-B,1,reference,256,gf_mul,16,5931,0x283807e5
3,A-B,1,reference,256,gf_mul,17,5931,0x283807e5
3,A-B,1,reference,256,gf_mul,18,5931,0x283807e5
3,A-B,1,reference,256,gf_mul,19,5931,0x283807e5
3,A-B,1,reference,256,gf_mul,20,5931,0x283807e5
3,A-B,1,reference,256,gf_mul,21,5931,0x283807e5
3,A-B,1,reference,256,gf_mul,22,5931,0x283807e5
3,A-B,1,reference,256,gf_mul,23,5931,0x283807e5
3,A-B,1,reference,256,gf_mul,24,5931,0x283807e5
3,A-B,1,reference,256,gf_mul,25,5931,0x283807e5
3,A-B,1,reference,256,gf_mul,26,5931,0x283807e5
3,A-B,1,reference,256,gf_mul,27,5931,0x283807e5
3,A-B,1,reference,256,gf_mul,28,5931,0x283807e5
3,A-B,1,reference,256,gf_mul,29,5931,0x283807e5
3,A-B,1,reference,256,gf_mul,30,5931,0x283807e5
3,A-B,1,reference,256,gf_mul,31,5931,0x283807e5
3,A-B,1,reference,256,gf_mul,32,5931,0x283807e5
3,A-B,1,reference,256,gf_mul,33,5931,0x283807e5
3,A-B,1,reference,256,gf_mul,34,5931,0x283807e5
3,A-B,1,reference,256,gf_mul,35,5931,0x283807e5
3,A-B,1,reference,256,gf_mul,36,5931,0x283807e5
3,A-B,1,reference,256,gf_mul,37,5931,0x283807e5
3,A-B,1,reference,256,gf_mul,38,5931,0x283807e5
3,A-B,1,reference,256,gf_mul,39,5931,0x283807e5
3,A-B,1,reference,256,gf_mul,40,5931,0x283807e5
3,A-B,1,reference,256,gf_mul,41,5931,0x283807e5
3,A-B,1,reference,256,gf_mul,42,5931,0x283807e5
3,A-B,1,reference,256,gf_mul,43,5931,0x283807e5
3,A-B,1,reference,256,gf_mul,44,5931,0x283807e5
3,A-B,1,reference,256,gf_mul,45,5931,0x283807e5
3,A-B,1,reference,256,gf_mul,46,5931,0x283807e5
3,A-B,1,reference,256,gf_mul,47,5931,0x283807e5
3,A-B,1,reference,256,gf_mul,48,5931,0x283807e5
3,A-B,1,reference,256,gf_mul,49,5931,0x283807e5
3,A-B,1,reference,256,gf_sqr,0,203,0x283807e5
3,A-B,1,reference,256,gf_sqr,1,202,0x283807e5
3,A-B,1,reference,256,gf_sqr,2,203,0x283807e5
3,A-B,1,reference,256,gf_sqr,3,202,0x283807e5
3,A-B,1,reference,256,gf_sqr,4,202,0x283807e5
3,A-B,1,reference,256,gf_sqr,5,202,0x283807e5
3,A-B,1,reference,256,gf_sqr,6,202,0x283807e5
3,A-B,1,reference,256,gf_sqr,7,202,0x283807e5
3,A-B,1,reference,256,gf_sqr,8,202,0x283807e5
3,A-B,1,reference,256,gf_sqr,9,202,0x283807e5
3,A-B,1,reference,256,gf_sqr,10,202,0x283807e5
3,A-B,1,reference,256,gf_sqr,11,202,0x283807e5
3,A-B,1,reference,256,gf_sqr,12,202,0x283807e5
3,A-B,1,reference,256,gf_sqr,13,202,0x283807e5
3,A-B,1,reference,256,gf_sqr,14,202,0x283807e5
3,A-B,1,reference,256,gf_sqr,15,202,0x283807e5
3,A-B,1,reference,256,gf_sqr,16,202,0x283807e5
3,A-B,1,reference,256,gf_sqr,17,202,0x283807e5
3,A-B,1,reference,256,gf_sqr,18,202,0x283807e5
3,A-B,1,reference,256,gf_sqr,19,202,0x283807e5
3,A-B,1,reference,256,gf_sqr,20,202,0x283807e5
3,A-B,1,reference,256,gf_sqr,21,202,0x283807e5
3,A-B,1,reference,256,gf_sqr,22,202,0x283807e5
3,A-B,1,reference,256,gf_sqr,23,202,0x283807e5
3,A-B,1,reference,256,gf_sqr,24,202,0x283807e5
3,A-B,1,reference,256,gf_sqr,25,202,0x283807e5
3,A-B,1,reference,256,gf_sqr,26,202,0x283807e5
3,A-B,1,reference,256,gf_sqr,27,202,0x283807e5
3,A-B,1,reference,256,gf_sqr,28,202,0x283807e5
3,A-B,1,reference,256,gf_sqr,29,202,0x283807e5
3,A-B,1,reference,256,gf_sqr,30,202,0x283807e5
3,A-B,1,reference,256,gf_sqr,31,202,0x283807e5
3,A-B,1,reference,256,gf_sqr,32,202,0x283807e5
3,A-B,1,reference,256,gf_sqr,33,202,0x283807e5
3,A-B,1,reference,256,gf_sqr,34,202,0x283807e5
3,A-B,1,reference,256,gf_sqr,35,202,0x283807e5
3,A-B,1,reference,256,gf_sqr,36,202,0x283807e5
3,A-B,1,reference,256,gf_sqr,37,202,0x283807e5
3,A-B,1,reference,256,gf_sqr,38,202,0x283807e5
3,A-B,1,reference,256,gf_sqr,39,202,0x283807e5
3,A-B,1,reference,256,gf_sqr,40,202,0x283807e5
3,A-B,1,reference,256,gf_sqr,41,202,0x283807e5
3,A-B,1,reference,256,gf_sqr,42,202,0x283807e5
3,A-B,1,reference,256,gf_sqr,43,202,0x283807e5
3,A-B,1,reference,256,gf_sqr,44,202,0x283807e5
3,A-B,1,reference,256,gf_sqr,45,202,0x283807e5
3,A-B,1,reference,256,gf_sqr,46,202,0x283807e5
3,A-B,1,reference,256,gf_sqr,47,202,0x283807e5
3,A-B,1,reference,256,gf_sqr,48,202,0x283807e5
3,A-B,1,reference,256,gf_sqr,49,202,0x283807e5
3,A-B,2,optimized,256,gf_mul,0,5942,0x283807e5
3,A-B,2,optimized,256,gf_mul,1,5940,0x283807e5
3,A-B,2,optimized,256,gf_mul,2,5941,0x283807e5
3,A-B,2,optimized,256,gf_mul,3,5940,0x283807e5
3,A-B,2,optimized,256,gf_mul,4,5940,0x283807e5
3,A-B,2,optimized,256,gf_mul,5,5940,0x283807e5
3,A-B,2,optimized,256,gf_mul,6,5940,0x283807e5
3,A-B,2,optimized,256,gf_mul,7,5940,0x283807e5
3,A-B,2,optimized,256,gf_mul,8,5940,0x283807e5
3,A-B,2,optimized,256,gf_mul,9,5940,0x283807e5
3,A-B,2,optimized,256,gf_mul,10,5940,0x283807e5
3,A-B,2,optimized,256,gf_mul,11,5940,0x283807e5
3,A-B,2,optimized,256,gf_mul,12,5940,0x283807e5
3,A-B,2,optimized,256,gf_mul,13,5940,0x283807e5
3,A-B,2,optimized,256,gf_mul,14,5940,0x283807e5
3,A-B,2,optimized,256,gf_mul,15,5940,0x283807e5
3,A-B,2,optimized,256,gf_mul,16,5940,0x283807e5
3,A-B,2,optimized,256,gf_mul,17,5940,0x283807e5
3,A-B,2,optimized,256,gf_mul,18,5940,0x283807e5
3,A-B,2,optimized,256,gf_mul,19,5940,0x283807e5
3,A-B,2,optimized,256,gf_mul,20,5940,0x283807e5
3,A-B,2,optimized,256,gf_mul,21,5940,0x283807e5
3,A-B,2,optimized,256,gf_mul,22,5940,0x283807e5
3,A-B,2,optimized,256,gf_mul,23,5940,0x283807e5
3,A-B,2,optimized,256,gf_mul,24,5940,0x283807e5
3,A-B,2,optimized,256,gf_mul,25,5940,0x283807e5
3,A-B,2,optimized,256,gf_mul,26,5940,0x283807e5
3,A-B,2,optimized,256,gf_mul,27,5940,0x283807e5
3,A-B,2,optimized,256,gf_mul,28,5940,0x283807e5
3,A-B,2,optimized,256,gf_mul,29,5940,0x283807e5
3,A-B,2,optimized,256,gf_mul,30,5940,0x283807e5
3,A-B,2,optimized,256,gf_mul,31,5940,0x283807e5
3,A-B,2,optimized,256,gf_mul,32,5940,0x283807e5
3,A-B,2,optimized,256,gf_mul,33,5940,0x283807e5
3,A-B,2,optimized,256,gf_mul,34,5940,0x283807e5
3,A-B,2,optimized,256,gf_mul,35,5940,0x283807e5
3,A-B,2,optimized,256,gf_mul,36,5940,0x283807e5
3,A-B,2,optimized,256,gf_mul,37,5940,0x283807e5
3,A-B,2,optimized,256,gf_mul,38,5940,0x283807e5
3,A-B,2,optimized,256,gf_mul,39,5940,0x283807e5
3,A-B,2,optimized,256,gf_mul,40,5940,0x283807e5
3,A-B,2,optimized,256,gf_mul,41,5940,0x283807e5
3,A-B,2,optimized,256,gf_mul,42,5940,0x283807e5
3,A-B,2,optimized,256,gf_mul,43,5940,0x283807e5
3,A-B,2,optimized,256,gf_mul,44,5940,0x283807e5
3,A-B,2,optimized,256,gf_mul,45,5940,0x283807e5
3,A-B,2,optimized,256,gf_mul,46,5940,0x283807e5
3,A-B,2,optimized,256,gf_mul,47,5940,0x283807e5
3,A-B,2,optimized,256,gf_mul,48,5940,0x283807e5
3,A-B,2,optimized,256,gf_mul,49,5940,0x283807e5
3,A-B,2,optimized,256,gf_sqr,0,202,0x283807e5
3,A-B,2,optimized,256,gf_sqr,1,200,0x283807e5
3,A-B,2,optimized,256,gf_sqr,2,201,0x283807e5
3,A-B,2,optimized,256,gf_sqr,3,200,0x283807e5
3,A-B,2,optimized,256,gf_sqr,4,200,0x283807e5
3,A-B,2,optimized,256,gf_sqr,5,200,0x283807e5
3,A-B,2,optimized,256,gf_sqr,6,200,0x283807e5
3,A-B,2,optimized,256,gf_sqr,7,200,0x283807e5
3,A-B,2,optimized,256,gf_sqr,8,200,0x283807e5
3,A-B,2,optimized,256,gf_sqr,9,200,0x283807e5
3,A-B,2,optimized,256,gf_sqr,10,200,0x283807e5
3,A-B,2,optimized,256,gf_sqr,11,200,0x283807e5
3,A-B,2,optimized,256,gf_sqr,12,200,0x283807e5
3,A-B,2,optimized,256,gf_sqr,13,200,0x283807e5
3,A-B,2,optimized,256,gf_sqr,14,200,0x283807e5
3,A-B,2,optimized,256,gf_sqr,15,200,0x283807e5
3,A-B,2,optimized,256,gf_sqr,16,200,0x283807e5
3,A-B,2,optimized,256,gf_sqr,17,200,0x283807e5
3,A-B,2,optimized,256,gf_sqr,18,200,0x283807e5
3,A-B,2,optimized,256,gf_sqr,19,200,0x283807e5
3,A-B,2,optimized,256,gf_sqr,20,200,0x283807e5
3,A-B,2,optimized,256,gf_sqr,21,200,0x283807e5
3,A-B,2,optimized,256,gf_sqr,22,200,0x283807e5
3,A-B,2,optimized,256,gf_sqr,23,200,0x283807e5
3,A-B,2,optimized,256,gf_sqr,24,200,0x283807e5
3,A-B,2,optimized,256,gf_sqr,25,200,0x283807e5
3,A-B,2,optimized,256,gf_sqr,26,200,0x283807e5
3,A-B,2,optimized,256,gf_sqr,27,200,0x283807e5
3,A-B,2,optimized,256,gf_sqr,28,200,0x283807e5
3,A-B,2,optimized,256,gf_sqr,29,200,0x283807e5
3,A-B,2,optimized,256,gf_sqr,30,200,0x283807e5
3,A-B,2,optimized,256,gf_sqr,31,200,0x283807e5
3,A-B,2,optimized,256,gf_sqr,32,200,0x283807e5
3,A-B,2,optimized,256,gf_sqr,33,200,0x283807e5
3,A-B,2,optimized,256,gf_sqr,34,200,0x283807e5
3,A-B,2,optimized,256,gf_sqr,35,200,0x283807e5
3,A-B,2,optimized,256,gf_sqr,36,200,0x283807e5
3,A-B,2,optimized,256,gf_sqr,37,200,0x283807e5
3,A-B,2,optimized,256,gf_sqr,38,200,0x283807e5
3,A-B,2,optimized,256,gf_sqr,39,200,0x283807e5
3,A-B,2,optimized,256,gf_sqr,40,200,0x283807e5
3,A-B,2,optimized,256,gf_sqr,41,200,0x283807e5
3,A-B,2,optimized,256,gf_sqr,42,200,0x283807e5
3,A-B,2,optimized,256,gf_sqr,43,200,0x283807e5
3,A-B,2,optimized,256,gf_sqr,44,200,0x283807e5
3,A-B,2,optimized,256,gf_sqr,45,200,0x283807e5
3,A-B,2,optimized,256,gf_sqr,46,200,0x283807e5
3,A-B,2,optimized,256,gf_sqr,47,200,0x283807e5
3,A-B,2,optimized,256,gf_sqr,48,200,0x283807e5
3,A-B,2,optimized,256,gf_sqr,49,200,0x283807e5
4,B-A,1,optimized,128,gf_mul,0,1969,0x54cada71
4,B-A,1,optimized,128,gf_mul,1,1968,0x54cada71
4,B-A,1,optimized,128,gf_mul,2,1968,0x54cada71
4,B-A,1,optimized,128,gf_mul,3,1967,0x54cada71
4,B-A,1,optimized,128,gf_mul,4,1967,0x54cada71
4,B-A,1,optimized,128,gf_mul,5,1967,0x54cada71
4,B-A,1,optimized,128,gf_mul,6,1967,0x54cada71
4,B-A,1,optimized,128,gf_mul,7,1967,0x54cada71
4,B-A,1,optimized,128,gf_mul,8,1967,0x54cada71
4,B-A,1,optimized,128,gf_mul,9,1967,0x54cada71
4,B-A,1,optimized,128,gf_mul,10,1967,0x54cada71
4,B-A,1,optimized,128,gf_mul,11,1967,0x54cada71
4,B-A,1,optimized,128,gf_mul,12,1967,0x54cada71
4,B-A,1,optimized,128,gf_mul,13,1967,0x54cada71
4,B-A,1,optimized,128,gf_mul,14,1967,0x54cada71
4,B-A,1,optimized,128,gf_mul,15,1967,0x54cada71
4,B-A,1,optimized,128,gf_mul,16,1967,0x54cada71
4,B-A,1,optimized,128,gf_mul,17,1967,0x54cada71
4,B-A,1,optimized,128,gf_mul,18,1967,0x54cada71
4,B-A,1,optimized,128,gf_mul,19,1967,0x54cada71
4,B-A,1,optimized,128,gf_mul,20,1967,0x54cada71
4,B-A,1,optimized,128,gf_mul,21,1967,0x54cada71
4,B-A,1,optimized,128,gf_mul,22,1967,0x54cada71
4,B-A,1,optimized,128,gf_mul,23,1967,0x54cada71
4,B-A,1,optimized,128,gf_mul,24,1967,0x54cada71
4,B-A,1,optimized,128,gf_mul,25,1967,0x54cada71
4,B-A,1,optimized,128,gf_mul,26,1967,0x54cada71
4,B-A,1,optimized,128,gf_mul,27,1967,0x54cada71
4,B-A,1,optimized,128,gf_mul,28,1967,0x54cada71
4,B-A,1,optimized,128,gf_mul,29,1967,0x54cada71
4,B-A,1,optimized,128,gf_mul,30,1967,0x54cada71
4,B-A,1,optimized,128,gf_mul,31,1967,0x54cada71
4,B-A,1,optimized,128,gf_mul,32,1967,0x54cada71
4,B-A,1,optimized,128,gf_mul,33,1967,0x54cada71
4,B-A,1,optimized,128,gf_mul,34,1967,0x54cada71
4,B-A,1,optimized,128,gf_mul,35,1967,0x54cada71
4,B-A,1,optimized,128,gf_mul,36,1967,0x54cada71
4,B-A,1,optimized,128,gf_mul,37,1967,0x54cada71
4,B-A,1,optimized,128,gf_mul,38,1967,0x54cada71
4,B-A,1,optimized,128,gf_mul,39,1967,0x54cada71
4,B-A,1,optimized,128,gf_mul,40,1967,0x54cada71
4,B-A,1,optimized,128,gf_mul,41,1967,0x54cada71
4,B-A,1,optimized,128,gf_mul,42,1967,0x54cada71
4,B-A,1,optimized,128,gf_mul,43,1967,0x54cada71
4,B-A,1,optimized,128,gf_mul,44,1967,0x54cada71
4,B-A,1,optimized,128,gf_mul,45,1967,0x54cada71
4,B-A,1,optimized,128,gf_mul,46,1967,0x54cada71
4,B-A,1,optimized,128,gf_mul,47,1967,0x54cada71
4,B-A,1,optimized,128,gf_mul,48,1967,0x54cada71
4,B-A,1,optimized,128,gf_mul,49,1967,0x54cada71
4,B-A,1,optimized,128,gf_sqr,0,107,0x54cada71
4,B-A,1,optimized,128,gf_sqr,1,107,0x54cada71
4,B-A,1,optimized,128,gf_sqr,2,107,0x54cada71
4,B-A,1,optimized,128,gf_sqr,3,106,0x54cada71
4,B-A,1,optimized,128,gf_sqr,4,106,0x54cada71
4,B-A,1,optimized,128,gf_sqr,5,106,0x54cada71
4,B-A,1,optimized,128,gf_sqr,6,106,0x54cada71
4,B-A,1,optimized,128,gf_sqr,7,106,0x54cada71
4,B-A,1,optimized,128,gf_sqr,8,106,0x54cada71
4,B-A,1,optimized,128,gf_sqr,9,106,0x54cada71
4,B-A,1,optimized,128,gf_sqr,10,106,0x54cada71
4,B-A,1,optimized,128,gf_sqr,11,106,0x54cada71
4,B-A,1,optimized,128,gf_sqr,12,106,0x54cada71
4,B-A,1,optimized,128,gf_sqr,13,106,0x54cada71
4,B-A,1,optimized,128,gf_sqr,14,106,0x54cada71
4,B-A,1,optimized,128,gf_sqr,15,106,0x54cada71
4,B-A,1,optimized,128,gf_sqr,16,106,0x54cada71
4,B-A,1,optimized,128,gf_sqr,17,106,0x54cada71
4,B-A,1,optimized,128,gf_sqr,18,106,0x54cada71
4,B-A,1,optimized,128,gf_sqr,19,106,0x54cada71
4,B-A,1,optimized,128,gf_sqr,20,106,0x54cada71
4,B-A,1,optimized,128,gf_sqr,21,106,0x54cada71
4,B-A,1,optimized,128,gf_sqr,22,106,0x54cada71
4,B-A,1,optimized,128,gf_sqr,23,106,0x54cada71
4,B-A,1,optimized,128,gf_sqr,24,106,0x54cada71
4,B-A,1,optimized,128,gf_sqr,25,106,0x54cada71
4,B-A,1,optimized,128,gf_sqr,26,106,0x54cada71
4,B-A,1,optimized,128,gf_sqr,27,106,0x54cada71
4,B-A,1,optimized,128,gf_sqr,28,106,0x54cada71
4,B-A,1,optimized,128,gf_sqr,29,106,0x54cada71
4,B-A,1,optimized,128,gf_sqr,30,106,0x54cada71
4,B-A,1,optimized,128,gf_sqr,31,106,0x54cada71
4,B-A,1,optimized,128,gf_sqr,32,106,0x54cada71
4,B-A,1,optimized,128,gf_sqr,33,106,0x54cada71
4,B-A,1,optimized,128,gf_sqr,34,106,0x54cada71
4,B-A,1,optimized,128,gf_sqr,35,106,0x54cada71
4,B-A,1,optimized,128,gf_sqr,36,106,0x54cada71
4,B-A,1,optimized,128,gf_sqr,37,106,0x54cada71
4,B-A,1,optimized,128,gf_sqr,38,106,0x54cada71
4,B-A,1,optimized,128,gf_sqr,39,106,0x54cada71
4,B-A,1,optimized,128,gf_sqr,40,106,0x54cada71
4,B-A,1,optimized,128,gf_sqr,41,106,0x54cada71
4,B-A,1,optimized,128,gf_sqr,42,106,0x54cada71
4,B-A,1,optimized,128,gf_sqr,43,106,0x54cada71
4,B-A,1,optimized,128,gf_sqr,44,106,0x54cada71
4,B-A,1,optimized,128,gf_sqr,45,106,0x54cada71
4,B-A,1,optimized,128,gf_sqr,46,106,0x54cada71
4,B-A,1,optimized,128,gf_sqr,47,106,0x54cada71
4,B-A,1,optimized,128,gf_sqr,48,106,0x54cada71
4,B-A,1,optimized,128,gf_sqr,49,106,0x54cada71
4,B-A,2,reference,128,gf_mul,0,1969,0x54cada71
4,B-A,2,reference,128,gf_mul,1,1965,0x54cada71
4,B-A,2,reference,128,gf_mul,2,1965,0x54cada71
4,B-A,2,reference,128,gf_mul,3,1964,0x54cada71
4,B-A,2,reference,128,gf_mul,4,1964,0x54cada71
4,B-A,2,reference,128,gf_mul,5,1964,0x54cada71
4,B-A,2,reference,128,gf_mul,6,1964,0x54cada71
4,B-A,2,reference,128,gf_mul,7,1964,0x54cada71
4,B-A,2,reference,128,gf_mul,8,1964,0x54cada71
4,B-A,2,reference,128,gf_mul,9,1964,0x54cada71
4,B-A,2,reference,128,gf_mul,10,1964,0x54cada71
4,B-A,2,reference,128,gf_mul,11,1964,0x54cada71
4,B-A,2,reference,128,gf_mul,12,1964,0x54cada71
4,B-A,2,reference,128,gf_mul,13,1964,0x54cada71
4,B-A,2,reference,128,gf_mul,14,1964,0x54cada71
4,B-A,2,reference,128,gf_mul,15,1964,0x54cada71
4,B-A,2,reference,128,gf_mul,16,1964,0x54cada71
4,B-A,2,reference,128,gf_mul,17,1964,0x54cada71
4,B-A,2,reference,128,gf_mul,18,1964,0x54cada71
4,B-A,2,reference,128,gf_mul,19,1964,0x54cada71
4,B-A,2,reference,128,gf_mul,20,1964,0x54cada71
4,B-A,2,reference,128,gf_mul,21,1964,0x54cada71
4,B-A,2,reference,128,gf_mul,22,1964,0x54cada71
4,B-A,2,reference,128,gf_mul,23,1964,0x54cada71
4,B-A,2,reference,128,gf_mul,24,1964,0x54cada71
4,B-A,2,reference,128,gf_mul,25,1964,0x54cada71
4,B-A,2,reference,128,gf_mul,26,1964,0x54cada71
4,B-A,2,reference,128,gf_mul,27,1964,0x54cada71
4,B-A,2,reference,128,gf_mul,28,1964,0x54cada71
4,B-A,2,reference,128,gf_mul,29,1964,0x54cada71
4,B-A,2,reference,128,gf_mul,30,1964,0x54cada71
4,B-A,2,reference,128,gf_mul,31,1964,0x54cada71
4,B-A,2,reference,128,gf_mul,32,1964,0x54cada71
4,B-A,2,reference,128,gf_mul,33,1964,0x54cada71
4,B-A,2,reference,128,gf_mul,34,1964,0x54cada71
4,B-A,2,reference,128,gf_mul,35,1964,0x54cada71
4,B-A,2,reference,128,gf_mul,36,1964,0x54cada71
4,B-A,2,reference,128,gf_mul,37,1964,0x54cada71
4,B-A,2,reference,128,gf_mul,38,1964,0x54cada71
4,B-A,2,reference,128,gf_mul,39,1964,0x54cada71
4,B-A,2,reference,128,gf_mul,40,1964,0x54cada71
4,B-A,2,reference,128,gf_mul,41,1964,0x54cada71
4,B-A,2,reference,128,gf_mul,42,1964,0x54cada71
4,B-A,2,reference,128,gf_mul,43,1964,0x54cada71
4,B-A,2,reference,128,gf_mul,44,1964,0x54cada71
4,B-A,2,reference,128,gf_mul,45,1964,0x54cada71
4,B-A,2,reference,128,gf_mul,46,1964,0x54cada71
4,B-A,2,reference,128,gf_mul,47,1964,0x54cada71
4,B-A,2,reference,128,gf_mul,48,1964,0x54cada71
4,B-A,2,reference,128,gf_mul,49,1964,0x54cada71
4,B-A,2,reference,128,gf_sqr,0,107,0x54cada71
4,B-A,2,reference,128,gf_sqr,1,103,0x54cada71
4,B-A,2,reference,128,gf_sqr,2,103,0x54cada71
4,B-A,2,reference,128,gf_sqr,3,102,0x54cada71
4,B-A,2,reference,128,gf_sqr,4,102,0x54cada71
4,B-A,2,reference,128,gf_sqr,5,102,0x54cada71
4,B-A,2,reference,128,gf_sqr,6,102,0x54cada71
4,B-A,2,reference,128,gf_sqr,7,102,0x54cada71
4,B-A,2,reference,128,gf_sqr,8,102,0x54cada71
4,B-A,2,reference,128,gf_sqr,9,102,0x54cada71
4,B-A,2,reference,128,gf_sqr,10,102,0x54cada71
4,B-A,2,reference,128,gf_sqr,11,102,0x54cada71
4,B-A,2,reference,128,gf_sqr,12,102,0x54cada71
4,B-A,2,reference,128,gf_sqr,13,102,0x54cada71
4,B-A,2,reference,128,gf_sqr,14,102,0x54cada71
4,B-A,2,reference,128,gf_sqr,15,102,0x54cada71
4,B-A,2,reference,128,gf_sqr,16,102,0x54cada71
4,B-A,2,reference,128,gf_sqr,17,102,0x54cada71
4,B-A,2,reference,128,gf_sqr,18,102,0x54cada71
4,B-A,2,reference,128,gf_sqr,19,102,0x54cada71
4,B-A,2,reference,128,gf_sqr,20,102,0x54cada71
4,B-A,2,reference,128,gf_sqr,21,102,0x54cada71
4,B-A,2,reference,128,gf_sqr,22,102,0x54cada71
4,B-A,2,reference,128,gf_sqr,23,102,0x54cada71
4,B-A,2,reference,128,gf_sqr,24,102,0x54cada71
4,B-A,2,reference,128,gf_sqr,25,102,0x54cada71
4,B-A,2,reference,128,gf_sqr,26,102,0x54cada71
4,B-A,2,reference,128,gf_sqr,27,102,0x54cada71
4,B-A,2,reference,128,gf_sqr,28,102,0x54cada71
4,B-A,2,reference,128,gf_sqr,29,102,0x54cada71
4,B-A,2,reference,128,gf_sqr,30,102,0x54cada71
4,B-A,2,reference,128,gf_sqr,31,102,0x54cada71
4,B-A,2,reference,128,gf_sqr,32,102,0x54cada71
4,B-A,2,reference,128,gf_sqr,33,102,0x54cada71
4,B-A,2,reference,128,gf_sqr,34,102,0x54cada71
4,B-A,2,reference,128,gf_sqr,35,102,0x54cada71
4,B-A,2,reference,128,gf_sqr,36,102,0x54cada71
4,B-A,2,reference,128,gf_sqr,37,102,0x54cada71
4,B-A,2,reference,128,gf_sqr,38,102,0x54cada71
4,B-A,2,reference,128,gf_sqr,39,102,0x54cada71
4,B-A,2,reference,128,gf_sqr,40,102,0x54cada71
4,B-A,2,reference,128,gf_sqr,41,102,0x54cada71
4,B-A,2,reference,128,gf_sqr,42,102,0x54cada71
4,B-A,2,reference,128,gf_sqr,43,102,0x54cada71
4,B-A,2,reference,128,gf_sqr,44,102,0x54cada71
4,B-A,2,reference,128,gf_sqr,45,102,0x54cada71
4,B-A,2,reference,128,gf_sqr,46,102,0x54cada71
4,B-A,2,reference,128,gf_sqr,47,102,0x54cada71
4,B-A,2,reference,128,gf_sqr,48,102,0x54cada71
4,B-A,2,reference,128,gf_sqr,49,102,0x54cada71
4,B-A,1,optimized,192,gf_mul,0,3927,0x2bf8b731
4,B-A,1,optimized,192,gf_mul,1,3927,0x2bf8b731
4,B-A,1,optimized,192,gf_mul,2,3927,0x2bf8b731
4,B-A,1,optimized,192,gf_mul,3,3926,0x2bf8b731
4,B-A,1,optimized,192,gf_mul,4,3926,0x2bf8b731
4,B-A,1,optimized,192,gf_mul,5,3926,0x2bf8b731
4,B-A,1,optimized,192,gf_mul,6,3926,0x2bf8b731
4,B-A,1,optimized,192,gf_mul,7,3926,0x2bf8b731
4,B-A,1,optimized,192,gf_mul,8,3926,0x2bf8b731
4,B-A,1,optimized,192,gf_mul,9,3926,0x2bf8b731
4,B-A,1,optimized,192,gf_mul,10,3926,0x2bf8b731
4,B-A,1,optimized,192,gf_mul,11,3926,0x2bf8b731
4,B-A,1,optimized,192,gf_mul,12,3926,0x2bf8b731
4,B-A,1,optimized,192,gf_mul,13,3926,0x2bf8b731
4,B-A,1,optimized,192,gf_mul,14,3926,0x2bf8b731
4,B-A,1,optimized,192,gf_mul,15,3926,0x2bf8b731
4,B-A,1,optimized,192,gf_mul,16,3926,0x2bf8b731
4,B-A,1,optimized,192,gf_mul,17,3926,0x2bf8b731
4,B-A,1,optimized,192,gf_mul,18,3926,0x2bf8b731
4,B-A,1,optimized,192,gf_mul,19,3926,0x2bf8b731
4,B-A,1,optimized,192,gf_mul,20,3926,0x2bf8b731
4,B-A,1,optimized,192,gf_mul,21,3926,0x2bf8b731
4,B-A,1,optimized,192,gf_mul,22,3926,0x2bf8b731
4,B-A,1,optimized,192,gf_mul,23,3926,0x2bf8b731
4,B-A,1,optimized,192,gf_mul,24,3926,0x2bf8b731
4,B-A,1,optimized,192,gf_mul,25,3926,0x2bf8b731
4,B-A,1,optimized,192,gf_mul,26,3926,0x2bf8b731
4,B-A,1,optimized,192,gf_mul,27,3926,0x2bf8b731
4,B-A,1,optimized,192,gf_mul,28,3926,0x2bf8b731
4,B-A,1,optimized,192,gf_mul,29,3926,0x2bf8b731
4,B-A,1,optimized,192,gf_mul,30,3926,0x2bf8b731
4,B-A,1,optimized,192,gf_mul,31,3926,0x2bf8b731
4,B-A,1,optimized,192,gf_mul,32,3926,0x2bf8b731
4,B-A,1,optimized,192,gf_mul,33,3926,0x2bf8b731
4,B-A,1,optimized,192,gf_mul,34,3926,0x2bf8b731
4,B-A,1,optimized,192,gf_mul,35,3926,0x2bf8b731
4,B-A,1,optimized,192,gf_mul,36,3926,0x2bf8b731
4,B-A,1,optimized,192,gf_mul,37,3926,0x2bf8b731
4,B-A,1,optimized,192,gf_mul,38,3926,0x2bf8b731
4,B-A,1,optimized,192,gf_mul,39,3926,0x2bf8b731
4,B-A,1,optimized,192,gf_mul,40,3926,0x2bf8b731
4,B-A,1,optimized,192,gf_mul,41,3926,0x2bf8b731
4,B-A,1,optimized,192,gf_mul,42,3926,0x2bf8b731
4,B-A,1,optimized,192,gf_mul,43,3926,0x2bf8b731
4,B-A,1,optimized,192,gf_mul,44,3926,0x2bf8b731
4,B-A,1,optimized,192,gf_mul,45,3926,0x2bf8b731
4,B-A,1,optimized,192,gf_mul,46,3926,0x2bf8b731
4,B-A,1,optimized,192,gf_mul,47,3926,0x2bf8b731
4,B-A,1,optimized,192,gf_mul,48,3926,0x2bf8b731
4,B-A,1,optimized,192,gf_mul,49,3926,0x2bf8b731
4,B-A,1,optimized,192,gf_sqr,0,144,0x2bf8b731
4,B-A,1,optimized,192,gf_sqr,1,144,0x2bf8b731
4,B-A,1,optimized,192,gf_sqr,2,143,0x2bf8b731
4,B-A,1,optimized,192,gf_sqr,3,144,0x2bf8b731
4,B-A,1,optimized,192,gf_sqr,4,144,0x2bf8b731
4,B-A,1,optimized,192,gf_sqr,5,144,0x2bf8b731
4,B-A,1,optimized,192,gf_sqr,6,144,0x2bf8b731
4,B-A,1,optimized,192,gf_sqr,7,144,0x2bf8b731
4,B-A,1,optimized,192,gf_sqr,8,144,0x2bf8b731
4,B-A,1,optimized,192,gf_sqr,9,144,0x2bf8b731
4,B-A,1,optimized,192,gf_sqr,10,144,0x2bf8b731
4,B-A,1,optimized,192,gf_sqr,11,144,0x2bf8b731
4,B-A,1,optimized,192,gf_sqr,12,144,0x2bf8b731
4,B-A,1,optimized,192,gf_sqr,13,144,0x2bf8b731
4,B-A,1,optimized,192,gf_sqr,14,144,0x2bf8b731
4,B-A,1,optimized,192,gf_sqr,15,144,0x2bf8b731
4,B-A,1,optimized,192,gf_sqr,16,144,0x2bf8b731
4,B-A,1,optimized,192,gf_sqr,17,144,0x2bf8b731
4,B-A,1,optimized,192,gf_sqr,18,144,0x2bf8b731
4,B-A,1,optimized,192,gf_sqr,19,144,0x2bf8b731
4,B-A,1,optimized,192,gf_sqr,20,144,0x2bf8b731
4,B-A,1,optimized,192,gf_sqr,21,144,0x2bf8b731
4,B-A,1,optimized,192,gf_sqr,22,144,0x2bf8b731
4,B-A,1,optimized,192,gf_sqr,23,144,0x2bf8b731
4,B-A,1,optimized,192,gf_sqr,24,144,0x2bf8b731
4,B-A,1,optimized,192,gf_sqr,25,144,0x2bf8b731
4,B-A,1,optimized,192,gf_sqr,26,144,0x2bf8b731
4,B-A,1,optimized,192,gf_sqr,27,144,0x2bf8b731
4,B-A,1,optimized,192,gf_sqr,28,144,0x2bf8b731
4,B-A,1,optimized,192,gf_sqr,29,144,0x2bf8b731
4,B-A,1,optimized,192,gf_sqr,30,144,0x2bf8b731
4,B-A,1,optimized,192,gf_sqr,31,144,0x2bf8b731
4,B-A,1,optimized,192,gf_sqr,32,144,0x2bf8b731
4,B-A,1,optimized,192,gf_sqr,33,144,0x2bf8b731
4,B-A,1,optimized,192,gf_sqr,34,144,0x2bf8b731
4,B-A,1,optimized,192,gf_sqr,35,144,0x2bf8b731
4,B-A,1,optimized,192,gf_sqr,36,144,0x2bf8b731
4,B-A,1,optimized,192,gf_sqr,37,144,0x2bf8b731
4,B-A,1,optimized,192,gf_sqr,38,144,0x2bf8b731
4,B-A,1,optimized,192,gf_sqr,39,144,0x2bf8b731
4,B-A,1,optimized,192,gf_sqr,40,144,0x2bf8b731
4,B-A,1,optimized,192,gf_sqr,41,144,0x2bf8b731
4,B-A,1,optimized,192,gf_sqr,42,144,0x2bf8b731
4,B-A,1,optimized,192,gf_sqr,43,144,0x2bf8b731
4,B-A,1,optimized,192,gf_sqr,44,144,0x2bf8b731
4,B-A,1,optimized,192,gf_sqr,45,144,0x2bf8b731
4,B-A,1,optimized,192,gf_sqr,46,144,0x2bf8b731
4,B-A,1,optimized,192,gf_sqr,47,144,0x2bf8b731
4,B-A,1,optimized,192,gf_sqr,48,144,0x2bf8b731
4,B-A,1,optimized,192,gf_sqr,49,144,0x2bf8b731
4,B-A,2,reference,192,gf_mul,0,3927,0x2bf8b731
4,B-A,2,reference,192,gf_mul,1,3927,0x2bf8b731
4,B-A,2,reference,192,gf_mul,2,3927,0x2bf8b731
4,B-A,2,reference,192,gf_mul,3,3926,0x2bf8b731
4,B-A,2,reference,192,gf_mul,4,3926,0x2bf8b731
4,B-A,2,reference,192,gf_mul,5,3926,0x2bf8b731
4,B-A,2,reference,192,gf_mul,6,3926,0x2bf8b731
4,B-A,2,reference,192,gf_mul,7,3926,0x2bf8b731
4,B-A,2,reference,192,gf_mul,8,3926,0x2bf8b731
4,B-A,2,reference,192,gf_mul,9,3926,0x2bf8b731
4,B-A,2,reference,192,gf_mul,10,3926,0x2bf8b731
4,B-A,2,reference,192,gf_mul,11,3926,0x2bf8b731
4,B-A,2,reference,192,gf_mul,12,3926,0x2bf8b731
4,B-A,2,reference,192,gf_mul,13,3926,0x2bf8b731
4,B-A,2,reference,192,gf_mul,14,3926,0x2bf8b731
4,B-A,2,reference,192,gf_mul,15,3926,0x2bf8b731
4,B-A,2,reference,192,gf_mul,16,3926,0x2bf8b731
4,B-A,2,reference,192,gf_mul,17,3926,0x2bf8b731
4,B-A,2,reference,192,gf_mul,18,3926,0x2bf8b731
4,B-A,2,reference,192,gf_mul,19,3926,0x2bf8b731
4,B-A,2,reference,192,gf_mul,20,3926,0x2bf8b731
4,B-A,2,reference,192,gf_mul,21,3926,0x2bf8b731
4,B-A,2,reference,192,gf_mul,22,3926,0x2bf8b731
4,B-A,2,reference,192,gf_mul,23,3926,0x2bf8b731
4,B-A,2,reference,192,gf_mul,24,3926,0x2bf8b731
4,B-A,2,reference,192,gf_mul,25,3926,0x2bf8b731
4,B-A,2,reference,192,gf_mul,26,3926,0x2bf8b731
4,B-A,2,reference,192,gf_mul,27,3926,0x2bf8b731
4,B-A,2,reference,192,gf_mul,28,3926,0x2bf8b731
4,B-A,2,reference,192,gf_mul,29,3926,0x2bf8b731
4,B-A,2,reference,192,gf_mul,30,3926,0x2bf8b731
4,B-A,2,reference,192,gf_mul,31,3926,0x2bf8b731
4,B-A,2,reference,192,gf_mul,32,3926,0x2bf8b731
4,B-A,2,reference,192,gf_mul,33,3926,0x2bf8b731
4,B-A,2,reference,192,gf_mul,34,3926,0x2bf8b731
4,B-A,2,reference,192,gf_mul,35,3926,0x2bf8b731
4,B-A,2,reference,192,gf_mul,36,3926,0x2bf8b731
4,B-A,2,reference,192,gf_mul,37,3926,0x2bf8b731
4,B-A,2,reference,192,gf_mul,38,3926,0x2bf8b731
4,B-A,2,reference,192,gf_mul,39,3926,0x2bf8b731
4,B-A,2,reference,192,gf_mul,40,3926,0x2bf8b731
4,B-A,2,reference,192,gf_mul,41,3926,0x2bf8b731
4,B-A,2,reference,192,gf_mul,42,3926,0x2bf8b731
4,B-A,2,reference,192,gf_mul,43,3926,0x2bf8b731
4,B-A,2,reference,192,gf_mul,44,3926,0x2bf8b731
4,B-A,2,reference,192,gf_mul,45,3926,0x2bf8b731
4,B-A,2,reference,192,gf_mul,46,3926,0x2bf8b731
4,B-A,2,reference,192,gf_mul,47,3926,0x2bf8b731
4,B-A,2,reference,192,gf_mul,48,3926,0x2bf8b731
4,B-A,2,reference,192,gf_mul,49,3926,0x2bf8b731
4,B-A,2,reference,192,gf_sqr,0,144,0x2bf8b731
4,B-A,2,reference,192,gf_sqr,1,144,0x2bf8b731
4,B-A,2,reference,192,gf_sqr,2,143,0x2bf8b731
4,B-A,2,reference,192,gf_sqr,3,144,0x2bf8b731
4,B-A,2,reference,192,gf_sqr,4,144,0x2bf8b731
4,B-A,2,reference,192,gf_sqr,5,144,0x2bf8b731
4,B-A,2,reference,192,gf_sqr,6,144,0x2bf8b731
4,B-A,2,reference,192,gf_sqr,7,144,0x2bf8b731
4,B-A,2,reference,192,gf_sqr,8,144,0x2bf8b731
4,B-A,2,reference,192,gf_sqr,9,144,0x2bf8b731
4,B-A,2,reference,192,gf_sqr,10,144,0x2bf8b731
4,B-A,2,reference,192,gf_sqr,11,144,0x2bf8b731
4,B-A,2,reference,192,gf_sqr,12,144,0x2bf8b731
4,B-A,2,reference,192,gf_sqr,13,144,0x2bf8b731
4,B-A,2,reference,192,gf_sqr,14,144,0x2bf8b731
4,B-A,2,reference,192,gf_sqr,15,144,0x2bf8b731
4,B-A,2,reference,192,gf_sqr,16,144,0x2bf8b731
4,B-A,2,reference,192,gf_sqr,17,144,0x2bf8b731
4,B-A,2,reference,192,gf_sqr,18,144,0x2bf8b731
4,B-A,2,reference,192,gf_sqr,19,144,0x2bf8b731
4,B-A,2,reference,192,gf_sqr,20,144,0x2bf8b731
4,B-A,2,reference,192,gf_sqr,21,144,0x2bf8b731
4,B-A,2,reference,192,gf_sqr,22,144,0x2bf8b731
4,B-A,2,reference,192,gf_sqr,23,144,0x2bf8b731
4,B-A,2,reference,192,gf_sqr,24,144,0x2bf8b731
4,B-A,2,reference,192,gf_sqr,25,144,0x2bf8b731
4,B-A,2,reference,192,gf_sqr,26,144,0x2bf8b731
4,B-A,2,reference,192,gf_sqr,27,144,0x2bf8b731
4,B-A,2,reference,192,gf_sqr,28,144,0x2bf8b731
4,B-A,2,reference,192,gf_sqr,29,144,0x2bf8b731
4,B-A,2,reference,192,gf_sqr,30,144,0x2bf8b731
4,B-A,2,reference,192,gf_sqr,31,144,0x2bf8b731
4,B-A,2,reference,192,gf_sqr,32,144,0x2bf8b731
4,B-A,2,reference,192,gf_sqr,33,144,0x2bf8b731
4,B-A,2,reference,192,gf_sqr,34,144,0x2bf8b731
4,B-A,2,reference,192,gf_sqr,35,144,0x2bf8b731
4,B-A,2,reference,192,gf_sqr,36,144,0x2bf8b731
4,B-A,2,reference,192,gf_sqr,37,144,0x2bf8b731
4,B-A,2,reference,192,gf_sqr,38,144,0x2bf8b731
4,B-A,2,reference,192,gf_sqr,39,144,0x2bf8b731
4,B-A,2,reference,192,gf_sqr,40,144,0x2bf8b731
4,B-A,2,reference,192,gf_sqr,41,144,0x2bf8b731
4,B-A,2,reference,192,gf_sqr,42,144,0x2bf8b731
4,B-A,2,reference,192,gf_sqr,43,144,0x2bf8b731
4,B-A,2,reference,192,gf_sqr,44,144,0x2bf8b731
4,B-A,2,reference,192,gf_sqr,45,144,0x2bf8b731
4,B-A,2,reference,192,gf_sqr,46,144,0x2bf8b731
4,B-A,2,reference,192,gf_sqr,47,144,0x2bf8b731
4,B-A,2,reference,192,gf_sqr,48,144,0x2bf8b731
4,B-A,2,reference,192,gf_sqr,49,144,0x2bf8b731
4,B-A,1,optimized,256,gf_mul,0,5942,0x283807e5
4,B-A,1,optimized,256,gf_mul,1,5940,0x283807e5
4,B-A,1,optimized,256,gf_mul,2,5941,0x283807e5
4,B-A,1,optimized,256,gf_mul,3,5940,0x283807e5
4,B-A,1,optimized,256,gf_mul,4,5940,0x283807e5
4,B-A,1,optimized,256,gf_mul,5,5940,0x283807e5
4,B-A,1,optimized,256,gf_mul,6,5940,0x283807e5
4,B-A,1,optimized,256,gf_mul,7,5940,0x283807e5
4,B-A,1,optimized,256,gf_mul,8,5940,0x283807e5
4,B-A,1,optimized,256,gf_mul,9,5940,0x283807e5
4,B-A,1,optimized,256,gf_mul,10,5940,0x283807e5
4,B-A,1,optimized,256,gf_mul,11,5940,0x283807e5
4,B-A,1,optimized,256,gf_mul,12,5940,0x283807e5
4,B-A,1,optimized,256,gf_mul,13,5940,0x283807e5
4,B-A,1,optimized,256,gf_mul,14,5940,0x283807e5
4,B-A,1,optimized,256,gf_mul,15,5940,0x283807e5
4,B-A,1,optimized,256,gf_mul,16,5940,0x283807e5
4,B-A,1,optimized,256,gf_mul,17,5940,0x283807e5
4,B-A,1,optimized,256,gf_mul,18,5940,0x283807e5
4,B-A,1,optimized,256,gf_mul,19,5940,0x283807e5
4,B-A,1,optimized,256,gf_mul,20,5940,0x283807e5
4,B-A,1,optimized,256,gf_mul,21,5940,0x283807e5
4,B-A,1,optimized,256,gf_mul,22,5940,0x283807e5
4,B-A,1,optimized,256,gf_mul,23,5940,0x283807e5
4,B-A,1,optimized,256,gf_mul,24,5940,0x283807e5
4,B-A,1,optimized,256,gf_mul,25,5940,0x283807e5
4,B-A,1,optimized,256,gf_mul,26,5940,0x283807e5
4,B-A,1,optimized,256,gf_mul,27,5940,0x283807e5
4,B-A,1,optimized,256,gf_mul,28,5940,0x283807e5
4,B-A,1,optimized,256,gf_mul,29,5940,0x283807e5
4,B-A,1,optimized,256,gf_mul,30,5940,0x283807e5
4,B-A,1,optimized,256,gf_mul,31,5940,0x283807e5
4,B-A,1,optimized,256,gf_mul,32,5940,0x283807e5
4,B-A,1,optimized,256,gf_mul,33,5940,0x283807e5
4,B-A,1,optimized,256,gf_mul,34,5940,0x283807e5
4,B-A,1,optimized,256,gf_mul,35,5940,0x283807e5
4,B-A,1,optimized,256,gf_mul,36,5940,0x283807e5
4,B-A,1,optimized,256,gf_mul,37,5940,0x283807e5
4,B-A,1,optimized,256,gf_mul,38,5940,0x283807e5
4,B-A,1,optimized,256,gf_mul,39,5940,0x283807e5
4,B-A,1,optimized,256,gf_mul,40,5940,0x283807e5
4,B-A,1,optimized,256,gf_mul,41,5940,0x283807e5
4,B-A,1,optimized,256,gf_mul,42,5940,0x283807e5
4,B-A,1,optimized,256,gf_mul,43,5940,0x283807e5
4,B-A,1,optimized,256,gf_mul,44,5940,0x283807e5
4,B-A,1,optimized,256,gf_mul,45,5940,0x283807e5
4,B-A,1,optimized,256,gf_mul,46,5940,0x283807e5
4,B-A,1,optimized,256,gf_mul,47,5940,0x283807e5
4,B-A,1,optimized,256,gf_mul,48,5940,0x283807e5
4,B-A,1,optimized,256,gf_mul,49,5940,0x283807e5
4,B-A,1,optimized,256,gf_sqr,0,202,0x283807e5
4,B-A,1,optimized,256,gf_sqr,1,200,0x283807e5
4,B-A,1,optimized,256,gf_sqr,2,201,0x283807e5
4,B-A,1,optimized,256,gf_sqr,3,200,0x283807e5
4,B-A,1,optimized,256,gf_sqr,4,200,0x283807e5
4,B-A,1,optimized,256,gf_sqr,5,200,0x283807e5
4,B-A,1,optimized,256,gf_sqr,6,200,0x283807e5
4,B-A,1,optimized,256,gf_sqr,7,200,0x283807e5
4,B-A,1,optimized,256,gf_sqr,8,200,0x283807e5
4,B-A,1,optimized,256,gf_sqr,9,200,0x283807e5
4,B-A,1,optimized,256,gf_sqr,10,200,0x283807e5
4,B-A,1,optimized,256,gf_sqr,11,200,0x283807e5
4,B-A,1,optimized,256,gf_sqr,12,200,0x283807e5
4,B-A,1,optimized,256,gf_sqr,13,200,0x283807e5
4,B-A,1,optimized,256,gf_sqr,14,200,0x283807e5
4,B-A,1,optimized,256,gf_sqr,15,200,0x283807e5
4,B-A,1,optimized,256,gf_sqr,16,200,0x283807e5
4,B-A,1,optimized,256,gf_sqr,17,200,0x283807e5
4,B-A,1,optimized,256,gf_sqr,18,200,0x283807e5
4,B-A,1,optimized,256,gf_sqr,19,200,0x283807e5
4,B-A,1,optimized,256,gf_sqr,20,200,0x283807e5
4,B-A,1,optimized,256,gf_sqr,21,200,0x283807e5
4,B-A,1,optimized,256,gf_sqr,22,200,0x283807e5
4,B-A,1,optimized,256,gf_sqr,23,200,0x283807e5
4,B-A,1,optimized,256,gf_sqr,24,200,0x283807e5
4,B-A,1,optimized,256,gf_sqr,25,200,0x283807e5
4,B-A,1,optimized,256,gf_sqr,26,200,0x283807e5
4,B-A,1,optimized,256,gf_sqr,27,200,0x283807e5
4,B-A,1,optimized,256,gf_sqr,28,200,0x283807e5
4,B-A,1,optimized,256,gf_sqr,29,200,0x283807e5
4,B-A,1,optimized,256,gf_sqr,30,200,0x283807e5
4,B-A,1,optimized,256,gf_sqr,31,200,0x283807e5
4,B-A,1,optimized,256,gf_sqr,32,200,0x283807e5
4,B-A,1,optimized,256,gf_sqr,33,200,0x283807e5
4,B-A,1,optimized,256,gf_sqr,34,200,0x283807e5
4,B-A,1,optimized,256,gf_sqr,35,200,0x283807e5
4,B-A,1,optimized,256,gf_sqr,36,200,0x283807e5
4,B-A,1,optimized,256,gf_sqr,37,200,0x283807e5
4,B-A,1,optimized,256,gf_sqr,38,200,0x283807e5
4,B-A,1,optimized,256,gf_sqr,39,200,0x283807e5
4,B-A,1,optimized,256,gf_sqr,40,200,0x283807e5
4,B-A,1,optimized,256,gf_sqr,41,200,0x283807e5
4,B-A,1,optimized,256,gf_sqr,42,200,0x283807e5
4,B-A,1,optimized,256,gf_sqr,43,200,0x283807e5
4,B-A,1,optimized,256,gf_sqr,44,200,0x283807e5
4,B-A,1,optimized,256,gf_sqr,45,200,0x283807e5
4,B-A,1,optimized,256,gf_sqr,46,200,0x283807e5
4,B-A,1,optimized,256,gf_sqr,47,200,0x283807e5
4,B-A,1,optimized,256,gf_sqr,48,200,0x283807e5
4,B-A,1,optimized,256,gf_sqr,49,200,0x283807e5
4,B-A,2,reference,256,gf_mul,0,5933,0x283807e5
4,B-A,2,reference,256,gf_mul,1,5932,0x283807e5
4,B-A,2,reference,256,gf_mul,2,5932,0x283807e5
4,B-A,2,reference,256,gf_mul,3,5931,0x283807e5
4,B-A,2,reference,256,gf_mul,4,5931,0x283807e5
4,B-A,2,reference,256,gf_mul,5,5931,0x283807e5
4,B-A,2,reference,256,gf_mul,6,5931,0x283807e5
4,B-A,2,reference,256,gf_mul,7,5931,0x283807e5
4,B-A,2,reference,256,gf_mul,8,5931,0x283807e5
4,B-A,2,reference,256,gf_mul,9,5931,0x283807e5
4,B-A,2,reference,256,gf_mul,10,5931,0x283807e5
4,B-A,2,reference,256,gf_mul,11,5931,0x283807e5
4,B-A,2,reference,256,gf_mul,12,5931,0x283807e5
4,B-A,2,reference,256,gf_mul,13,5931,0x283807e5
4,B-A,2,reference,256,gf_mul,14,5931,0x283807e5
4,B-A,2,reference,256,gf_mul,15,5931,0x283807e5
4,B-A,2,reference,256,gf_mul,16,5931,0x283807e5
4,B-A,2,reference,256,gf_mul,17,5931,0x283807e5
4,B-A,2,reference,256,gf_mul,18,5931,0x283807e5
4,B-A,2,reference,256,gf_mul,19,5931,0x283807e5
4,B-A,2,reference,256,gf_mul,20,5931,0x283807e5
4,B-A,2,reference,256,gf_mul,21,5931,0x283807e5
4,B-A,2,reference,256,gf_mul,22,5931,0x283807e5
4,B-A,2,reference,256,gf_mul,23,5931,0x283807e5
4,B-A,2,reference,256,gf_mul,24,5931,0x283807e5
4,B-A,2,reference,256,gf_mul,25,5931,0x283807e5
4,B-A,2,reference,256,gf_mul,26,5931,0x283807e5
4,B-A,2,reference,256,gf_mul,27,5931,0x283807e5
4,B-A,2,reference,256,gf_mul,28,5931,0x283807e5
4,B-A,2,reference,256,gf_mul,29,5931,0x283807e5
4,B-A,2,reference,256,gf_mul,30,5931,0x283807e5
4,B-A,2,reference,256,gf_mul,31,5931,0x283807e5
4,B-A,2,reference,256,gf_mul,32,5931,0x283807e5
4,B-A,2,reference,256,gf_mul,33,5931,0x283807e5
4,B-A,2,reference,256,gf_mul,34,5931,0x283807e5
4,B-A,2,reference,256,gf_mul,35,5931,0x283807e5
4,B-A,2,reference,256,gf_mul,36,5931,0x283807e5
4,B-A,2,reference,256,gf_mul,37,5931,0x283807e5
4,B-A,2,reference,256,gf_mul,38,5931,0x283807e5
4,B-A,2,reference,256,gf_mul,39,5931,0x283807e5
4,B-A,2,reference,256,gf_mul,40,5931,0x283807e5
4,B-A,2,reference,256,gf_mul,41,5931,0x283807e5
4,B-A,2,reference,256,gf_mul,42,5931,0x283807e5
4,B-A,2,reference,256,gf_mul,43,5931,0x283807e5
4,B-A,2,reference,256,gf_mul,44,5931,0x283807e5
4,B-A,2,reference,256,gf_mul,45,5931,0x283807e5
4,B-A,2,reference,256,gf_mul,46,5931,0x283807e5
4,B-A,2,reference,256,gf_mul,47,5931,0x283807e5
4,B-A,2,reference,256,gf_mul,48,5931,0x283807e5
4,B-A,2,reference,256,gf_mul,49,5931,0x283807e5
4,B-A,2,reference,256,gf_sqr,0,203,0x283807e5
4,B-A,2,reference,256,gf_sqr,1,202,0x283807e5
4,B-A,2,reference,256,gf_sqr,2,203,0x283807e5
4,B-A,2,reference,256,gf_sqr,3,202,0x283807e5
4,B-A,2,reference,256,gf_sqr,4,202,0x283807e5
4,B-A,2,reference,256,gf_sqr,5,202,0x283807e5
4,B-A,2,reference,256,gf_sqr,6,202,0x283807e5
4,B-A,2,reference,256,gf_sqr,7,202,0x283807e5
4,B-A,2,reference,256,gf_sqr,8,202,0x283807e5
4,B-A,2,reference,256,gf_sqr,9,202,0x283807e5
4,B-A,2,reference,256,gf_sqr,10,202,0x283807e5
4,B-A,2,reference,256,gf_sqr,11,202,0x283807e5
4,B-A,2,reference,256,gf_sqr,12,202,0x283807e5
4,B-A,2,reference,256,gf_sqr,13,202,0x283807e5
4,B-A,2,reference,256,gf_sqr,14,202,0x283807e5
4,B-A,2,reference,256,gf_sqr,15,202,0x283807e5
4,B-A,2,reference,256,gf_sqr,16,202,0x283807e5
4,B-A,2,reference,256,gf_sqr,17,202,0x283807e5
4,B-A,2,reference,256,gf_sqr,18,202,0x283807e5
4,B-A,2,reference,256,gf_sqr,19,202,0x283807e5
4,B-A,2,reference,256,gf_sqr,20,202,0x283807e5
4,B-A,2,reference,256,gf_sqr,21,202,0x283807e5
4,B-A,2,reference,256,gf_sqr,22,202,0x283807e5
4,B-A,2,reference,256,gf_sqr,23,202,0x283807e5
4,B-A,2,reference,256,gf_sqr,24,202,0x283807e5
4,B-A,2,reference,256,gf_sqr,25,202,0x283807e5
4,B-A,2,reference,256,gf_sqr,26,202,0x283807e5
4,B-A,2,reference,256,gf_sqr,27,202,0x283807e5
4,B-A,2,reference,256,gf_sqr,28,202,0x283807e5
4,B-A,2,reference,256,gf_sqr,29,202,0x283807e5
4,B-A,2,reference,256,gf_sqr,30,202,0x283807e5
4,B-A,2,reference,256,gf_sqr,31,202,0x283807e5
4,B-A,2,reference,256,gf_sqr,32,202,0x283807e5
4,B-A,2,reference,256,gf_sqr,33,202,0x283807e5
4,B-A,2,reference,256,gf_sqr,34,202,0x283807e5
4,B-A,2,reference,256,gf_sqr,35,202,0x283807e5
4,B-A,2,reference,256,gf_sqr,36,202,0x283807e5
4,B-A,2,reference,256,gf_sqr,37,202,0x283807e5
4,B-A,2,reference,256,gf_sqr,38,202,0x283807e5
4,B-A,2,reference,256,gf_sqr,39,202,0x283807e5
4,B-A,2,reference,256,gf_sqr,40,202,0x283807e5
4,B-A,2,reference,256,gf_sqr,41,202,0x283807e5
4,B-A,2,reference,256,gf_sqr,42,202,0x283807e5
4,B-A,2,reference,256,gf_sqr,43,202,0x283807e5
4,B-A,2,reference,256,gf_sqr,44,202,0x283807e5
4,B-A,2,reference,256,gf_sqr,45,202,0x283807e5
4,B-A,2,reference,256,gf_sqr,46,202,0x283807e5
4,B-A,2,reference,256,gf_sqr,47,202,0x283807e5
4,B-A,2,reference,256,gf_sqr,48,202,0x283807e5
4,B-A,2,reference,256,gf_sqr,49,202,0x283807e5
5,A-B,1,reference,128,gf_mul,0,1969,0x54cada71
5,A-B,1,reference,128,gf_mul,1,1965,0x54cada71
5,A-B,1,reference,128,gf_mul,2,1965,0x54cada71
5,A-B,1,reference,128,gf_mul,3,1964,0x54cada71
5,A-B,1,reference,128,gf_mul,4,1964,0x54cada71
5,A-B,1,reference,128,gf_mul,5,1964,0x54cada71
5,A-B,1,reference,128,gf_mul,6,1964,0x54cada71
5,A-B,1,reference,128,gf_mul,7,1964,0x54cada71
5,A-B,1,reference,128,gf_mul,8,1964,0x54cada71
5,A-B,1,reference,128,gf_mul,9,1964,0x54cada71
5,A-B,1,reference,128,gf_mul,10,1964,0x54cada71
5,A-B,1,reference,128,gf_mul,11,1964,0x54cada71
5,A-B,1,reference,128,gf_mul,12,1964,0x54cada71
5,A-B,1,reference,128,gf_mul,13,1964,0x54cada71
5,A-B,1,reference,128,gf_mul,14,1964,0x54cada71
5,A-B,1,reference,128,gf_mul,15,1964,0x54cada71
5,A-B,1,reference,128,gf_mul,16,1964,0x54cada71
5,A-B,1,reference,128,gf_mul,17,1964,0x54cada71
5,A-B,1,reference,128,gf_mul,18,1964,0x54cada71
5,A-B,1,reference,128,gf_mul,19,1964,0x54cada71
5,A-B,1,reference,128,gf_mul,20,1964,0x54cada71
5,A-B,1,reference,128,gf_mul,21,1964,0x54cada71
5,A-B,1,reference,128,gf_mul,22,1964,0x54cada71
5,A-B,1,reference,128,gf_mul,23,1964,0x54cada71
5,A-B,1,reference,128,gf_mul,24,1964,0x54cada71
5,A-B,1,reference,128,gf_mul,25,1964,0x54cada71
5,A-B,1,reference,128,gf_mul,26,1964,0x54cada71
5,A-B,1,reference,128,gf_mul,27,1964,0x54cada71
5,A-B,1,reference,128,gf_mul,28,1964,0x54cada71
5,A-B,1,reference,128,gf_mul,29,1964,0x54cada71
5,A-B,1,reference,128,gf_mul,30,1964,0x54cada71
5,A-B,1,reference,128,gf_mul,31,1964,0x54cada71
5,A-B,1,reference,128,gf_mul,32,1964,0x54cada71
5,A-B,1,reference,128,gf_mul,33,1964,0x54cada71
5,A-B,1,reference,128,gf_mul,34,1964,0x54cada71
5,A-B,1,reference,128,gf_mul,35,1964,0x54cada71
5,A-B,1,reference,128,gf_mul,36,1964,0x54cada71
5,A-B,1,reference,128,gf_mul,37,1964,0x54cada71
5,A-B,1,reference,128,gf_mul,38,1964,0x54cada71
5,A-B,1,reference,128,gf_mul,39,1964,0x54cada71
5,A-B,1,reference,128,gf_mul,40,1964,0x54cada71
5,A-B,1,reference,128,gf_mul,41,1964,0x54cada71
5,A-B,1,reference,128,gf_mul,42,1964,0x54cada71
5,A-B,1,reference,128,gf_mul,43,1964,0x54cada71
5,A-B,1,reference,128,gf_mul,44,1964,0x54cada71
5,A-B,1,reference,128,gf_mul,45,1964,0x54cada71
5,A-B,1,reference,128,gf_mul,46,1964,0x54cada71
5,A-B,1,reference,128,gf_mul,47,1964,0x54cada71
5,A-B,1,reference,128,gf_mul,48,1964,0x54cada71
5,A-B,1,reference,128,gf_mul,49,1964,0x54cada71
5,A-B,1,reference,128,gf_sqr,0,107,0x54cada71
5,A-B,1,reference,128,gf_sqr,1,103,0x54cada71
5,A-B,1,reference,128,gf_sqr,2,103,0x54cada71
5,A-B,1,reference,128,gf_sqr,3,102,0x54cada71
5,A-B,1,reference,128,gf_sqr,4,102,0x54cada71
5,A-B,1,reference,128,gf_sqr,5,102,0x54cada71
5,A-B,1,reference,128,gf_sqr,6,102,0x54cada71
5,A-B,1,reference,128,gf_sqr,7,102,0x54cada71
5,A-B,1,reference,128,gf_sqr,8,102,0x54cada71
5,A-B,1,reference,128,gf_sqr,9,102,0x54cada71
5,A-B,1,reference,128,gf_sqr,10,102,0x54cada71
5,A-B,1,reference,128,gf_sqr,11,102,0x54cada71
5,A-B,1,reference,128,gf_sqr,12,102,0x54cada71
5,A-B,1,reference,128,gf_sqr,13,102,0x54cada71
5,A-B,1,reference,128,gf_sqr,14,102,0x54cada71
5,A-B,1,reference,128,gf_sqr,15,102,0x54cada71
5,A-B,1,reference,128,gf_sqr,16,102,0x54cada71
5,A-B,1,reference,128,gf_sqr,17,102,0x54cada71
5,A-B,1,reference,128,gf_sqr,18,102,0x54cada71
5,A-B,1,reference,128,gf_sqr,19,102,0x54cada71
5,A-B,1,reference,128,gf_sqr,20,102,0x54cada71
5,A-B,1,reference,128,gf_sqr,21,102,0x54cada71
5,A-B,1,reference,128,gf_sqr,22,102,0x54cada71
5,A-B,1,reference,128,gf_sqr,23,102,0x54cada71
5,A-B,1,reference,128,gf_sqr,24,102,0x54cada71
5,A-B,1,reference,128,gf_sqr,25,102,0x54cada71
5,A-B,1,reference,128,gf_sqr,26,102,0x54cada71
5,A-B,1,reference,128,gf_sqr,27,102,0x54cada71
5,A-B,1,reference,128,gf_sqr,28,102,0x54cada71
5,A-B,1,reference,128,gf_sqr,29,102,0x54cada71
5,A-B,1,reference,128,gf_sqr,30,102,0x54cada71
5,A-B,1,reference,128,gf_sqr,31,102,0x54cada71
5,A-B,1,reference,128,gf_sqr,32,102,0x54cada71
5,A-B,1,reference,128,gf_sqr,33,102,0x54cada71
5,A-B,1,reference,128,gf_sqr,34,102,0x54cada71
5,A-B,1,reference,128,gf_sqr,35,102,0x54cada71
5,A-B,1,reference,128,gf_sqr,36,102,0x54cada71
5,A-B,1,reference,128,gf_sqr,37,102,0x54cada71
5,A-B,1,reference,128,gf_sqr,38,102,0x54cada71
5,A-B,1,reference,128,gf_sqr,39,102,0x54cada71
5,A-B,1,reference,128,gf_sqr,40,102,0x54cada71
5,A-B,1,reference,128,gf_sqr,41,102,0x54cada71
5,A-B,1,reference,128,gf_sqr,42,102,0x54cada71
5,A-B,1,reference,128,gf_sqr,43,102,0x54cada71
5,A-B,1,reference,128,gf_sqr,44,102,0x54cada71
5,A-B,1,reference,128,gf_sqr,45,102,0x54cada71
5,A-B,1,reference,128,gf_sqr,46,102,0x54cada71
5,A-B,1,reference,128,gf_sqr,47,102,0x54cada71
5,A-B,1,reference,128,gf_sqr,48,102,0x54cada71
5,A-B,1,reference,128,gf_sqr,49,102,0x54cada71
5,A-B,2,optimized,128,gf_mul,0,1969,0x54cada71
5,A-B,2,optimized,128,gf_mul,1,1968,0x54cada71
5,A-B,2,optimized,128,gf_mul,2,1968,0x54cada71
5,A-B,2,optimized,128,gf_mul,3,1967,0x54cada71
5,A-B,2,optimized,128,gf_mul,4,1967,0x54cada71
5,A-B,2,optimized,128,gf_mul,5,1967,0x54cada71
5,A-B,2,optimized,128,gf_mul,6,1967,0x54cada71
5,A-B,2,optimized,128,gf_mul,7,1967,0x54cada71
5,A-B,2,optimized,128,gf_mul,8,1967,0x54cada71
5,A-B,2,optimized,128,gf_mul,9,1967,0x54cada71
5,A-B,2,optimized,128,gf_mul,10,1967,0x54cada71
5,A-B,2,optimized,128,gf_mul,11,1967,0x54cada71
5,A-B,2,optimized,128,gf_mul,12,1967,0x54cada71
5,A-B,2,optimized,128,gf_mul,13,1967,0x54cada71
5,A-B,2,optimized,128,gf_mul,14,1967,0x54cada71
5,A-B,2,optimized,128,gf_mul,15,1967,0x54cada71
5,A-B,2,optimized,128,gf_mul,16,1967,0x54cada71
5,A-B,2,optimized,128,gf_mul,17,1967,0x54cada71
5,A-B,2,optimized,128,gf_mul,18,1967,0x54cada71
5,A-B,2,optimized,128,gf_mul,19,1967,0x54cada71
5,A-B,2,optimized,128,gf_mul,20,1967,0x54cada71
5,A-B,2,optimized,128,gf_mul,21,1967,0x54cada71
5,A-B,2,optimized,128,gf_mul,22,1967,0x54cada71
5,A-B,2,optimized,128,gf_mul,23,1967,0x54cada71
5,A-B,2,optimized,128,gf_mul,24,1967,0x54cada71
5,A-B,2,optimized,128,gf_mul,25,1967,0x54cada71
5,A-B,2,optimized,128,gf_mul,26,1967,0x54cada71
5,A-B,2,optimized,128,gf_mul,27,1967,0x54cada71
5,A-B,2,optimized,128,gf_mul,28,1967,0x54cada71
5,A-B,2,optimized,128,gf_mul,29,1967,0x54cada71
5,A-B,2,optimized,128,gf_mul,30,1967,0x54cada71
5,A-B,2,optimized,128,gf_mul,31,1967,0x54cada71
5,A-B,2,optimized,128,gf_mul,32,1967,0x54cada71
5,A-B,2,optimized,128,gf_mul,33,1967,0x54cada71
5,A-B,2,optimized,128,gf_mul,34,1967,0x54cada71
5,A-B,2,optimized,128,gf_mul,35,1967,0x54cada71
5,A-B,2,optimized,128,gf_mul,36,1967,0x54cada71
5,A-B,2,optimized,128,gf_mul,37,1967,0x54cada71
5,A-B,2,optimized,128,gf_mul,38,1967,0x54cada71
5,A-B,2,optimized,128,gf_mul,39,1967,0x54cada71
5,A-B,2,optimized,128,gf_mul,40,1967,0x54cada71
5,A-B,2,optimized,128,gf_mul,41,1967,0x54cada71
5,A-B,2,optimized,128,gf_mul,42,1967,0x54cada71
5,A-B,2,optimized,128,gf_mul,43,1967,0x54cada71
5,A-B,2,optimized,128,gf_mul,44,1967,0x54cada71
5,A-B,2,optimized,128,gf_mul,45,1967,0x54cada71
5,A-B,2,optimized,128,gf_mul,46,1967,0x54cada71
5,A-B,2,optimized,128,gf_mul,47,1967,0x54cada71
5,A-B,2,optimized,128,gf_mul,48,1967,0x54cada71
5,A-B,2,optimized,128,gf_mul,49,1967,0x54cada71
5,A-B,2,optimized,128,gf_sqr,0,107,0x54cada71
5,A-B,2,optimized,128,gf_sqr,1,107,0x54cada71
5,A-B,2,optimized,128,gf_sqr,2,107,0x54cada71
5,A-B,2,optimized,128,gf_sqr,3,106,0x54cada71
5,A-B,2,optimized,128,gf_sqr,4,106,0x54cada71
5,A-B,2,optimized,128,gf_sqr,5,106,0x54cada71
5,A-B,2,optimized,128,gf_sqr,6,106,0x54cada71
5,A-B,2,optimized,128,gf_sqr,7,106,0x54cada71
5,A-B,2,optimized,128,gf_sqr,8,106,0x54cada71
5,A-B,2,optimized,128,gf_sqr,9,106,0x54cada71
5,A-B,2,optimized,128,gf_sqr,10,106,0x54cada71
5,A-B,2,optimized,128,gf_sqr,11,106,0x54cada71
5,A-B,2,optimized,128,gf_sqr,12,106,0x54cada71
5,A-B,2,optimized,128,gf_sqr,13,106,0x54cada71
5,A-B,2,optimized,128,gf_sqr,14,106,0x54cada71
5,A-B,2,optimized,128,gf_sqr,15,106,0x54cada71
5,A-B,2,optimized,128,gf_sqr,16,106,0x54cada71
5,A-B,2,optimized,128,gf_sqr,17,106,0x54cada71
5,A-B,2,optimized,128,gf_sqr,18,106,0x54cada71
5,A-B,2,optimized,128,gf_sqr,19,106,0x54cada71
5,A-B,2,optimized,128,gf_sqr,20,106,0x54cada71
5,A-B,2,optimized,128,gf_sqr,21,106,0x54cada71
5,A-B,2,optimized,128,gf_sqr,22,106,0x54cada71
5,A-B,2,optimized,128,gf_sqr,23,106,0x54cada71
5,A-B,2,optimized,128,gf_sqr,24,106,0x54cada71
5,A-B,2,optimized,128,gf_sqr,25,106,0x54cada71
5,A-B,2,optimized,128,gf_sqr,26,106,0x54cada71
5,A-B,2,optimized,128,gf_sqr,27,106,0x54cada71
5,A-B,2,optimized,128,gf_sqr,28,106,0x54cada71
5,A-B,2,optimized,128,gf_sqr,29,106,0x54cada71
5,A-B,2,optimized,128,gf_sqr,30,106,0x54cada71
5,A-B,2,optimized,128,gf_sqr,31,106,0x54cada71
5,A-B,2,optimized,128,gf_sqr,32,106,0x54cada71
5,A-B,2,optimized,128,gf_sqr,33,106,0x54cada71
5,A-B,2,optimized,128,gf_sqr,34,106,0x54cada71
5,A-B,2,optimized,128,gf_sqr,35,106,0x54cada71
5,A-B,2,optimized,128,gf_sqr,36,106,0x54cada71
5,A-B,2,optimized,128,gf_sqr,37,106,0x54cada71
5,A-B,2,optimized,128,gf_sqr,38,106,0x54cada71
5,A-B,2,optimized,128,gf_sqr,39,106,0x54cada71
5,A-B,2,optimized,128,gf_sqr,40,106,0x54cada71
5,A-B,2,optimized,128,gf_sqr,41,106,0x54cada71
5,A-B,2,optimized,128,gf_sqr,42,106,0x54cada71
5,A-B,2,optimized,128,gf_sqr,43,106,0x54cada71
5,A-B,2,optimized,128,gf_sqr,44,106,0x54cada71
5,A-B,2,optimized,128,gf_sqr,45,106,0x54cada71
5,A-B,2,optimized,128,gf_sqr,46,106,0x54cada71
5,A-B,2,optimized,128,gf_sqr,47,106,0x54cada71
5,A-B,2,optimized,128,gf_sqr,48,106,0x54cada71
5,A-B,2,optimized,128,gf_sqr,49,106,0x54cada71
5,A-B,1,reference,192,gf_mul,0,3927,0x2bf8b731
5,A-B,1,reference,192,gf_mul,1,3927,0x2bf8b731
5,A-B,1,reference,192,gf_mul,2,3927,0x2bf8b731
5,A-B,1,reference,192,gf_mul,3,3926,0x2bf8b731
5,A-B,1,reference,192,gf_mul,4,3926,0x2bf8b731
5,A-B,1,reference,192,gf_mul,5,3926,0x2bf8b731
5,A-B,1,reference,192,gf_mul,6,3926,0x2bf8b731
5,A-B,1,reference,192,gf_mul,7,3926,0x2bf8b731
5,A-B,1,reference,192,gf_mul,8,3926,0x2bf8b731
5,A-B,1,reference,192,gf_mul,9,3926,0x2bf8b731
5,A-B,1,reference,192,gf_mul,10,3926,0x2bf8b731
5,A-B,1,reference,192,gf_mul,11,3926,0x2bf8b731
5,A-B,1,reference,192,gf_mul,12,3926,0x2bf8b731
5,A-B,1,reference,192,gf_mul,13,3926,0x2bf8b731
5,A-B,1,reference,192,gf_mul,14,3926,0x2bf8b731
5,A-B,1,reference,192,gf_mul,15,3926,0x2bf8b731
5,A-B,1,reference,192,gf_mul,16,3926,0x2bf8b731
5,A-B,1,reference,192,gf_mul,17,3926,0x2bf8b731
5,A-B,1,reference,192,gf_mul,18,3926,0x2bf8b731
5,A-B,1,reference,192,gf_mul,19,3926,0x2bf8b731
5,A-B,1,reference,192,gf_mul,20,3926,0x2bf8b731
5,A-B,1,reference,192,gf_mul,21,3926,0x2bf8b731
5,A-B,1,reference,192,gf_mul,22,3926,0x2bf8b731
5,A-B,1,reference,192,gf_mul,23,3926,0x2bf8b731
5,A-B,1,reference,192,gf_mul,24,3926,0x2bf8b731
5,A-B,1,reference,192,gf_mul,25,3926,0x2bf8b731
5,A-B,1,reference,192,gf_mul,26,3926,0x2bf8b731
5,A-B,1,reference,192,gf_mul,27,3926,0x2bf8b731
5,A-B,1,reference,192,gf_mul,28,3926,0x2bf8b731
5,A-B,1,reference,192,gf_mul,29,3926,0x2bf8b731
5,A-B,1,reference,192,gf_mul,30,3926,0x2bf8b731
5,A-B,1,reference,192,gf_mul,31,3926,0x2bf8b731
5,A-B,1,reference,192,gf_mul,32,3926,0x2bf8b731
5,A-B,1,reference,192,gf_mul,33,3926,0x2bf8b731
5,A-B,1,reference,192,gf_mul,34,3926,0x2bf8b731
5,A-B,1,reference,192,gf_mul,35,3926,0x2bf8b731
5,A-B,1,reference,192,gf_mul,36,3926,0x2bf8b731
5,A-B,1,reference,192,gf_mul,37,3926,0x2bf8b731
5,A-B,1,reference,192,gf_mul,38,3926,0x2bf8b731
5,A-B,1,reference,192,gf_mul,39,3926,0x2bf8b731
5,A-B,1,reference,192,gf_mul,40,3926,0x2bf8b731
5,A-B,1,reference,192,gf_mul,41,3926,0x2bf8b731
5,A-B,1,reference,192,gf_mul,42,3926,0x2bf8b731
5,A-B,1,reference,192,gf_mul,43,3926,0x2bf8b731
5,A-B,1,reference,192,gf_mul,44,3926,0x2bf8b731
5,A-B,1,reference,192,gf_mul,45,3926,0x2bf8b731
5,A-B,1,reference,192,gf_mul,46,3926,0x2bf8b731
5,A-B,1,reference,192,gf_mul,47,3926,0x2bf8b731
5,A-B,1,reference,192,gf_mul,48,3926,0x2bf8b731
5,A-B,1,reference,192,gf_mul,49,3926,0x2bf8b731
5,A-B,1,reference,192,gf_sqr,0,144,0x2bf8b731
5,A-B,1,reference,192,gf_sqr,1,144,0x2bf8b731
5,A-B,1,reference,192,gf_sqr,2,143,0x2bf8b731
5,A-B,1,reference,192,gf_sqr,3,144,0x2bf8b731
5,A-B,1,reference,192,gf_sqr,4,144,0x2bf8b731
5,A-B,1,reference,192,gf_sqr,5,144,0x2bf8b731
5,A-B,1,reference,192,gf_sqr,6,144,0x2bf8b731
5,A-B,1,reference,192,gf_sqr,7,144,0x2bf8b731
5,A-B,1,reference,192,gf_sqr,8,144,0x2bf8b731
5,A-B,1,reference,192,gf_sqr,9,144,0x2bf8b731
5,A-B,1,reference,192,gf_sqr,10,144,0x2bf8b731
5,A-B,1,reference,192,gf_sqr,11,144,0x2bf8b731
5,A-B,1,reference,192,gf_sqr,12,144,0x2bf8b731
5,A-B,1,reference,192,gf_sqr,13,144,0x2bf8b731
5,A-B,1,reference,192,gf_sqr,14,144,0x2bf8b731
5,A-B,1,reference,192,gf_sqr,15,144,0x2bf8b731
5,A-B,1,reference,192,gf_sqr,16,144,0x2bf8b731
5,A-B,1,reference,192,gf_sqr,17,144,0x2bf8b731
5,A-B,1,reference,192,gf_sqr,18,144,0x2bf8b731
5,A-B,1,reference,192,gf_sqr,19,144,0x2bf8b731
5,A-B,1,reference,192,gf_sqr,20,144,0x2bf8b731
5,A-B,1,reference,192,gf_sqr,21,144,0x2bf8b731
5,A-B,1,reference,192,gf_sqr,22,144,0x2bf8b731
5,A-B,1,reference,192,gf_sqr,23,144,0x2bf8b731
5,A-B,1,reference,192,gf_sqr,24,144,0x2bf8b731
5,A-B,1,reference,192,gf_sqr,25,144,0x2bf8b731
5,A-B,1,reference,192,gf_sqr,26,144,0x2bf8b731
5,A-B,1,reference,192,gf_sqr,27,144,0x2bf8b731
5,A-B,1,reference,192,gf_sqr,28,144,0x2bf8b731
5,A-B,1,reference,192,gf_sqr,29,144,0x2bf8b731
5,A-B,1,reference,192,gf_sqr,30,144,0x2bf8b731
5,A-B,1,reference,192,gf_sqr,31,144,0x2bf8b731
5,A-B,1,reference,192,gf_sqr,32,144,0x2bf8b731
5,A-B,1,reference,192,gf_sqr,33,144,0x2bf8b731
5,A-B,1,reference,192,gf_sqr,34,144,0x2bf8b731
5,A-B,1,reference,192,gf_sqr,35,144,0x2bf8b731
5,A-B,1,reference,192,gf_sqr,36,144,0x2bf8b731
5,A-B,1,reference,192,gf_sqr,37,144,0x2bf8b731
5,A-B,1,reference,192,gf_sqr,38,144,0x2bf8b731
5,A-B,1,reference,192,gf_sqr,39,144,0x2bf8b731
5,A-B,1,reference,192,gf_sqr,40,144,0x2bf8b731
5,A-B,1,reference,192,gf_sqr,41,144,0x2bf8b731
5,A-B,1,reference,192,gf_sqr,42,144,0x2bf8b731
5,A-B,1,reference,192,gf_sqr,43,144,0x2bf8b731
5,A-B,1,reference,192,gf_sqr,44,144,0x2bf8b731
5,A-B,1,reference,192,gf_sqr,45,144,0x2bf8b731
5,A-B,1,reference,192,gf_sqr,46,144,0x2bf8b731
5,A-B,1,reference,192,gf_sqr,47,144,0x2bf8b731
5,A-B,1,reference,192,gf_sqr,48,144,0x2bf8b731
5,A-B,1,reference,192,gf_sqr,49,144,0x2bf8b731
5,A-B,2,optimized,192,gf_mul,0,3927,0x2bf8b731
5,A-B,2,optimized,192,gf_mul,1,3927,0x2bf8b731
5,A-B,2,optimized,192,gf_mul,2,3927,0x2bf8b731
5,A-B,2,optimized,192,gf_mul,3,3926,0x2bf8b731
5,A-B,2,optimized,192,gf_mul,4,3926,0x2bf8b731
5,A-B,2,optimized,192,gf_mul,5,3926,0x2bf8b731
5,A-B,2,optimized,192,gf_mul,6,3926,0x2bf8b731
5,A-B,2,optimized,192,gf_mul,7,3926,0x2bf8b731
5,A-B,2,optimized,192,gf_mul,8,3926,0x2bf8b731
5,A-B,2,optimized,192,gf_mul,9,3926,0x2bf8b731
5,A-B,2,optimized,192,gf_mul,10,3926,0x2bf8b731
5,A-B,2,optimized,192,gf_mul,11,3926,0x2bf8b731
5,A-B,2,optimized,192,gf_mul,12,3926,0x2bf8b731
5,A-B,2,optimized,192,gf_mul,13,3926,0x2bf8b731
5,A-B,2,optimized,192,gf_mul,14,3926,0x2bf8b731
5,A-B,2,optimized,192,gf_mul,15,3926,0x2bf8b731
5,A-B,2,optimized,192,gf_mul,16,3926,0x2bf8b731
5,A-B,2,optimized,192,gf_mul,17,3926,0x2bf8b731
5,A-B,2,optimized,192,gf_mul,18,3926,0x2bf8b731
5,A-B,2,optimized,192,gf_mul,19,3926,0x2bf8b731
5,A-B,2,optimized,192,gf_mul,20,3926,0x2bf8b731
5,A-B,2,optimized,192,gf_mul,21,3926,0x2bf8b731
5,A-B,2,optimized,192,gf_mul,22,3926,0x2bf8b731
5,A-B,2,optimized,192,gf_mul,23,3926,0x2bf8b731
5,A-B,2,optimized,192,gf_mul,24,3926,0x2bf8b731
5,A-B,2,optimized,192,gf_mul,25,3926,0x2bf8b731
5,A-B,2,optimized,192,gf_mul,26,3926,0x2bf8b731
5,A-B,2,optimized,192,gf_mul,27,3926,0x2bf8b731
5,A-B,2,optimized,192,gf_mul,28,3926,0x2bf8b731
5,A-B,2,optimized,192,gf_mul,29,3926,0x2bf8b731
5,A-B,2,optimized,192,gf_mul,30,3926,0x2bf8b731
5,A-B,2,optimized,192,gf_mul,31,3926,0x2bf8b731
5,A-B,2,optimized,192,gf_mul,32,3926,0x2bf8b731
5,A-B,2,optimized,192,gf_mul,33,3926,0x2bf8b731
5,A-B,2,optimized,192,gf_mul,34,3926,0x2bf8b731
5,A-B,2,optimized,192,gf_mul,35,3926,0x2bf8b731
5,A-B,2,optimized,192,gf_mul,36,3926,0x2bf8b731
5,A-B,2,optimized,192,gf_mul,37,3926,0x2bf8b731
5,A-B,2,optimized,192,gf_mul,38,3926,0x2bf8b731
5,A-B,2,optimized,192,gf_mul,39,3926,0x2bf8b731
5,A-B,2,optimized,192,gf_mul,40,3926,0x2bf8b731
5,A-B,2,optimized,192,gf_mul,41,3926,0x2bf8b731
5,A-B,2,optimized,192,gf_mul,42,3926,0x2bf8b731
5,A-B,2,optimized,192,gf_mul,43,3926,0x2bf8b731
5,A-B,2,optimized,192,gf_mul,44,3926,0x2bf8b731
5,A-B,2,optimized,192,gf_mul,45,3926,0x2bf8b731
5,A-B,2,optimized,192,gf_mul,46,3926,0x2bf8b731
5,A-B,2,optimized,192,gf_mul,47,3926,0x2bf8b731
5,A-B,2,optimized,192,gf_mul,48,3926,0x2bf8b731
5,A-B,2,optimized,192,gf_mul,49,3926,0x2bf8b731
5,A-B,2,optimized,192,gf_sqr,0,144,0x2bf8b731
5,A-B,2,optimized,192,gf_sqr,1,144,0x2bf8b731
5,A-B,2,optimized,192,gf_sqr,2,143,0x2bf8b731
5,A-B,2,optimized,192,gf_sqr,3,144,0x2bf8b731
5,A-B,2,optimized,192,gf_sqr,4,144,0x2bf8b731
5,A-B,2,optimized,192,gf_sqr,5,144,0x2bf8b731
5,A-B,2,optimized,192,gf_sqr,6,144,0x2bf8b731
5,A-B,2,optimized,192,gf_sqr,7,144,0x2bf8b731
5,A-B,2,optimized,192,gf_sqr,8,144,0x2bf8b731
5,A-B,2,optimized,192,gf_sqr,9,144,0x2bf8b731
5,A-B,2,optimized,192,gf_sqr,10,144,0x2bf8b731
5,A-B,2,optimized,192,gf_sqr,11,144,0x2bf8b731
5,A-B,2,optimized,192,gf_sqr,12,144,0x2bf8b731
5,A-B,2,optimized,192,gf_sqr,13,144,0x2bf8b731
5,A-B,2,optimized,192,gf_sqr,14,144,0x2bf8b731
5,A-B,2,optimized,192,gf_sqr,15,144,0x2bf8b731
5,A-B,2,optimized,192,gf_sqr,16,144,0x2bf8b731
5,A-B,2,optimized,192,gf_sqr,17,144,0x2bf8b731
5,A-B,2,optimized,192,gf_sqr,18,144,0x2bf8b731
5,A-B,2,optimized,192,gf_sqr,19,144,0x2bf8b731
5,A-B,2,optimized,192,gf_sqr,20,144,0x2bf8b731
5,A-B,2,optimized,192,gf_sqr,21,144,0x2bf8b731
5,A-B,2,optimized,192,gf_sqr,22,144,0x2bf8b731
5,A-B,2,optimized,192,gf_sqr,23,144,0x2bf8b731
5,A-B,2,optimized,192,gf_sqr,24,144,0x2bf8b731
5,A-B,2,optimized,192,gf_sqr,25,144,0x2bf8b731
5,A-B,2,optimized,192,gf_sqr,26,144,0x2bf8b731
5,A-B,2,optimized,192,gf_sqr,27,144,0x2bf8b731
5,A-B,2,optimized,192,gf_sqr,28,144,0x2bf8b731
5,A-B,2,optimized,192,gf_sqr,29,144,0x2bf8b731
5,A-B,2,optimized,192,gf_sqr,30,144,0x2bf8b731
5,A-B,2,optimized,192,gf_sqr,31,144,0x2bf8b731
5,A-B,2,optimized,192,gf_sqr,32,144,0x2bf8b731
5,A-B,2,optimized,192,gf_sqr,33,144,0x2bf8b731
5,A-B,2,optimized,192,gf_sqr,34,144,0x2bf8b731
5,A-B,2,optimized,192,gf_sqr,35,144,0x2bf8b731
5,A-B,2,optimized,192,gf_sqr,36,144,0x2bf8b731
5,A-B,2,optimized,192,gf_sqr,37,144,0x2bf8b731
5,A-B,2,optimized,192,gf_sqr,38,144,0x2bf8b731
5,A-B,2,optimized,192,gf_sqr,39,144,0x2bf8b731
5,A-B,2,optimized,192,gf_sqr,40,144,0x2bf8b731
5,A-B,2,optimized,192,gf_sqr,41,144,0x2bf8b731
5,A-B,2,optimized,192,gf_sqr,42,144,0x2bf8b731
5,A-B,2,optimized,192,gf_sqr,43,144,0x2bf8b731
5,A-B,2,optimized,192,gf_sqr,44,144,0x2bf8b731
5,A-B,2,optimized,192,gf_sqr,45,144,0x2bf8b731
5,A-B,2,optimized,192,gf_sqr,46,144,0x2bf8b731
5,A-B,2,optimized,192,gf_sqr,47,144,0x2bf8b731
5,A-B,2,optimized,192,gf_sqr,48,144,0x2bf8b731
5,A-B,2,optimized,192,gf_sqr,49,144,0x2bf8b731
5,A-B,1,reference,256,gf_mul,0,5933,0x283807e5
5,A-B,1,reference,256,gf_mul,1,5932,0x283807e5
5,A-B,1,reference,256,gf_mul,2,5932,0x283807e5
5,A-B,1,reference,256,gf_mul,3,5931,0x283807e5
5,A-B,1,reference,256,gf_mul,4,5931,0x283807e5
5,A-B,1,reference,256,gf_mul,5,5931,0x283807e5
5,A-B,1,reference,256,gf_mul,6,5931,0x283807e5
5,A-B,1,reference,256,gf_mul,7,5931,0x283807e5
5,A-B,1,reference,256,gf_mul,8,5931,0x283807e5
5,A-B,1,reference,256,gf_mul,9,5931,0x283807e5
5,A-B,1,reference,256,gf_mul,10,5931,0x283807e5
5,A-B,1,reference,256,gf_mul,11,5931,0x283807e5
5,A-B,1,reference,256,gf_mul,12,5931,0x283807e5
5,A-B,1,reference,256,gf_mul,13,5931,0x283807e5
5,A-B,1,reference,256,gf_mul,14,5931,0x283807e5
5,A-B,1,reference,256,gf_mul,15,5931,0x283807e5
5,A-B,1,reference,256,gf_mul,16,5931,0x283807e5
5,A-B,1,reference,256,gf_mul,17,5931,0x283807e5
5,A-B,1,reference,256,gf_mul,18,5931,0x283807e5
5,A-B,1,reference,256,gf_mul,19,5931,0x283807e5
5,A-B,1,reference,256,gf_mul,20,5931,0x283807e5
5,A-B,1,reference,256,gf_mul,21,5931,0x283807e5
5,A-B,1,reference,256,gf_mul,22,5931,0x283807e5
5,A-B,1,reference,256,gf_mul,23,5931,0x283807e5
5,A-B,1,reference,256,gf_mul,24,5931,0x283807e5
5,A-B,1,reference,256,gf_mul,25,5931,0x283807e5
5,A-B,1,reference,256,gf_mul,26,5931,0x283807e5
5,A-B,1,reference,256,gf_mul,27,5931,0x283807e5
5,A-B,1,reference,256,gf_mul,28,5931,0x283807e5
5,A-B,1,reference,256,gf_mul,29,5931,0x283807e5
5,A-B,1,reference,256,gf_mul,30,5931,0x283807e5
5,A-B,1,reference,256,gf_mul,31,5931,0x283807e5
5,A-B,1,reference,256,gf_mul,32,5931,0x283807e5
5,A-B,1,reference,256,gf_mul,33,5931,0x283807e5
5,A-B,1,reference,256,gf_mul,34,5931,0x283807e5
5,A-B,1,reference,256,gf_mul,35,5931,0x283807e5
5,A-B,1,reference,256,gf_mul,36,5931,0x283807e5
5,A-B,1,reference,256,gf_mul,37,5931,0x283807e5
5,A-B,1,reference,256,gf_mul,38,5931,0x283807e5
5,A-B,1,reference,256,gf_mul,39,5931,0x283807e5
5,A-B,1,reference,256,gf_mul,40,5931,0x283807e5
5,A-B,1,reference,256,gf_mul,41,5931,0x283807e5
5,A-B,1,reference,256,gf_mul,42,5931,0x283807e5
5,A-B,1,reference,256,gf_mul,43,5931,0x283807e5
5,A-B,1,reference,256,gf_mul,44,5931,0x283807e5
5,A-B,1,reference,256,gf_mul,45,5931,0x283807e5
5,A-B,1,reference,256,gf_mul,46,5931,0x283807e5
5,A-B,1,reference,256,gf_mul,47,5931,0x283807e5
5,A-B,1,reference,256,gf_mul,48,5931,0x283807e5
5,A-B,1,reference,256,gf_mul,49,5931,0x283807e5
5,A-B,1,reference,256,gf_sqr,0,203,0x283807e5
5,A-B,1,reference,256,gf_sqr,1,202,0x283807e5
5,A-B,1,reference,256,gf_sqr,2,203,0x283807e5
5,A-B,1,reference,256,gf_sqr,3,202,0x283807e5
5,A-B,1,reference,256,gf_sqr,4,202,0x283807e5
5,A-B,1,reference,256,gf_sqr,5,202,0x283807e5
5,A-B,1,reference,256,gf_sqr,6,202,0x283807e5
5,A-B,1,reference,256,gf_sqr,7,202,0x283807e5
5,A-B,1,reference,256,gf_sqr,8,202,0x283807e5
5,A-B,1,reference,256,gf_sqr,9,202,0x283807e5
5,A-B,1,reference,256,gf_sqr,10,202,0x283807e5
5,A-B,1,reference,256,gf_sqr,11,202,0x283807e5
5,A-B,1,reference,256,gf_sqr,12,202,0x283807e5
5,A-B,1,reference,256,gf_sqr,13,202,0x283807e5
5,A-B,1,reference,256,gf_sqr,14,202,0x283807e5
5,A-B,1,reference,256,gf_sqr,15,202,0x283807e5
5,A-B,1,reference,256,gf_sqr,16,202,0x283807e5
5,A-B,1,reference,256,gf_sqr,17,202,0x283807e5
5,A-B,1,reference,256,gf_sqr,18,202,0x283807e5
5,A-B,1,reference,256,gf_sqr,19,202,0x283807e5
5,A-B,1,reference,256,gf_sqr,20,202,0x283807e5
5,A-B,1,reference,256,gf_sqr,21,202,0x283807e5
5,A-B,1,reference,256,gf_sqr,22,202,0x283807e5
5,A-B,1,reference,256,gf_sqr,23,202,0x283807e5
5,A-B,1,reference,256,gf_sqr,24,202,0x283807e5
5,A-B,1,reference,256,gf_sqr,25,202,0x283807e5
5,A-B,1,reference,256,gf_sqr,26,202,0x283807e5
5,A-B,1,reference,256,gf_sqr,27,202,0x283807e5
5,A-B,1,reference,256,gf_sqr,28,202,0x283807e5
5,A-B,1,reference,256,gf_sqr,29,202,0x283807e5
5,A-B,1,reference,256,gf_sqr,30,202,0x283807e5
5,A-B,1,reference,256,gf_sqr,31,202,0x283807e5
5,A-B,1,reference,256,gf_sqr,32,202,0x283807e5
5,A-B,1,reference,256,gf_sqr,33,202,0x283807e5
5,A-B,1,reference,256,gf_sqr,34,202,0x283807e5
5,A-B,1,reference,256,gf_sqr,35,202,0x283807e5
5,A-B,1,reference,256,gf_sqr,36,202,0x283807e5
5,A-B,1,reference,256,gf_sqr,37,202,0x283807e5
5,A-B,1,reference,256,gf_sqr,38,202,0x283807e5
5,A-B,1,reference,256,gf_sqr,39,202,0x283807e5
5,A-B,1,reference,256,gf_sqr,40,202,0x283807e5
5,A-B,1,reference,256,gf_sqr,41,202,0x283807e5
5,A-B,1,reference,256,gf_sqr,42,202,0x283807e5
5,A-B,1,reference,256,gf_sqr,43,202,0x283807e5
5,A-B,1,reference,256,gf_sqr,44,202,0x283807e5
5,A-B,1,reference,256,gf_sqr,45,202,0x283807e5
5,A-B,1,reference,256,gf_sqr,46,202,0x283807e5
5,A-B,1,reference,256,gf_sqr,47,202,0x283807e5
5,A-B,1,reference,256,gf_sqr,48,202,0x283807e5
5,A-B,1,reference,256,gf_sqr,49,202,0x283807e5
5,A-B,2,optimized,256,gf_mul,0,5942,0x283807e5
5,A-B,2,optimized,256,gf_mul,1,5940,0x283807e5
5,A-B,2,optimized,256,gf_mul,2,5941,0x283807e5
5,A-B,2,optimized,256,gf_mul,3,5940,0x283807e5
5,A-B,2,optimized,256,gf_mul,4,5940,0x283807e5
5,A-B,2,optimized,256,gf_mul,5,5940,0x283807e5
5,A-B,2,optimized,256,gf_mul,6,5940,0x283807e5
5,A-B,2,optimized,256,gf_mul,7,5940,0x283807e5
5,A-B,2,optimized,256,gf_mul,8,5940,0x283807e5
5,A-B,2,optimized,256,gf_mul,9,5940,0x283807e5
5,A-B,2,optimized,256,gf_mul,10,5940,0x283807e5
5,A-B,2,optimized,256,gf_mul,11,5940,0x283807e5
5,A-B,2,optimized,256,gf_mul,12,5940,0x283807e5
5,A-B,2,optimized,256,gf_mul,13,5940,0x283807e5
5,A-B,2,optimized,256,gf_mul,14,5940,0x283807e5
5,A-B,2,optimized,256,gf_mul,15,5940,0x283807e5
5,A-B,2,optimized,256,gf_mul,16,5940,0x283807e5
5,A-B,2,optimized,256,gf_mul,17,5940,0x283807e5
5,A-B,2,optimized,256,gf_mul,18,5940,0x283807e5
5,A-B,2,optimized,256,gf_mul,19,5940,0x283807e5
5,A-B,2,optimized,256,gf_mul,20,5940,0x283807e5
5,A-B,2,optimized,256,gf_mul,21,5940,0x283807e5
5,A-B,2,optimized,256,gf_mul,22,5940,0x283807e5
5,A-B,2,optimized,256,gf_mul,23,5940,0x283807e5
5,A-B,2,optimized,256,gf_mul,24,5940,0x283807e5
5,A-B,2,optimized,256,gf_mul,25,5940,0x283807e5
5,A-B,2,optimized,256,gf_mul,26,5940,0x283807e5
5,A-B,2,optimized,256,gf_mul,27,5940,0x283807e5
5,A-B,2,optimized,256,gf_mul,28,5940,0x283807e5
5,A-B,2,optimized,256,gf_mul,29,5940,0x283807e5
5,A-B,2,optimized,256,gf_mul,30,5940,0x283807e5
5,A-B,2,optimized,256,gf_mul,31,5940,0x283807e5
5,A-B,2,optimized,256,gf_mul,32,5940,0x283807e5
5,A-B,2,optimized,256,gf_mul,33,5940,0x283807e5
5,A-B,2,optimized,256,gf_mul,34,5940,0x283807e5
5,A-B,2,optimized,256,gf_mul,35,5940,0x283807e5
5,A-B,2,optimized,256,gf_mul,36,5940,0x283807e5
5,A-B,2,optimized,256,gf_mul,37,5940,0x283807e5
5,A-B,2,optimized,256,gf_mul,38,5940,0x283807e5
5,A-B,2,optimized,256,gf_mul,39,5940,0x283807e5
5,A-B,2,optimized,256,gf_mul,40,5940,0x283807e5
5,A-B,2,optimized,256,gf_mul,41,5940,0x283807e5
5,A-B,2,optimized,256,gf_mul,42,5940,0x283807e5
5,A-B,2,optimized,256,gf_mul,43,5940,0x283807e5
5,A-B,2,optimized,256,gf_mul,44,5940,0x283807e5
5,A-B,2,optimized,256,gf_mul,45,5940,0x283807e5
5,A-B,2,optimized,256,gf_mul,46,5940,0x283807e5
5,A-B,2,optimized,256,gf_mul,47,5940,0x283807e5
5,A-B,2,optimized,256,gf_mul,48,5940,0x283807e5
5,A-B,2,optimized,256,gf_mul,49,5940,0x283807e5
5,A-B,2,optimized,256,gf_sqr,0,202,0x283807e5
5,A-B,2,optimized,256,gf_sqr,1,200,0x283807e5
5,A-B,2,optimized,256,gf_sqr,2,201,0x283807e5
5,A-B,2,optimized,256,gf_sqr,3,200,0x283807e5
5,A-B,2,optimized,256,gf_sqr,4,200,0x283807e5
5,A-B,2,optimized,256,gf_sqr,5,200,0x283807e5
5,A-B,2,optimized,256,gf_sqr,6,200,0x283807e5
5,A-B,2,optimized,256,gf_sqr,7,200,0x283807e5
5,A-B,2,optimized,256,gf_sqr,8,200,0x283807e5
5,A-B,2,optimized,256,gf_sqr,9,200,0x283807e5
5,A-B,2,optimized,256,gf_sqr,10,200,0x283807e5
5,A-B,2,optimized,256,gf_sqr,11,200,0x283807e5
5,A-B,2,optimized,256,gf_sqr,12,200,0x283807e5
5,A-B,2,optimized,256,gf_sqr,13,200,0x283807e5
5,A-B,2,optimized,256,gf_sqr,14,200,0x283807e5
5,A-B,2,optimized,256,gf_sqr,15,200,0x283807e5
5,A-B,2,optimized,256,gf_sqr,16,200,0x283807e5
5,A-B,2,optimized,256,gf_sqr,17,200,0x283807e5
5,A-B,2,optimized,256,gf_sqr,18,200,0x283807e5
5,A-B,2,optimized,256,gf_sqr,19,200,0x283807e5
5,A-B,2,optimized,256,gf_sqr,20,200,0x283807e5
5,A-B,2,optimized,256,gf_sqr,21,200,0x283807e5
5,A-B,2,optimized,256,gf_sqr,22,200,0x283807e5
5,A-B,2,optimized,256,gf_sqr,23,200,0x283807e5
5,A-B,2,optimized,256,gf_sqr,24,200,0x283807e5
5,A-B,2,optimized,256,gf_sqr,25,200,0x283807e5
5,A-B,2,optimized,256,gf_sqr,26,200,0x283807e5
5,A-B,2,optimized,256,gf_sqr,27,200,0x283807e5
5,A-B,2,optimized,256,gf_sqr,28,200,0x283807e5
5,A-B,2,optimized,256,gf_sqr,29,200,0x283807e5
5,A-B,2,optimized,256,gf_sqr,30,200,0x283807e5
5,A-B,2,optimized,256,gf_sqr,31,200,0x283807e5
5,A-B,2,optimized,256,gf_sqr,32,200,0x283807e5
5,A-B,2,optimized,256,gf_sqr,33,200,0x283807e5
5,A-B,2,optimized,256,gf_sqr,34,200,0x283807e5
5,A-B,2,optimized,256,gf_sqr,35,200,0x283807e5
5,A-B,2,optimized,256,gf_sqr,36,200,0x283807e5
5,A-B,2,optimized,256,gf_sqr,37,200,0x283807e5
5,A-B,2,optimized,256,gf_sqr,38,200,0x283807e5
5,A-B,2,optimized,256,gf_sqr,39,200,0x283807e5
5,A-B,2,optimized,256,gf_sqr,40,200,0x283807e5
5,A-B,2,optimized,256,gf_sqr,41,200,0x283807e5
5,A-B,2,optimized,256,gf_sqr,42,200,0x283807e5
5,A-B,2,optimized,256,gf_sqr,43,200,0x283807e5
5,A-B,2,optimized,256,gf_sqr,44,200,0x283807e5
5,A-B,2,optimized,256,gf_sqr,45,200,0x283807e5
5,A-B,2,optimized,256,gf_sqr,46,200,0x283807e5
5,A-B,2,optimized,256,gf_sqr,47,200,0x283807e5
5,A-B,2,optimized,256,gf_sqr,48,200,0x283807e5
5,A-B,2,optimized,256,gf_sqr,49,200,0x283807e5
6,B-A,1,optimized,128,gf_mul,0,1969,0x54cada71
6,B-A,1,optimized,128,gf_mul,1,1968,0x54cada71
6,B-A,1,optimized,128,gf_mul,2,1968,0x54cada71
6,B-A,1,optimized,128,gf_mul,3,1967,0x54cada71
6,B-A,1,optimized,128,gf_mul,4,1967,0x54cada71
6,B-A,1,optimized,128,gf_mul,5,1967,0x54cada71
6,B-A,1,optimized,128,gf_mul,6,1967,0x54cada71
6,B-A,1,optimized,128,gf_mul,7,1967,0x54cada71
6,B-A,1,optimized,128,gf_mul,8,1967,0x54cada71
6,B-A,1,optimized,128,gf_mul,9,1967,0x54cada71
6,B-A,1,optimized,128,gf_mul,10,1967,0x54cada71
6,B-A,1,optimized,128,gf_mul,11,1967,0x54cada71
6,B-A,1,optimized,128,gf_mul,12,1967,0x54cada71
6,B-A,1,optimized,128,gf_mul,13,1967,0x54cada71
6,B-A,1,optimized,128,gf_mul,14,1967,0x54cada71
6,B-A,1,optimized,128,gf_mul,15,1967,0x54cada71
6,B-A,1,optimized,128,gf_mul,16,1967,0x54cada71
6,B-A,1,optimized,128,gf_mul,17,1967,0x54cada71
6,B-A,1,optimized,128,gf_mul,18,1967,0x54cada71
6,B-A,1,optimized,128,gf_mul,19,1967,0x54cada71
6,B-A,1,optimized,128,gf_mul,20,1967,0x54cada71
6,B-A,1,optimized,128,gf_mul,21,1967,0x54cada71
6,B-A,1,optimized,128,gf_mul,22,1967,0x54cada71
6,B-A,1,optimized,128,gf_mul,23,1967,0x54cada71
6,B-A,1,optimized,128,gf_mul,24,1967,0x54cada71
6,B-A,1,optimized,128,gf_mul,25,1967,0x54cada71
6,B-A,1,optimized,128,gf_mul,26,1967,0x54cada71
6,B-A,1,optimized,128,gf_mul,27,1967,0x54cada71
6,B-A,1,optimized,128,gf_mul,28,1967,0x54cada71
6,B-A,1,optimized,128,gf_mul,29,1967,0x54cada71
6,B-A,1,optimized,128,gf_mul,30,1967,0x54cada71
6,B-A,1,optimized,128,gf_mul,31,1967,0x54cada71
6,B-A,1,optimized,128,gf_mul,32,1967,0x54cada71
6,B-A,1,optimized,128,gf_mul,33,1967,0x54cada71
6,B-A,1,optimized,128,gf_mul,34,1967,0x54cada71
6,B-A,1,optimized,128,gf_mul,35,1967,0x54cada71
6,B-A,1,optimized,128,gf_mul,36,1967,0x54cada71
6,B-A,1,optimized,128,gf_mul,37,1967,0x54cada71
6,B-A,1,optimized,128,gf_mul,38,1967,0x54cada71
6,B-A,1,optimized,128,gf_mul,39,1967,0x54cada71
6,B-A,1,optimized,128,gf_mul,40,1967,0x54cada71
6,B-A,1,optimized,128,gf_mul,41,1967,0x54cada71
6,B-A,1,optimized,128,gf_mul,42,1967,0x54cada71
6,B-A,1,optimized,128,gf_mul,43,1967,0x54cada71
6,B-A,1,optimized,128,gf_mul,44,1967,0x54cada71
6,B-A,1,optimized,128,gf_mul,45,1967,0x54cada71
6,B-A,1,optimized,128,gf_mul,46,1967,0x54cada71
6,B-A,1,optimized,128,gf_mul,47,1967,0x54cada71
6,B-A,1,optimized,128,gf_mul,48,1967,0x54cada71
6,B-A,1,optimized,128,gf_mul,49,1967,0x54cada71
6,B-A,1,optimized,128,gf_sqr,0,107,0x54cada71
6,B-A,1,optimized,128,gf_sqr,1,107,0x54cada71
6,B-A,1,optimized,128,gf_sqr,2,107,0x54cada71
6,B-A,1,optimized,128,gf_sqr,3,106,0x54cada71
6,B-A,1,optimized,128,gf_sqr,4,106,0x54cada71
6,B-A,1,optimized,128,gf_sqr,5,106,0x54cada71
6,B-A,1,optimized,128,gf_sqr,6,106,0x54cada71
6,B-A,1,optimized,128,gf_sqr,7,106,0x54cada71
6,B-A,1,optimized,128,gf_sqr,8,106,0x54cada71
6,B-A,1,optimized,128,gf_sqr,9,106,0x54cada71
6,B-A,1,optimized,128,gf_sqr,10,106,0x54cada71
6,B-A,1,optimized,128,gf_sqr,11,106,0x54cada71
6,B-A,1,optimized,128,gf_sqr,12,106,0x54cada71
6,B-A,1,optimized,128,gf_sqr,13,106,0x54cada71
6,B-A,1,optimized,128,gf_sqr,14,106,0x54cada71
6,B-A,1,optimized,128,gf_sqr,15,106,0x54cada71
6,B-A,1,optimized,128,gf_sqr,16,106,0x54cada71
6,B-A,1,optimized,128,gf_sqr,17,106,0x54cada71
6,B-A,1,optimized,128,gf_sqr,18,106,0x54cada71
6,B-A,1,optimized,128,gf_sqr,19,106,0x54cada71
6,B-A,1,optimized,128,gf_sqr,20,106,0x54cada71
6,B-A,1,optimized,128,gf_sqr,21,106,0x54cada71
6,B-A,1,optimized,128,gf_sqr,22,106,0x54cada71
6,B-A,1,optimized,128,gf_sqr,23,106,0x54cada71
6,B-A,1,optimized,128,gf_sqr,24,106,0x54cada71
6,B-A,1,optimized,128,gf_sqr,25,106,0x54cada71
6,B-A,1,optimized,128,gf_sqr,26,106,0x54cada71
6,B-A,1,optimized,128,gf_sqr,27,106,0x54cada71
6,B-A,1,optimized,128,gf_sqr,28,106,0x54cada71
6,B-A,1,optimized,128,gf_sqr,29,106,0x54cada71
6,B-A,1,optimized,128,gf_sqr,30,106,0x54cada71
6,B-A,1,optimized,128,gf_sqr,31,106,0x54cada71
6,B-A,1,optimized,128,gf_sqr,32,106,0x54cada71
6,B-A,1,optimized,128,gf_sqr,33,106,0x54cada71
6,B-A,1,optimized,128,gf_sqr,34,106,0x54cada71
6,B-A,1,optimized,128,gf_sqr,35,106,0x54cada71
6,B-A,1,optimized,128,gf_sqr,36,106,0x54cada71
6,B-A,1,optimized,128,gf_sqr,37,106,0x54cada71
6,B-A,1,optimized,128,gf_sqr,38,106,0x54cada71
6,B-A,1,optimized,128,gf_sqr,39,106,0x54cada71
6,B-A,1,optimized,128,gf_sqr,40,106,0x54cada71
6,B-A,1,optimized,128,gf_sqr,41,106,0x54cada71
6,B-A,1,optimized,128,gf_sqr,42,106,0x54cada71
6,B-A,1,optimized,128,gf_sqr,43,106,0x54cada71
6,B-A,1,optimized,128,gf_sqr,44,106,0x54cada71
6,B-A,1,optimized,128,gf_sqr,45,106,0x54cada71
6,B-A,1,optimized,128,gf_sqr,46,106,0x54cada71
6,B-A,1,optimized,128,gf_sqr,47,106,0x54cada71
6,B-A,1,optimized,128,gf_sqr,48,106,0x54cada71
6,B-A,1,optimized,128,gf_sqr,49,106,0x54cada71
6,B-A,2,reference,128,gf_mul,0,1969,0x54cada71
6,B-A,2,reference,128,gf_mul,1,1965,0x54cada71
6,B-A,2,reference,128,gf_mul,2,1965,0x54cada71
6,B-A,2,reference,128,gf_mul,3,1964,0x54cada71
6,B-A,2,reference,128,gf_mul,4,1964,0x54cada71
6,B-A,2,reference,128,gf_mul,5,1964,0x54cada71
6,B-A,2,reference,128,gf_mul,6,1964,0x54cada71
6,B-A,2,reference,128,gf_mul,7,1964,0x54cada71
6,B-A,2,reference,128,gf_mul,8,1964,0x54cada71
6,B-A,2,reference,128,gf_mul,9,1964,0x54cada71
6,B-A,2,reference,128,gf_mul,10,1964,0x54cada71
6,B-A,2,reference,128,gf_mul,11,1964,0x54cada71
6,B-A,2,reference,128,gf_mul,12,1964,0x54cada71
6,B-A,2,reference,128,gf_mul,13,1964,0x54cada71
6,B-A,2,reference,128,gf_mul,14,1964,0x54cada71
6,B-A,2,reference,128,gf_mul,15,1964,0x54cada71
6,B-A,2,reference,128,gf_mul,16,1964,0x54cada71
6,B-A,2,reference,128,gf_mul,17,1964,0x54cada71
6,B-A,2,reference,128,gf_mul,18,1964,0x54cada71
6,B-A,2,reference,128,gf_mul,19,1964,0x54cada71
6,B-A,2,reference,128,gf_mul,20,1964,0x54cada71
6,B-A,2,reference,128,gf_mul,21,1964,0x54cada71
6,B-A,2,reference,128,gf_mul,22,1964,0x54cada71
6,B-A,2,reference,128,gf_mul,23,1964,0x54cada71
6,B-A,2,reference,128,gf_mul,24,1964,0x54cada71
6,B-A,2,reference,128,gf_mul,25,1964,0x54cada71
6,B-A,2,reference,128,gf_mul,26,1964,0x54cada71
6,B-A,2,reference,128,gf_mul,27,1964,0x54cada71
6,B-A,2,reference,128,gf_mul,28,1964,0x54cada71
6,B-A,2,reference,128,gf_mul,29,1964,0x54cada71
6,B-A,2,reference,128,gf_mul,30,1964,0x54cada71
6,B-A,2,reference,128,gf_mul,31,1964,0x54cada71
6,B-A,2,reference,128,gf_mul,32,1964,0x54cada71
6,B-A,2,reference,128,gf_mul,33,1964,0x54cada71
6,B-A,2,reference,128,gf_mul,34,1964,0x54cada71
6,B-A,2,reference,128,gf_mul,35,1964,0x54cada71
6,B-A,2,reference,128,gf_mul,36,1964,0x54cada71
6,B-A,2,reference,128,gf_mul,37,1964,0x54cada71
6,B-A,2,reference,128,gf_mul,38,1964,0x54cada71
6,B-A,2,reference,128,gf_mul,39,1964,0x54cada71
6,B-A,2,reference,128,gf_mul,40,1964,0x54cada71
6,B-A,2,reference,128,gf_mul,41,1964,0x54cada71
6,B-A,2,reference,128,gf_mul,42,1964,0x54cada71
6,B-A,2,reference,128,gf_mul,43,1964,0x54cada71
6,B-A,2,reference,128,gf_mul,44,1964,0x54cada71
6,B-A,2,reference,128,gf_mul,45,1964,0x54cada71
6,B-A,2,reference,128,gf_mul,46,1964,0x54cada71
6,B-A,2,reference,128,gf_mul,47,1964,0x54cada71
6,B-A,2,reference,128,gf_mul,48,1964,0x54cada71
6,B-A,2,reference,128,gf_mul,49,1964,0x54cada71
6,B-A,2,reference,128,gf_sqr,0,107,0x54cada71
6,B-A,2,reference,128,gf_sqr,1,103,0x54cada71
6,B-A,2,reference,128,gf_sqr,2,103,0x54cada71
6,B-A,2,reference,128,gf_sqr,3,102,0x54cada71
6,B-A,2,reference,128,gf_sqr,4,102,0x54cada71
6,B-A,2,reference,128,gf_sqr,5,102,0x54cada71
6,B-A,2,reference,128,gf_sqr,6,102,0x54cada71
6,B-A,2,reference,128,gf_sqr,7,102,0x54cada71
6,B-A,2,reference,128,gf_sqr,8,102,0x54cada71
6,B-A,2,reference,128,gf_sqr,9,102,0x54cada71
6,B-A,2,reference,128,gf_sqr,10,102,0x54cada71
6,B-A,2,reference,128,gf_sqr,11,102,0x54cada71
6,B-A,2,reference,128,gf_sqr,12,102,0x54cada71
6,B-A,2,reference,128,gf_sqr,13,102,0x54cada71
6,B-A,2,reference,128,gf_sqr,14,102,0x54cada71
6,B-A,2,reference,128,gf_sqr,15,102,0x54cada71
6,B-A,2,reference,128,gf_sqr,16,102,0x54cada71
6,B-A,2,reference,128,gf_sqr,17,102,0x54cada71
6,B-A,2,reference,128,gf_sqr,18,102,0x54cada71
6,B-A,2,reference,128,gf_sqr,19,102,0x54cada71
6,B-A,2,reference,128,gf_sqr,20,102,0x54cada71
6,B-A,2,reference,128,gf_sqr,21,102,0x54cada71
6,B-A,2,reference,128,gf_sqr,22,102,0x54cada71
6,B-A,2,reference,128,gf_sqr,23,102,0x54cada71
6,B-A,2,reference,128,gf_sqr,24,102,0x54cada71
6,B-A,2,reference,128,gf_sqr,25,102,0x54cada71
6,B-A,2,reference,128,gf_sqr,26,102,0x54cada71
6,B-A,2,reference,128,gf_sqr,27,102,0x54cada71
6,B-A,2,reference,128,gf_sqr,28,102,0x54cada71
6,B-A,2,reference,128,gf_sqr,29,102,0x54cada71
6,B-A,2,reference,128,gf_sqr,30,102,0x54cada71
6,B-A,2,reference,128,gf_sqr,31,102,0x54cada71
6,B-A,2,reference,128,gf_sqr,32,102,0x54cada71
6,B-A,2,reference,128,gf_sqr,33,102,0x54cada71
6,B-A,2,reference,128,gf_sqr,34,102,0x54cada71
6,B-A,2,reference,128,gf_sqr,35,102,0x54cada71
6,B-A,2,reference,128,gf_sqr,36,102,0x54cada71
6,B-A,2,reference,128,gf_sqr,37,102,0x54cada71
6,B-A,2,reference,128,gf_sqr,38,102,0x54cada71
6,B-A,2,reference,128,gf_sqr,39,102,0x54cada71
6,B-A,2,reference,128,gf_sqr,40,102,0x54cada71
6,B-A,2,reference,128,gf_sqr,41,102,0x54cada71
6,B-A,2,reference,128,gf_sqr,42,102,0x54cada71
6,B-A,2,reference,128,gf_sqr,43,102,0x54cada71
6,B-A,2,reference,128,gf_sqr,44,102,0x54cada71
6,B-A,2,reference,128,gf_sqr,45,102,0x54cada71
6,B-A,2,reference,128,gf_sqr,46,102,0x54cada71
6,B-A,2,reference,128,gf_sqr,47,102,0x54cada71
6,B-A,2,reference,128,gf_sqr,48,102,0x54cada71
6,B-A,2,reference,128,gf_sqr,49,102,0x54cada71
6,B-A,1,optimized,192,gf_mul,0,3927,0x2bf8b731
6,B-A,1,optimized,192,gf_mul,1,3927,0x2bf8b731
6,B-A,1,optimized,192,gf_mul,2,3927,0x2bf8b731
6,B-A,1,optimized,192,gf_mul,3,3926,0x2bf8b731
6,B-A,1,optimized,192,gf_mul,4,3926,0x2bf8b731
6,B-A,1,optimized,192,gf_mul,5,3926,0x2bf8b731
6,B-A,1,optimized,192,gf_mul,6,3926,0x2bf8b731
6,B-A,1,optimized,192,gf_mul,7,3926,0x2bf8b731
6,B-A,1,optimized,192,gf_mul,8,3926,0x2bf8b731
6,B-A,1,optimized,192,gf_mul,9,3926,0x2bf8b731
6,B-A,1,optimized,192,gf_mul,10,3926,0x2bf8b731
6,B-A,1,optimized,192,gf_mul,11,3926,0x2bf8b731
6,B-A,1,optimized,192,gf_mul,12,3926,0x2bf8b731
6,B-A,1,optimized,192,gf_mul,13,3926,0x2bf8b731
6,B-A,1,optimized,192,gf_mul,14,3926,0x2bf8b731
6,B-A,1,optimized,192,gf_mul,15,3926,0x2bf8b731
6,B-A,1,optimized,192,gf_mul,16,3926,0x2bf8b731
6,B-A,1,optimized,192,gf_mul,17,3926,0x2bf8b731
6,B-A,1,optimized,192,gf_mul,18,3926,0x2bf8b731
6,B-A,1,optimized,192,gf_mul,19,3926,0x2bf8b731
6,B-A,1,optimized,192,gf_mul,20,3926,0x2bf8b731
6,B-A,1,optimized,192,gf_mul,21,3926,0x2bf8b731
6,B-A,1,optimized,192,gf_mul,22,3926,0x2bf8b731
6,B-A,1,optimized,192,gf_mul,23,3926,0x2bf8b731
6,B-A,1,optimized,192,gf_mul,24,3926,0x2bf8b731
6,B-A,1,optimized,192,gf_mul,25,3926,0x2bf8b731
6,B-A,1,optimized,192,gf_mul,26,3926,0x2bf8b731
6,B-A,1,optimized,192,gf_mul,27,3926,0x2bf8b731
6,B-A,1,optimized,192,gf_mul,28,3926,0x2bf8b731
6,B-A,1,optimized,192,gf_mul,29,3926,0x2bf8b731
6,B-A,1,optimized,192,gf_mul,30,3926,0x2bf8b731
6,B-A,1,optimized,192,gf_mul,31,3926,0x2bf8b731
6,B-A,1,optimized,192,gf_mul,32,3926,0x2bf8b731
6,B-A,1,optimized,192,gf_mul,33,3926,0x2bf8b731
6,B-A,1,optimized,192,gf_mul,34,3926,0x2bf8b731
6,B-A,1,optimized,192,gf_mul,35,3926,0x2bf8b731
6,B-A,1,optimized,192,gf_mul,36,3926,0x2bf8b731
6,B-A,1,optimized,192,gf_mul,37,3926,0x2bf8b731
6,B-A,1,optimized,192,gf_mul,38,3926,0x2bf8b731
6,B-A,1,optimized,192,gf_mul,39,3926,0x2bf8b731
6,B-A,1,optimized,192,gf_mul,40,3926,0x2bf8b731
6,B-A,1,optimized,192,gf_mul,41,3926,0x2bf8b731
6,B-A,1,optimized,192,gf_mul,42,3926,0x2bf8b731
6,B-A,1,optimized,192,gf_mul,43,3926,0x2bf8b731
6,B-A,1,optimized,192,gf_mul,44,3926,0x2bf8b731
6,B-A,1,optimized,192,gf_mul,45,3926,0x2bf8b731
6,B-A,1,optimized,192,gf_mul,46,3926,0x2bf8b731
6,B-A,1,optimized,192,gf_mul,47,3926,0x2bf8b731
6,B-A,1,optimized,192,gf_mul,48,3926,0x2bf8b731
6,B-A,1,optimized,192,gf_mul,49,3926,0x2bf8b731
6,B-A,1,optimized,192,gf_sqr,0,144,0x2bf8b731
6,B-A,1,optimized,192,gf_sqr,1,144,0x2bf8b731
6,B-A,1,optimized,192,gf_sqr,2,143,0x2bf8b731
6,B-A,1,optimized,192,gf_sqr,3,144,0x2bf8b731
6,B-A,1,optimized,192,gf_sqr,4,144,0x2bf8b731
6,B-A,1,optimized,192,gf_sqr,5,144,0x2bf8b731
6,B-A,1,optimized,192,gf_sqr,6,144,0x2bf8b731
6,B-A,1,optimized,192,gf_sqr,7,144,0x2bf8b731
6,B-A,1,optimized,192,gf_sqr,8,144,0x2bf8b731
6,B-A,1,optimized,192,gf_sqr,9,144,0x2bf8b731
6,B-A,1,optimized,192,gf_sqr,10,144,0x2bf8b731
6,B-A,1,optimized,192,gf_sqr,11,144,0x2bf8b731
6,B-A,1,optimized,192,gf_sqr,12,144,0x2bf8b731
6,B-A,1,optimized,192,gf_sqr,13,144,0x2bf8b731
6,B-A,1,optimized,192,gf_sqr,14,144,0x2bf8b731
6,B-A,1,optimized,192,gf_sqr,15,144,0x2bf8b731
6,B-A,1,optimized,192,gf_sqr,16,144,0x2bf8b731
6,B-A,1,optimized,192,gf_sqr,17,144,0x2bf8b731
6,B-A,1,optimized,192,gf_sqr,18,144,0x2bf8b731
6,B-A,1,optimized,192,gf_sqr,19,144,0x2bf8b731
6,B-A,1,optimized,192,gf_sqr,20,144,0x2bf8b731
6,B-A,1,optimized,192,gf_sqr,21,144,0x2bf8b731
6,B-A,1,optimized,192,gf_sqr,22,144,0x2bf8b731
6,B-A,1,optimized,192,gf_sqr,23,144,0x2bf8b731
6,B-A,1,optimized,192,gf_sqr,24,144,0x2bf8b731
6,B-A,1,optimized,192,gf_sqr,25,144,0x2bf8b731
6,B-A,1,optimized,192,gf_sqr,26,144,0x2bf8b731
6,B-A,1,optimized,192,gf_sqr,27,144,0x2bf8b731
6,B-A,1,optimized,192,gf_sqr,28,144,0x2bf8b731
6,B-A,1,optimized,192,gf_sqr,29,144,0x2bf8b731
6,B-A,1,optimized,192,gf_sqr,30,144,0x2bf8b731
6,B-A,1,optimized,192,gf_sqr,31,144,0x2bf8b731
6,B-A,1,optimized,192,gf_sqr,32,144,0x2bf8b731
6,B-A,1,optimized,192,gf_sqr,33,144,0x2bf8b731
6,B-A,1,optimized,192,gf_sqr,34,144,0x2bf8b731
6,B-A,1,optimized,192,gf_sqr,35,144,0x2bf8b731
6,B-A,1,optimized,192,gf_sqr,36,144,0x2bf8b731
6,B-A,1,optimized,192,gf_sqr,37,144,0x2bf8b731
6,B-A,1,optimized,192,gf_sqr,38,144,0x2bf8b731
6,B-A,1,optimized,192,gf_sqr,39,144,0x2bf8b731
6,B-A,1,optimized,192,gf_sqr,40,144,0x2bf8b731
6,B-A,1,optimized,192,gf_sqr,41,144,0x2bf8b731
6,B-A,1,optimized,192,gf_sqr,42,144,0x2bf8b731
6,B-A,1,optimized,192,gf_sqr,43,144,0x2bf8b731
6,B-A,1,optimized,192,gf_sqr,44,144,0x2bf8b731
6,B-A,1,optimized,192,gf_sqr,45,144,0x2bf8b731
6,B-A,1,optimized,192,gf_sqr,46,144,0x2bf8b731
6,B-A,1,optimized,192,gf_sqr,47,144,0x2bf8b731
6,B-A,1,optimized,192,gf_sqr,48,144,0x2bf8b731
6,B-A,1,optimized,192,gf_sqr,49,144,0x2bf8b731
6,B-A,2,reference,192,gf_mul,0,3927,0x2bf8b731
6,B-A,2,reference,192,gf_mul,1,3927,0x2bf8b731
6,B-A,2,reference,192,gf_mul,2,3927,0x2bf8b731
6,B-A,2,reference,192,gf_mul,3,3926,0x2bf8b731
6,B-A,2,reference,192,gf_mul,4,3926,0x2bf8b731
6,B-A,2,reference,192,gf_mul,5,3926,0x2bf8b731
6,B-A,2,reference,192,gf_mul,6,3926,0x2bf8b731
6,B-A,2,reference,192,gf_mul,7,3926,0x2bf8b731
6,B-A,2,reference,192,gf_mul,8,3926,0x2bf8b731
6,B-A,2,reference,192,gf_mul,9,3926,0x2bf8b731
6,B-A,2,reference,192,gf_mul,10,3926,0x2bf8b731
6,B-A,2,reference,192,gf_mul,11,3926,0x2bf8b731
6,B-A,2,reference,192,gf_mul,12,3926,0x2bf8b731
6,B-A,2,reference,192,gf_mul,13,3926,0x2bf8b731
6,B-A,2,reference,192,gf_mul,14,3926,0x2bf8b731
6,B-A,2,reference,192,gf_mul,15,3926,0x2bf8b731
6,B-A,2,reference,192,gf_mul,16,3926,0x2bf8b731
6,B-A,2,reference,192,gf_mul,17,3926,0x2bf8b731
6,B-A,2,reference,192,gf_mul,18,3926,0x2bf8b731
6,B-A,2,reference,192,gf_mul,19,3926,0x2bf8b731
6,B-A,2,reference,192,gf_mul,20,3926,0x2bf8b731
6,B-A,2,reference,192,gf_mul,21,3926,0x2bf8b731
6,B-A,2,reference,192,gf_mul,22,3926,0x2bf8b731
6,B-A,2,reference,192,gf_mul,23,3926,0x2bf8b731
6,B-A,2,reference,192,gf_mul,24,3926,0x2bf8b731
6,B-A,2,reference,192,gf_mul,25,3926,0x2bf8b731
6,B-A,2,reference,192,gf_mul,26,3926,0x2bf8b731
6,B-A,2,reference,192,gf_mul,27,3926,0x2bf8b731
6,B-A,2,reference,192,gf_mul,28,3926,0x2bf8b731
6,B-A,2,reference,192,gf_mul,29,3926,0x2bf8b731
6,B-A,2,reference,192,gf_mul,30,3926,0x2bf8b731
6,B-A,2,reference,192,gf_mul,31,3926,0x2bf8b731
6,B-A,2,reference,192,gf_mul,32,3926,0x2bf8b731
6,B-A,2,reference,192,gf_mul,33,3926,0x2bf8b731
6,B-A,2,reference,192,gf_mul,34,3926,0x2bf8b731
6,B-A,2,reference,192,gf_mul,35,3926,0x2bf8b731
6,B-A,2,reference,192,gf_mul,36,3926,0x2bf8b731
6,B-A,2,reference,192,gf_mul,37,3926,0x2bf8b731
6,B-A,2,reference,192,gf_mul,38,3926,0x2bf8b731
6,B-A,2,reference,192,gf_mul,39,3926,0x2bf8b731
6,B-A,2,reference,192,gf_mul,40,3926,0x2bf8b731
6,B-A,2,reference,192,gf_mul,41,3926,0x2bf8b731
6,B-A,2,reference,192,gf_mul,42,3926,0x2bf8b731
6,B-A,2,reference,192,gf_mul,43,3926,0x2bf8b731
6,B-A,2,reference,192,gf_mul,44,3926,0x2bf8b731
6,B-A,2,reference,192,gf_mul,45,3926,0x2bf8b731
6,B-A,2,reference,192,gf_mul,46,3926,0x2bf8b731
6,B-A,2,reference,192,gf_mul,47,3926,0x2bf8b731
6,B-A,2,reference,192,gf_mul,48,3926,0x2bf8b731
6,B-A,2,reference,192,gf_mul,49,3926,0x2bf8b731
6,B-A,2,reference,192,gf_sqr,0,144,0x2bf8b731
6,B-A,2,reference,192,gf_sqr,1,144,0x2bf8b731
6,B-A,2,reference,192,gf_sqr,2,143,0x2bf8b731
6,B-A,2,reference,192,gf_sqr,3,144,0x2bf8b731
6,B-A,2,reference,192,gf_sqr,4,144,0x2bf8b731
6,B-A,2,reference,192,gf_sqr,5,144,0x2bf8b731
6,B-A,2,reference,192,gf_sqr,6,144,0x2bf8b731
6,B-A,2,reference,192,gf_sqr,7,144,0x2bf8b731
6,B-A,2,reference,192,gf_sqr,8,144,0x2bf8b731
6,B-A,2,reference,192,gf_sqr,9,144,0x2bf8b731
6,B-A,2,reference,192,gf_sqr,10,144,0x2bf8b731
6,B-A,2,reference,192,gf_sqr,11,144,0x2bf8b731
6,B-A,2,reference,192,gf_sqr,12,144,0x2bf8b731
6,B-A,2,reference,192,gf_sqr,13,144,0x2bf8b731
6,B-A,2,reference,192,gf_sqr,14,144,0x2bf8b731
6,B-A,2,reference,192,gf_sqr,15,144,0x2bf8b731
6,B-A,2,reference,192,gf_sqr,16,144,0x2bf8b731
6,B-A,2,reference,192,gf_sqr,17,144,0x2bf8b731
6,B-A,2,reference,192,gf_sqr,18,144,0x2bf8b731
6,B-A,2,reference,192,gf_sqr,19,144,0x2bf8b731
6,B-A,2,reference,192,gf_sqr,20,144,0x2bf8b731
6,B-A,2,reference,192,gf_sqr,21,144,0x2bf8b731
6,B-A,2,reference,192,gf_sqr,22,144,0x2bf8b731
6,B-A,2,reference,192,gf_sqr,23,144,0x2bf8b731
6,B-A,2,reference,192,gf_sqr,24,144,0x2bf8b731
6,B-A,2,reference,192,gf_sqr,25,144,0x2bf8b731
6,B-A,2,reference,192,gf_sqr,26,144,0x2bf8b731
6,B-A,2,reference,192,gf_sqr,27,144,0x2bf8b731
6,B-A,2,reference,192,gf_sqr,28,144,0x2bf8b731
6,B-A,2,reference,192,gf_sqr,29,144,0x2bf8b731
6,B-A,2,reference,192,gf_sqr,30,144,0x2bf8b731
6,B-A,2,reference,192,gf_sqr,31,144,0x2bf8b731
6,B-A,2,reference,192,gf_sqr,32,144,0x2bf8b731
6,B-A,2,reference,192,gf_sqr,33,144,0x2bf8b731
6,B-A,2,reference,192,gf_sqr,34,144,0x2bf8b731
6,B-A,2,reference,192,gf_sqr,35,144,0x2bf8b731
6,B-A,2,reference,192,gf_sqr,36,144,0x2bf8b731
6,B-A,2,reference,192,gf_sqr,37,144,0x2bf8b731
6,B-A,2,reference,192,gf_sqr,38,144,0x2bf8b731
6,B-A,2,reference,192,gf_sqr,39,144,0x2bf8b731
6,B-A,2,reference,192,gf_sqr,40,144,0x2bf8b731
6,B-A,2,reference,192,gf_sqr,41,144,0x2bf8b731
6,B-A,2,reference,192,gf_sqr,42,144,0x2bf8b731
6,B-A,2,reference,192,gf_sqr,43,144,0x2bf8b731
6,B-A,2,reference,192,gf_sqr,44,144,0x2bf8b731
6,B-A,2,reference,192,gf_sqr,45,144,0x2bf8b731
6,B-A,2,reference,192,gf_sqr,46,144,0x2bf8b731
6,B-A,2,reference,192,gf_sqr,47,144,0x2bf8b731
6,B-A,2,reference,192,gf_sqr,48,144,0x2bf8b731
6,B-A,2,reference,192,gf_sqr,49,144,0x2bf8b731
6,B-A,1,optimized,256,gf_mul,0,5942,0x283807e5
6,B-A,1,optimized,256,gf_mul,1,5940,0x283807e5
6,B-A,1,optimized,256,gf_mul,2,5941,0x283807e5
6,B-A,1,optimized,256,gf_mul,3,5940,0x283807e5
6,B-A,1,optimized,256,gf_mul,4,5940,0x283807e5
6,B-A,1,optimized,256,gf_mul,5,5940,0x283807e5
6,B-A,1,optimized,256,gf_mul,6,5940,0x283807e5
6,B-A,1,optimized,256,gf_mul,7,5940,0x283807e5
6,B-A,1,optimized,256,gf_mul,8,5940,0x283807e5
6,B-A,1,optimized,256,gf_mul,9,5940,0x283807e5
6,B-A,1,optimized,256,gf_mul,10,5940,0x283807e5
6,B-A,1,optimized,256,gf_mul,11,5940,0x283807e5
6,B-A,1,optimized,256,gf_mul,12,5940,0x283807e5
6,B-A,1,optimized,256,gf_mul,13,5940,0x283807e5
6,B-A,1,optimized,256,gf_mul,14,5940,0x283807e5
6,B-A,1,optimized,256,gf_mul,15,5940,0x283807e5
6,B-A,1,optimized,256,gf_mul,16,5940,0x283807e5
6,B-A,1,optimized,256,gf_mul,17,5940,0x283807e5
6,B-A,1,optimized,256,gf_mul,18,5940,0x283807e5
6,B-A,1,optimized,256,gf_mul,19,5940,0x283807e5
6,B-A,1,optimized,256,gf_mul,20,5940,0x283807e5
6,B-A,1,optimized,256,gf_mul,21,5940,0x283807e5
6,B-A,1,optimized,256,gf_mul,22,5940,0x283807e5
6,B-A,1,optimized,256,gf_mul,23,5940,0x283807e5
6,B-A,1,optimized,256,gf_mul,24,5940,0x283807e5
6,B-A,1,optimized,256,gf_mul,25,5940,0x283807e5
6,B-A,1,optimized,256,gf_mul,26,5940,0x283807e5
6,B-A,1,optimized,256,gf_mul,27,5940,0x283807e5
6,B-A,1,optimized,256,gf_mul,28,5940,0x283807e5
6,B-A,1,optimized,256,gf_mul,29,5940,0x283807e5
6,B-A,1,optimized,256,gf_mul,30,5940,0x283807e5
6,B-A,1,optimized,256,gf_mul,31,5940,0x283807e5
6,B-A,1,optimized,256,gf_mul,32,5940,0x283807e5
6,B-A,1,optimized,256,gf_mul,33,5940,0x283807e5
6,B-A,1,optimized,256,gf_mul,34,5940,0x283807e5
6,B-A,1,optimized,256,gf_mul,35,5940,0x283807e5
6,B-A,1,optimized,256,gf_mul,36,5940,0x283807e5
6,B-A,1,optimized,256,gf_mul,37,5940,0x283807e5
6,B-A,1,optimized,256,gf_mul,38,5940,0x283807e5
6,B-A,1,optimized,256,gf_mul,39,5940,0x283807e5
6,B-A,1,optimized,256,gf_mul,40,5940,0x283807e5
6,B-A,1,optimized,256,gf_mul,41,5940,0x283807e5
6,B-A,1,optimized,256,gf_mul,42,5940,0x283807e5
6,B-A,1,optimized,256,gf_mul,43,5940,0x283807e5
6,B-A,1,optimized,256,gf_mul,44,5940,0x283807e5
6,B-A,1,optimized,256,gf_mul,45,5940,0x283807e5
6,B-A,1,optimized,256,gf_mul,46,5940,0x283807e5
6,B-A,1,optimized,256,gf_mul,47,5940,0x283807e5
6,B-A,1,optimized,256,gf_mul,48,5940,0x283807e5
6,B-A,1,optimized,256,gf_mul,49,5940,0x283807e5
6,B-A,1,optimized,256,gf_sqr,0,202,0x283807e5
6,B-A,1,optimized,256,gf_sqr,1,200,0x283807e5
6,B-A,1,optimized,256,gf_sqr,2,201,0x283807e5
6,B-A,1,optimized,256,gf_sqr,3,200,0x283807e5
6,B-A,1,optimized,256,gf_sqr,4,200,0x283807e5
6,B-A,1,optimized,256,gf_sqr,5,200,0x283807e5
6,B-A,1,optimized,256,gf_sqr,6,200,0x283807e5
6,B-A,1,optimized,256,gf_sqr,7,200,0x283807e5
6,B-A,1,optimized,256,gf_sqr,8,200,0x283807e5
6,B-A,1,optimized,256,gf_sqr,9,200,0x283807e5
6,B-A,1,optimized,256,gf_sqr,10,200,0x283807e5
6,B-A,1,optimized,256,gf_sqr,11,200,0x283807e5
6,B-A,1,optimized,256,gf_sqr,12,200,0x283807e5
6,B-A,1,optimized,256,gf_sqr,13,200,0x283807e5
6,B-A,1,optimized,256,gf_sqr,14,200,0x283807e5
6,B-A,1,optimized,256,gf_sqr,15,200,0x283807e5
6,B-A,1,optimized,256,gf_sqr,16,200,0x283807e5
6,B-A,1,optimized,256,gf_sqr,17,200,0x283807e5
6,B-A,1,optimized,256,gf_sqr,18,200,0x283807e5
6,B-A,1,optimized,256,gf_sqr,19,200,0x283807e5
6,B-A,1,optimized,256,gf_sqr,20,200,0x283807e5
6,B-A,1,optimized,256,gf_sqr,21,200,0x283807e5
6,B-A,1,optimized,256,gf_sqr,22,200,0x283807e5
6,B-A,1,optimized,256,gf_sqr,23,200,0x283807e5
6,B-A,1,optimized,256,gf_sqr,24,200,0x283807e5
6,B-A,1,optimized,256,gf_sqr,25,200,0x283807e5
6,B-A,1,optimized,256,gf_sqr,26,200,0x283807e5
6,B-A,1,optimized,256,gf_sqr,27,200,0x283807e5
6,B-A,1,optimized,256,gf_sqr,28,200,0x283807e5
6,B-A,1,optimized,256,gf_sqr,29,200,0x283807e5
6,B-A,1,optimized,256,gf_sqr,30,200,0x283807e5
6,B-A,1,optimized,256,gf_sqr,31,200,0x283807e5
6,B-A,1,optimized,256,gf_sqr,32,200,0x283807e5
6,B-A,1,optimized,256,gf_sqr,33,200,0x283807e5
6,B-A,1,optimized,256,gf_sqr,34,200,0x283807e5
6,B-A,1,optimized,256,gf_sqr,35,200,0x283807e5
6,B-A,1,optimized,256,gf_sqr,36,200,0x283807e5
6,B-A,1,optimized,256,gf_sqr,37,200,0x283807e5
6,B-A,1,optimized,256,gf_sqr,38,200,0x283807e5
6,B-A,1,optimized,256,gf_sqr,39,200,0x283807e5
6,B-A,1,optimized,256,gf_sqr,40,200,0x283807e5
6,B-A,1,optimized,256,gf_sqr,41,200,0x283807e5
6,B-A,1,optimized,256,gf_sqr,42,200,0x283807e5
6,B-A,1,optimized,256,gf_sqr,43,200,0x283807e5
6,B-A,1,optimized,256,gf_sqr,44,200,0x283807e5
6,B-A,1,optimized,256,gf_sqr,45,200,0x283807e5
6,B-A,1,optimized,256,gf_sqr,46,200,0x283807e5
6,B-A,1,optimized,256,gf_sqr,47,200,0x283807e5
6,B-A,1,optimized,256,gf_sqr,48,200,0x283807e5
6,B-A,1,optimized,256,gf_sqr,49,200,0x283807e5
6,B-A,2,reference,256,gf_mul,0,5933,0x283807e5
6,B-A,2,reference,256,gf_mul,1,5932,0x283807e5
6,B-A,2,reference,256,gf_mul,2,5932,0x283807e5
6,B-A,2,reference,256,gf_mul,3,5931,0x283807e5
6,B-A,2,reference,256,gf_mul,4,5931,0x283807e5
6,B-A,2,reference,256,gf_mul,5,5931,0x283807e5
6,B-A,2,reference,256,gf_mul,6,5931,0x283807e5
6,B-A,2,reference,256,gf_mul,7,5931,0x283807e5
6,B-A,2,reference,256,gf_mul,8,5931,0x283807e5
6,B-A,2,reference,256,gf_mul,9,5931,0x283807e5
6,B-A,2,reference,256,gf_mul,10,5931,0x283807e5
6,B-A,2,reference,256,gf_mul,11,5931,0x283807e5
6,B-A,2,reference,256,gf_mul,12,5931,0x283807e5
6,B-A,2,reference,256,gf_mul,13,5931,0x283807e5
6,B-A,2,reference,256,gf_mul,14,5931,0x283807e5
6,B-A,2,reference,256,gf_mul,15,5931,0x283807e5
6,B-A,2,reference,256,gf_mul,16,5931,0x283807e5
6,B-A,2,reference,256,gf_mul,17,5931,0x283807e5
6,B-A,2,reference,256,gf_mul,18,5931,0x283807e5
6,B-A,2,reference,256,gf_mul,19,5931,0x283807e5
6,B-A,2,reference,256,gf_mul,20,5931,0x283807e5
6,B-A,2,reference,256,gf_mul,21,5931,0x283807e5
6,B-A,2,reference,256,gf_mul,22,5931,0x283807e5
6,B-A,2,reference,256,gf_mul,23,5931,0x283807e5
6,B-A,2,reference,256,gf_mul,24,5931,0x283807e5
6,B-A,2,reference,256,gf_mul,25,5931,0x283807e5
6,B-A,2,reference,256,gf_mul,26,5931,0x283807e5
6,B-A,2,reference,256,gf_mul,27,5931,0x283807e5
6,B-A,2,reference,256,gf_mul,28,5931,0x283807e5
6,B-A,2,reference,256,gf_mul,29,5931,0x283807e5
6,B-A,2,reference,256,gf_mul,30,5931,0x283807e5
6,B-A,2,reference,256,gf_mul,31,5931,0x283807e5
6,B-A,2,reference,256,gf_mul,32,5931,0x283807e5
6,B-A,2,reference,256,gf_mul,33,5931,0x283807e5
6,B-A,2,reference,256,gf_mul,34,5931,0x283807e5
6,B-A,2,reference,256,gf_mul,35,5931,0x283807e5
6,B-A,2,reference,256,gf_mul,36,5931,0x283807e5
6,B-A,2,reference,256,gf_mul,37,5931,0x283807e5
6,B-A,2,reference,256,gf_mul,38,5931,0x283807e5
6,B-A,2,reference,256,gf_mul,39,5931,0x283807e5
6,B-A,2,reference,256,gf_mul,40,5931,0x283807e5
6,B-A,2,reference,256,gf_mul,41,5931,0x283807e5
6,B-A,2,reference,256,gf_mul,42,5931,0x283807e5
6,B-A,2,reference,256,gf_mul,43,5931,0x283807e5
6,B-A,2,reference,256,gf_mul,44,5931,0x283807e5
6,B-A,2,reference,256,gf_mul,45,5931,0x283807e5
6,B-A,2,reference,256,gf_mul,46,5931,0x283807e5
6,B-A,2,reference,256,gf_mul,47,5931,0x283807e5
6,B-A,2,reference,256,gf_mul,48,5931,0x283807e5
6,B-A,2,reference,256,gf_mul,49,5931,0x283807e5
6,B-A,2,reference,256,gf_sqr,0,203,0x283807e5
6,B-A,2,reference,256,gf_sqr,1,202,0x283807e5
6,B-A,2,reference,256,gf_sqr,2,203,0x283807e5
6,B-A,2,reference,256,gf_sqr,3,202,0x283807e5
6,B-A,2,reference,256,gf_sqr,4,202,0x283807e5
6,B-A,2,reference,256,gf_sqr,5,202,0x283807e5
6,B-A,2,reference,256,gf_sqr,6,202,0x283807e5
6,B-A,2,reference,256,gf_sqr,7,202,0x283807e5
6,B-A,2,reference,256,gf_sqr,8,202,0x283807e5
6,B-A,2,reference,256,gf_sqr,9,202,0x283807e5
6,B-A,2,reference,256,gf_sqr,10,202,0x283807e5
6,B-A,2,reference,256,gf_sqr,11,202,0x283807e5
6,B-A,2,reference,256,gf_sqr,12,202,0x283807e5
6,B-A,2,reference,256,gf_sqr,13,202,0x283807e5
6,B-A,2,reference,256,gf_sqr,14,202,0x283807e5
6,B-A,2,reference,256,gf_sqr,15,202,0x283807e5
6,B-A,2,reference,256,gf_sqr,16,202,0x283807e5
6,B-A,2,reference,256,gf_sqr,17,202,0x283807e5
6,B-A,2,reference,256,gf_sqr,18,202,0x283807e5
6,B-A,2,reference,256,gf_sqr,19,202,0x283807e5
6,B-A,2,reference,256,gf_sqr,20,202,0x283807e5
6,B-A,2,reference,256,gf_sqr,21,202,0x283807e5
6,B-A,2,reference,256,gf_sqr,22,202,0x283807e5
6,B-A,2,reference,256,gf_sqr,23,202,0x283807e5
6,B-A,2,reference,256,gf_sqr,24,202,0x283807e5
6,B-A,2,reference,256,gf_sqr,25,202,0x283807e5
6,B-A,2,reference,256,gf_sqr,26,202,0x283807e5
6,B-A,2,reference,256,gf_sqr,27,202,0x283807e5
6,B-A,2,reference,256,gf_sqr,28,202,0x283807e5
6,B-A,2,reference,256,gf_sqr,29,202,0x283807e5
6,B-A,2,reference,256,gf_sqr,30,202,0x283807e5
6,B-A,2,reference,256,gf_sqr,31,202,0x283807e5
6,B-A,2,reference,256,gf_sqr,32,202,0x283807e5
6,B-A,2,reference,256,gf_sqr,33,202,0x283807e5
6,B-A,2,reference,256,gf_sqr,34,202,0x283807e5
6,B-A,2,reference,256,gf_sqr,35,202,0x283807e5
6,B-A,2,reference,256,gf_sqr,36,202,0x283807e5
6,B-A,2,reference,256,gf_sqr,37,202,0x283807e5
6,B-A,2,reference,256,gf_sqr,38,202,0x283807e5
6,B-A,2,reference,256,gf_sqr,39,202,0x283807e5
6,B-A,2,reference,256,gf_sqr,40,202,0x283807e5
6,B-A,2,reference,256,gf_sqr,41,202,0x283807e5
6,B-A,2,reference,256,gf_sqr,42,202,0x283807e5
6,B-A,2,reference,256,gf_sqr,43,202,0x283807e5
6,B-A,2,reference,256,gf_sqr,44,202,0x283807e5
6,B-A,2,reference,256,gf_sqr,45,202,0x283807e5
6,B-A,2,reference,256,gf_sqr,46,202,0x283807e5
6,B-A,2,reference,256,gf_sqr,47,202,0x283807e5
6,B-A,2,reference,256,gf_sqr,48,202,0x283807e5
6,B-A,2,reference,256,gf_sqr,49,202,0x283807e5
7,A-B,1,reference,128,gf_mul,0,1969,0x54cada71
7,A-B,1,reference,128,gf_mul,1,1965,0x54cada71
7,A-B,1,reference,128,gf_mul,2,1965,0x54cada71
7,A-B,1,reference,128,gf_mul,3,1964,0x54cada71
7,A-B,1,reference,128,gf_mul,4,1964,0x54cada71
7,A-B,1,reference,128,gf_mul,5,1964,0x54cada71
7,A-B,1,reference,128,gf_mul,6,1964,0x54cada71
7,A-B,1,reference,128,gf_mul,7,1964,0x54cada71
7,A-B,1,reference,128,gf_mul,8,1964,0x54cada71
7,A-B,1,reference,128,gf_mul,9,1964,0x54cada71
7,A-B,1,reference,128,gf_mul,10,1964,0x54cada71
7,A-B,1,reference,128,gf_mul,11,1964,0x54cada71
7,A-B,1,reference,128,gf_mul,12,1964,0x54cada71
7,A-B,1,reference,128,gf_mul,13,1964,0x54cada71
7,A-B,1,reference,128,gf_mul,14,1964,0x54cada71
7,A-B,1,reference,128,gf_mul,15,1964,0x54cada71
7,A-B,1,reference,128,gf_mul,16,1964,0x54cada71
7,A-B,1,reference,128,gf_mul,17,1964,0x54cada71
7,A-B,1,reference,128,gf_mul,18,1964,0x54cada71
7,A-B,1,reference,128,gf_mul,19,1964,0x54cada71
7,A-B,1,reference,128,gf_mul,20,1964,0x54cada71
7,A-B,1,reference,128,gf_mul,21,1964,0x54cada71
7,A-B,1,reference,128,gf_mul,22,1964,0x54cada71
7,A-B,1,reference,128,gf_mul,23,1964,0x54cada71
7,A-B,1,reference,128,gf_mul,24,1964,0x54cada71
7,A-B,1,reference,128,gf_mul,25,1964,0x54cada71
7,A-B,1,reference,128,gf_mul,26,1964,0x54cada71
7,A-B,1,reference,128,gf_mul,27,1964,0x54cada71
7,A-B,1,reference,128,gf_mul,28,1964,0x54cada71
7,A-B,1,reference,128,gf_mul,29,1964,0x54cada71
7,A-B,1,reference,128,gf_mul,30,1964,0x54cada71
7,A-B,1,reference,128,gf_mul,31,1964,0x54cada71
7,A-B,1,reference,128,gf_mul,32,1964,0x54cada71
7,A-B,1,reference,128,gf_mul,33,1964,0x54cada71
7,A-B,1,reference,128,gf_mul,34,1964,0x54cada71
7,A-B,1,reference,128,gf_mul,35,1964,0x54cada71
7,A-B,1,reference,128,gf_mul,36,1964,0x54cada71
7,A-B,1,reference,128,gf_mul,37,1964,0x54cada71
7,A-B,1,reference,128,gf_mul,38,1964,0x54cada71
7,A-B,1,reference,128,gf_mul,39,1964,0x54cada71
7,A-B,1,reference,128,gf_mul,40,1964,0x54cada71
7,A-B,1,reference,128,gf_mul,41,1964,0x54cada71
7,A-B,1,reference,128,gf_mul,42,1964,0x54cada71
7,A-B,1,reference,128,gf_mul,43,1964,0x54cada71
7,A-B,1,reference,128,gf_mul,44,1964,0x54cada71
7,A-B,1,reference,128,gf_mul,45,1964,0x54cada71
7,A-B,1,reference,128,gf_mul,46,1964,0x54cada71
7,A-B,1,reference,128,gf_mul,47,1964,0x54cada71
7,A-B,1,reference,128,gf_mul,48,1964,0x54cada71
7,A-B,1,reference,128,gf_mul,49,1964,0x54cada71
7,A-B,1,reference,128,gf_sqr,0,107,0x54cada71
7,A-B,1,reference,128,gf_sqr,1,103,0x54cada71
7,A-B,1,reference,128,gf_sqr,2,103,0x54cada71
7,A-B,1,reference,128,gf_sqr,3,102,0x54cada71
7,A-B,1,reference,128,gf_sqr,4,102,0x54cada71
7,A-B,1,reference,128,gf_sqr,5,102,0x54cada71
7,A-B,1,reference,128,gf_sqr,6,102,0x54cada71
7,A-B,1,reference,128,gf_sqr,7,102,0x54cada71
7,A-B,1,reference,128,gf_sqr,8,102,0x54cada71
7,A-B,1,reference,128,gf_sqr,9,102,0x54cada71
7,A-B,1,reference,128,gf_sqr,10,102,0x54cada71
7,A-B,1,reference,128,gf_sqr,11,102,0x54cada71
7,A-B,1,reference,128,gf_sqr,12,102,0x54cada71
7,A-B,1,reference,128,gf_sqr,13,102,0x54cada71
7,A-B,1,reference,128,gf_sqr,14,102,0x54cada71
7,A-B,1,reference,128,gf_sqr,15,102,0x54cada71
7,A-B,1,reference,128,gf_sqr,16,102,0x54cada71
7,A-B,1,reference,128,gf_sqr,17,102,0x54cada71
7,A-B,1,reference,128,gf_sqr,18,102,0x54cada71
7,A-B,1,reference,128,gf_sqr,19,102,0x54cada71
7,A-B,1,reference,128,gf_sqr,20,102,0x54cada71
7,A-B,1,reference,128,gf_sqr,21,102,0x54cada71
7,A-B,1,reference,128,gf_sqr,22,102,0x54cada71
7,A-B,1,reference,128,gf_sqr,23,102,0x54cada71
7,A-B,1,reference,128,gf_sqr,24,102,0x54cada71
7,A-B,1,reference,128,gf_sqr,25,102,0x54cada71
7,A-B,1,reference,128,gf_sqr,26,102,0x54cada71
7,A-B,1,reference,128,gf_sqr,27,102,0x54cada71
7,A-B,1,reference,128,gf_sqr,28,102,0x54cada71
7,A-B,1,reference,128,gf_sqr,29,102,0x54cada71
7,A-B,1,reference,128,gf_sqr,30,102,0x54cada71
7,A-B,1,reference,128,gf_sqr,31,102,0x54cada71
7,A-B,1,reference,128,gf_sqr,32,102,0x54cada71
7,A-B,1,reference,128,gf_sqr,33,102,0x54cada71
7,A-B,1,reference,128,gf_sqr,34,102,0x54cada71
7,A-B,1,reference,128,gf_sqr,35,102,0x54cada71
7,A-B,1,reference,128,gf_sqr,36,102,0x54cada71
7,A-B,1,reference,128,gf_sqr,37,102,0x54cada71
7,A-B,1,reference,128,gf_sqr,38,102,0x54cada71
7,A-B,1,reference,128,gf_sqr,39,102,0x54cada71
7,A-B,1,reference,128,gf_sqr,40,102,0x54cada71
7,A-B,1,reference,128,gf_sqr,41,102,0x54cada71
7,A-B,1,reference,128,gf_sqr,42,102,0x54cada71
7,A-B,1,reference,128,gf_sqr,43,102,0x54cada71
7,A-B,1,reference,128,gf_sqr,44,102,0x54cada71
7,A-B,1,reference,128,gf_sqr,45,102,0x54cada71
7,A-B,1,reference,128,gf_sqr,46,102,0x54cada71
7,A-B,1,reference,128,gf_sqr,47,102,0x54cada71
7,A-B,1,reference,128,gf_sqr,48,102,0x54cada71
7,A-B,1,reference,128,gf_sqr,49,102,0x54cada71
7,A-B,2,optimized,128,gf_mul,0,1969,0x54cada71
7,A-B,2,optimized,128,gf_mul,1,1968,0x54cada71
7,A-B,2,optimized,128,gf_mul,2,1968,0x54cada71
7,A-B,2,optimized,128,gf_mul,3,1967,0x54cada71
7,A-B,2,optimized,128,gf_mul,4,1967,0x54cada71
7,A-B,2,optimized,128,gf_mul,5,1967,0x54cada71
7,A-B,2,optimized,128,gf_mul,6,1967,0x54cada71
7,A-B,2,optimized,128,gf_mul,7,1967,0x54cada71
7,A-B,2,optimized,128,gf_mul,8,1967,0x54cada71
7,A-B,2,optimized,128,gf_mul,9,1967,0x54cada71
7,A-B,2,optimized,128,gf_mul,10,1967,0x54cada71
7,A-B,2,optimized,128,gf_mul,11,1967,0x54cada71
7,A-B,2,optimized,128,gf_mul,12,1967,0x54cada71
7,A-B,2,optimized,128,gf_mul,13,1967,0x54cada71
7,A-B,2,optimized,128,gf_mul,14,1967,0x54cada71
7,A-B,2,optimized,128,gf_mul,15,1967,0x54cada71
7,A-B,2,optimized,128,gf_mul,16,1967,0x54cada71
7,A-B,2,optimized,128,gf_mul,17,1967,0x54cada71
7,A-B,2,optimized,128,gf_mul,18,1967,0x54cada71
7,A-B,2,optimized,128,gf_mul,19,1967,0x54cada71
7,A-B,2,optimized,128,gf_mul,20,1967,0x54cada71
7,A-B,2,optimized,128,gf_mul,21,1967,0x54cada71
7,A-B,2,optimized,128,gf_mul,22,1967,0x54cada71
7,A-B,2,optimized,128,gf_mul,23,1967,0x54cada71
7,A-B,2,optimized,128,gf_mul,24,1967,0x54cada71
7,A-B,2,optimized,128,gf_mul,25,1967,0x54cada71
7,A-B,2,optimized,128,gf_mul,26,1967,0x54cada71
7,A-B,2,optimized,128,gf_mul,27,1967,0x54cada71
7,A-B,2,optimized,128,gf_mul,28,1967,0x54cada71
7,A-B,2,optimized,128,gf_mul,29,1967,0x54cada71
7,A-B,2,optimized,128,gf_mul,30,1967,0x54cada71
7,A-B,2,optimized,128,gf_mul,31,1967,0x54cada71
7,A-B,2,optimized,128,gf_mul,32,1967,0x54cada71
7,A-B,2,optimized,128,gf_mul,33,1967,0x54cada71
7,A-B,2,optimized,128,gf_mul,34,1967,0x54cada71
7,A-B,2,optimized,128,gf_mul,35,1967,0x54cada71
7,A-B,2,optimized,128,gf_mul,36,1967,0x54cada71
7,A-B,2,optimized,128,gf_mul,37,1967,0x54cada71
7,A-B,2,optimized,128,gf_mul,38,1967,0x54cada71
7,A-B,2,optimized,128,gf_mul,39,1967,0x54cada71
7,A-B,2,optimized,128,gf_mul,40,1967,0x54cada71
7,A-B,2,optimized,128,gf_mul,41,1967,0x54cada71
7,A-B,2,optimized,128,gf_mul,42,1967,0x54cada71
7,A-B,2,optimized,128,gf_mul,43,1967,0x54cada71
7,A-B,2,optimized,128,gf_mul,44,1967,0x54cada71
7,A-B,2,optimized,128,gf_mul,45,1967,0x54cada71
7,A-B,2,optimized,128,gf_mul,46,1967,0x54cada71
7,A-B,2,optimized,128,gf_mul,47,1967,0x54cada71
7,A-B,2,optimized,128,gf_mul,48,1967,0x54cada71
7,A-B,2,optimized,128,gf_mul,49,1967,0x54cada71
7,A-B,2,optimized,128,gf_sqr,0,107,0x54cada71
7,A-B,2,optimized,128,gf_sqr,1,107,0x54cada71
7,A-B,2,optimized,128,gf_sqr,2,107,0x54cada71
7,A-B,2,optimized,128,gf_sqr,3,106,0x54cada71
7,A-B,2,optimized,128,gf_sqr,4,106,0x54cada71
7,A-B,2,optimized,128,gf_sqr,5,106,0x54cada71
7,A-B,2,optimized,128,gf_sqr,6,106,0x54cada71
7,A-B,2,optimized,128,gf_sqr,7,106,0x54cada71
7,A-B,2,optimized,128,gf_sqr,8,106,0x54cada71
7,A-B,2,optimized,128,gf_sqr,9,106,0x54cada71
7,A-B,2,optimized,128,gf_sqr,10,106,0x54cada71
7,A-B,2,optimized,128,gf_sqr,11,106,0x54cada71
7,A-B,2,optimized,128,gf_sqr,12,106,0x54cada71
7,A-B,2,optimized,128,gf_sqr,13,106,0x54cada71
7,A-B,2,optimized,128,gf_sqr,14,106,0x54cada71
7,A-B,2,optimized,128,gf_sqr,15,106,0x54cada71
7,A-B,2,optimized,128,gf_sqr,16,106,0x54cada71
7,A-B,2,optimized,128,gf_sqr,17,106,0x54cada71
7,A-B,2,optimized,128,gf_sqr,18,106,0x54cada71
7,A-B,2,optimized,128,gf_sqr,19,106,0x54cada71
7,A-B,2,optimized,128,gf_sqr,20,106,0x54cada71
7,A-B,2,optimized,128,gf_sqr,21,106,0x54cada71
7,A-B,2,optimized,128,gf_sqr,22,106,0x54cada71
7,A-B,2,optimized,128,gf_sqr,23,106,0x54cada71
7,A-B,2,optimized,128,gf_sqr,24,106,0x54cada71
7,A-B,2,optimized,128,gf_sqr,25,106,0x54cada71
7,A-B,2,optimized,128,gf_sqr,26,106,0x54cada71
7,A-B,2,optimized,128,gf_sqr,27,106,0x54cada71
7,A-B,2,optimized,128,gf_sqr,28,106,0x54cada71
7,A-B,2,optimized,128,gf_sqr,29,106,0x54cada71
7,A-B,2,optimized,128,gf_sqr,30,106,0x54cada71
7,A-B,2,optimized,128,gf_sqr,31,106,0x54cada71
7,A-B,2,optimized,128,gf_sqr,32,106,0x54cada71
7,A-B,2,optimized,128,gf_sqr,33,106,0x54cada71
7,A-B,2,optimized,128,gf_sqr,34,106,0x54cada71
7,A-B,2,optimized,128,gf_sqr,35,106,0x54cada71
7,A-B,2,optimized,128,gf_sqr,36,106,0x54cada71
7,A-B,2,optimized,128,gf_sqr,37,106,0x54cada71
7,A-B,2,optimized,128,gf_sqr,38,106,0x54cada71
7,A-B,2,optimized,128,gf_sqr,39,106,0x54cada71
7,A-B,2,optimized,128,gf_sqr,40,106,0x54cada71
7,A-B,2,optimized,128,gf_sqr,41,106,0x54cada71
7,A-B,2,optimized,128,gf_sqr,42,106,0x54cada71
7,A-B,2,optimized,128,gf_sqr,43,106,0x54cada71
7,A-B,2,optimized,128,gf_sqr,44,106,0x54cada71
7,A-B,2,optimized,128,gf_sqr,45,106,0x54cada71
7,A-B,2,optimized,128,gf_sqr,46,106,0x54cada71
7,A-B,2,optimized,128,gf_sqr,47,106,0x54cada71
7,A-B,2,optimized,128,gf_sqr,48,106,0x54cada71
7,A-B,2,optimized,128,gf_sqr,49,106,0x54cada71
7,A-B,1,reference,192,gf_mul,0,3927,0x2bf8b731
7,A-B,1,reference,192,gf_mul,1,3927,0x2bf8b731
7,A-B,1,reference,192,gf_mul,2,3927,0x2bf8b731
7,A-B,1,reference,192,gf_mul,3,3926,0x2bf8b731
7,A-B,1,reference,192,gf_mul,4,3926,0x2bf8b731
7,A-B,1,reference,192,gf_mul,5,3926,0x2bf8b731
7,A-B,1,reference,192,gf_mul,6,3926,0x2bf8b731
7,A-B,1,reference,192,gf_mul,7,3926,0x2bf8b731
7,A-B,1,reference,192,gf_mul,8,3926,0x2bf8b731
7,A-B,1,reference,192,gf_mul,9,3926,0x2bf8b731
7,A-B,1,reference,192,gf_mul,10,3926,0x2bf8b731
7,A-B,1,reference,192,gf_mul,11,3926,0x2bf8b731
7,A-B,1,reference,192,gf_mul,12,3926,0x2bf8b731
7,A-B,1,reference,192,gf_mul,13,3926,0x2bf8b731
7,A-B,1,reference,192,gf_mul,14,3926,0x2bf8b731
7,A-B,1,reference,192,gf_mul,15,3926,0x2bf8b731
7,A-B,1,reference,192,gf_mul,16,3926,0x2bf8b731
7,A-B,1,reference,192,gf_mul,17,3926,0x2bf8b731
7,A-B,1,reference,192,gf_mul,18,3926,0x2bf8b731
7,A-B,1,reference,192,gf_mul,19,3926,0x2bf8b731
7,A-B,1,reference,192,gf_mul,20,3926,0x2bf8b731
7,A-B,1,reference,192,gf_mul,21,3926,0x2bf8b731
7,A-B,1,reference,192,gf_mul,22,3926,0x2bf8b731
7,A-B,1,reference,192,gf_mul,23,3926,0x2bf8b731
7,A-B,1,reference,192,gf_mul,24,3926,0x2bf8b731
7,A-B,1,reference,192,gf_mul,25,3926,0x2bf8b731
7,A-B,1,reference,192,gf_mul,26,3926,0x2bf8b731
7,A-B,1,reference,192,gf_mul,27,3926,0x2bf8b731
7,A-B,1,reference,192,gf_mul,28,3926,0x2bf8b731
7,A-B,1,reference,192,gf_mul,29,3926,0x2bf8b731
7,A-B,1,reference,192,gf_mul,30,3926,0x2bf8b731
7,A-B,1,reference,192,gf_mul,31,3926,0x2bf8b731
7,A-B,1,reference,192,gf_mul,32,3926,0x2bf8b731
7,A-B,1,reference,192,gf_mul,33,3926,0x2bf8b731
7,A-B,1,reference,192,gf_mul,34,3926,0x2bf8b731
7,A-B,1,reference,192,gf_mul,35,3926,0x2bf8b731
7,A-B,1,reference,192,gf_mul,36,3926,0x2bf8b731
7,A-B,1,reference,192,gf_mul,37,3926,0x2bf8b731
7,A-B,1,reference,192,gf_mul,38,3926,0x2bf8b731
7,A-B,1,reference,192,gf_mul,39,3926,0x2bf8b731
7,A-B,1,reference,192,gf_mul,40,3926,0x2bf8b731
7,A-B,1,reference,192,gf_mul,41,3926,0x2bf8b731
7,A-B,1,reference,192,gf_mul,42,3926,0x2bf8b731
7,A-B,1,reference,192,gf_mul,43,3926,0x2bf8b731
7,A-B,1,reference,192,gf_mul,44,3926,0x2bf8b731
7,A-B,1,reference,192,gf_mul,45,3926,0x2bf8b731
7,A-B,1,reference,192,gf_mul,46,3926,0x2bf8b731
7,A-B,1,reference,192,gf_mul,47,3926,0x2bf8b731
7,A-B,1,reference,192,gf_mul,48,3926,0x2bf8b731
7,A-B,1,reference,192,gf_mul,49,3926,0x2bf8b731
7,A-B,1,reference,192,gf_sqr,0,144,0x2bf8b731
7,A-B,1,reference,192,gf_sqr,1,144,0x2bf8b731
7,A-B,1,reference,192,gf_sqr,2,143,0x2bf8b731
7,A-B,1,reference,192,gf_sqr,3,144,0x2bf8b731
7,A-B,1,reference,192,gf_sqr,4,144,0x2bf8b731
7,A-B,1,reference,192,gf_sqr,5,144,0x2bf8b731
7,A-B,1,reference,192,gf_sqr,6,144,0x2bf8b731
7,A-B,1,reference,192,gf_sqr,7,144,0x2bf8b731
7,A-B,1,reference,192,gf_sqr,8,144,0x2bf8b731
7,A-B,1,reference,192,gf_sqr,9,144,0x2bf8b731
7,A-B,1,reference,192,gf_sqr,10,144,0x2bf8b731
7,A-B,1,reference,192,gf_sqr,11,144,0x2bf8b731
7,A-B,1,reference,192,gf_sqr,12,144,0x2bf8b731
7,A-B,1,reference,192,gf_sqr,13,144,0x2bf8b731
7,A-B,1,reference,192,gf_sqr,14,144,0x2bf8b731
7,A-B,1,reference,192,gf_sqr,15,144,0x2bf8b731
7,A-B,1,reference,192,gf_sqr,16,144,0x2bf8b731
7,A-B,1,reference,192,gf_sqr,17,144,0x2bf8b731
7,A-B,1,reference,192,gf_sqr,18,144,0x2bf8b731
7,A-B,1,reference,192,gf_sqr,19,144,0x2bf8b731
7,A-B,1,reference,192,gf_sqr,20,144,0x2bf8b731
7,A-B,1,reference,192,gf_sqr,21,144,0x2bf8b731
7,A-B,1,reference,192,gf_sqr,22,144,0x2bf8b731
7,A-B,1,reference,192,gf_sqr,23,144,0x2bf8b731
7,A-B,1,reference,192,gf_sqr,24,144,0x2bf8b731
7,A-B,1,reference,192,gf_sqr,25,144,0x2bf8b731
7,A-B,1,reference,192,gf_sqr,26,144,0x2bf8b731
7,A-B,1,reference,192,gf_sqr,27,144,0x2bf8b731
7,A-B,1,reference,192,gf_sqr,28,144,0x2bf8b731
7,A-B,1,reference,192,gf_sqr,29,144,0x2bf8b731
7,A-B,1,reference,192,gf_sqr,30,144,0x2bf8b731
7,A-B,1,reference,192,gf_sqr,31,144,0x2bf8b731
7,A-B,1,reference,192,gf_sqr,32,144,0x2bf8b731
7,A-B,1,reference,192,gf_sqr,33,144,0x2bf8b731
7,A-B,1,reference,192,gf_sqr,34,144,0x2bf8b731
7,A-B,1,reference,192,gf_sqr,35,144,0x2bf8b731
7,A-B,1,reference,192,gf_sqr,36,144,0x2bf8b731
7,A-B,1,reference,192,gf_sqr,37,144,0x2bf8b731
7,A-B,1,reference,192,gf_sqr,38,144,0x2bf8b731
7,A-B,1,reference,192,gf_sqr,39,144,0x2bf8b731
7,A-B,1,reference,192,gf_sqr,40,144,0x2bf8b731
7,A-B,1,reference,192,gf_sqr,41,144,0x2bf8b731
7,A-B,1,reference,192,gf_sqr,42,144,0x2bf8b731
7,A-B,1,reference,192,gf_sqr,43,144,0x2bf8b731
7,A-B,1,reference,192,gf_sqr,44,144,0x2bf8b731
7,A-B,1,reference,192,gf_sqr,45,144,0x2bf8b731
7,A-B,1,reference,192,gf_sqr,46,144,0x2bf8b731
7,A-B,1,reference,192,gf_sqr,47,144,0x2bf8b731
7,A-B,1,reference,192,gf_sqr,48,144,0x2bf8b731
7,A-B,1,reference,192,gf_sqr,49,144,0x2bf8b731
7,A-B,2,optimized,192,gf_mul,0,3927,0x2bf8b731
7,A-B,2,optimized,192,gf_mul,1,3927,0x2bf8b731
7,A-B,2,optimized,192,gf_mul,2,3927,0x2bf8b731
7,A-B,2,optimized,192,gf_mul,3,3926,0x2bf8b731
7,A-B,2,optimized,192,gf_mul,4,3926,0x2bf8b731
7,A-B,2,optimized,192,gf_mul,5,3926,0x2bf8b731
7,A-B,2,optimized,192,gf_mul,6,3926,0x2bf8b731
7,A-B,2,optimized,192,gf_mul,7,3926,0x2bf8b731
7,A-B,2,optimized,192,gf_mul,8,3926,0x2bf8b731
7,A-B,2,optimized,192,gf_mul,9,3926,0x2bf8b731
7,A-B,2,optimized,192,gf_mul,10,3926,0x2bf8b731
7,A-B,2,optimized,192,gf_mul,11,3926,0x2bf8b731
7,A-B,2,optimized,192,gf_mul,12,3926,0x2bf8b731
7,A-B,2,optimized,192,gf_mul,13,3926,0x2bf8b731
7,A-B,2,optimized,192,gf_mul,14,3926,0x2bf8b731
7,A-B,2,optimized,192,gf_mul,15,3926,0x2bf8b731
7,A-B,2,optimized,192,gf_mul,16,3926,0x2bf8b731
7,A-B,2,optimized,192,gf_mul,17,3926,0x2bf8b731
7,A-B,2,optimized,192,gf_mul,18,3926,0x2bf8b731
7,A-B,2,optimized,192,gf_mul,19,3926,0x2bf8b731
7,A-B,2,optimized,192,gf_mul,20,3926,0x2bf8b731
7,A-B,2,optimized,192,gf_mul,21,3926,0x2bf8b731
7,A-B,2,optimized,192,gf_mul,22,3926,0x2bf8b731
7,A-B,2,optimized,192,gf_mul,23,3926,0x2bf8b731
7,A-B,2,optimized,192,gf_mul,24,3926,0x2bf8b731
7,A-B,2,optimized,192,gf_mul,25,3926,0x2bf8b731
7,A-B,2,optimized,192,gf_mul,26,3926,0x2bf8b731
7,A-B,2,optimized,192,gf_mul,27,3926,0x2bf8b731
7,A-B,2,optimized,192,gf_mul,28,3926,0x2bf8b731
7,A-B,2,optimized,192,gf_mul,29,3926,0x2bf8b731
7,A-B,2,optimized,192,gf_mul,30,3926,0x2bf8b731
7,A-B,2,optimized,192,gf_mul,31,3926,0x2bf8b731
7,A-B,2,optimized,192,gf_mul,32,3926,0x2bf8b731
7,A-B,2,optimized,192,gf_mul,33,3926,0x2bf8b731
7,A-B,2,optimized,192,gf_mul,34,3926,0x2bf8b731
7,A-B,2,optimized,192,gf_mul,35,3926,0x2bf8b731
7,A-B,2,optimized,192,gf_mul,36,3926,0x2bf8b731
7,A-B,2,optimized,192,gf_mul,37,3926,0x2bf8b731
7,A-B,2,optimized,192,gf_mul,38,3926,0x2bf8b731
7,A-B,2,optimized,192,gf_mul,39,3926,0x2bf8b731
7,A-B,2,optimized,192,gf_mul,40,3926,0x2bf8b731
7,A-B,2,optimized,192,gf_mul,41,3926,0x2bf8b731
7,A-B,2,optimized,192,gf_mul,42,3926,0x2bf8b731
7,A-B,2,optimized,192,gf_mul,43,3926,0x2bf8b731
7,A-B,2,optimized,192,gf_mul,44,3926,0x2bf8b731
7,A-B,2,optimized,192,gf_mul,45,3926,0x2bf8b731
7,A-B,2,optimized,192,gf_mul,46,3926,0x2bf8b731
7,A-B,2,optimized,192,gf_mul,47,3926,0x2bf8b731
7,A-B,2,optimized,192,gf_mul,48,3926,0x2bf8b731
7,A-B,2,optimized,192,gf_mul,49,3926,0x2bf8b731
7,A-B,2,optimized,192,gf_sqr,0,144,0x2bf8b731
7,A-B,2,optimized,192,gf_sqr,1,144,0x2bf8b731
7,A-B,2,optimized,192,gf_sqr,2,143,0x2bf8b731
7,A-B,2,optimized,192,gf_sqr,3,144,0x2bf8b731
7,A-B,2,optimized,192,gf_sqr,4,144,0x2bf8b731
7,A-B,2,optimized,192,gf_sqr,5,144,0x2bf8b731
7,A-B,2,optimized,192,gf_sqr,6,144,0x2bf8b731
7,A-B,2,optimized,192,gf_sqr,7,144,0x2bf8b731
7,A-B,2,optimized,192,gf_sqr,8,144,0x2bf8b731
7,A-B,2,optimized,192,gf_sqr,9,144,0x2bf8b731
7,A-B,2,optimized,192,gf_sqr,10,144,0x2bf8b731
7,A-B,2,optimized,192,gf_sqr,11,144,0x2bf8b731
7,A-B,2,optimized,192,gf_sqr,12,144,0x2bf8b731
7,A-B,2,optimized,192,gf_sqr,13,144,0x2bf8b731
7,A-B,2,optimized,192,gf_sqr,14,144,0x2bf8b731
7,A-B,2,optimized,192,gf_sqr,15,144,0x2bf8b731
7,A-B,2,optimized,192,gf_sqr,16,144,0x2bf8b731
7,A-B,2,optimized,192,gf_sqr,17,144,0x2bf8b731
7,A-B,2,optimized,192,gf_sqr,18,144,0x2bf8b731
7,A-B,2,optimized,192,gf_sqr,19,144,0x2bf8b731
7,A-B,2,optimized,192,gf_sqr,20,144,0x2bf8b731
7,A-B,2,optimized,192,gf_sqr,21,144,0x2bf8b731
7,A-B,2,optimized,192,gf_sqr,22,144,0x2bf8b731
7,A-B,2,optimized,192,gf_sqr,23,144,0x2bf8b731
7,A-B,2,optimized,192,gf_sqr,24,144,0x2bf8b731
7,A-B,2,optimized,192,gf_sqr,25,144,0x2bf8b731
7,A-B,2,optimized,192,gf_sqr,26,144,0x2bf8b731
7,A-B,2,optimized,192,gf_sqr,27,144,0x2bf8b731
7,A-B,2,optimized,192,gf_sqr,28,144,0x2bf8b731
7,A-B,2,optimized,192,gf_sqr,29,144,0x2bf8b731
7,A-B,2,optimized,192,gf_sqr,30,144,0x2bf8b731
7,A-B,2,optimized,192,gf_sqr,31,144,0x2bf8b731
7,A-B,2,optimized,192,gf_sqr,32,144,0x2bf8b731
7,A-B,2,optimized,192,gf_sqr,33,144,0x2bf8b731
7,A-B,2,optimized,192,gf_sqr,34,144,0x2bf8b731
7,A-B,2,optimized,192,gf_sqr,35,144,0x2bf8b731
7,A-B,2,optimized,192,gf_sqr,36,144,0x2bf8b731
7,A-B,2,optimized,192,gf_sqr,37,144,0x2bf8b731
7,A-B,2,optimized,192,gf_sqr,38,144,0x2bf8b731
7,A-B,2,optimized,192,gf_sqr,39,144,0x2bf8b731
7,A-B,2,optimized,192,gf_sqr,40,144,0x2bf8b731
7,A-B,2,optimized,192,gf_sqr,41,144,0x2bf8b731
7,A-B,2,optimized,192,gf_sqr,42,144,0x2bf8b731
7,A-B,2,optimized,192,gf_sqr,43,144,0x2bf8b731
7,A-B,2,optimized,192,gf_sqr,44,144,0x2bf8b731
7,A-B,2,optimized,192,gf_sqr,45,144,0x2bf8b731
7,A-B,2,optimized,192,gf_sqr,46,144,0x2bf8b731
7,A-B,2,optimized,192,gf_sqr,47,144,0x2bf8b731
7,A-B,2,optimized,192,gf_sqr,48,144,0x2bf8b731
7,A-B,2,optimized,192,gf_sqr,49,144,0x2bf8b731
7,A-B,1,reference,256,gf_mul,0,5933,0x283807e5
7,A-B,1,reference,256,gf_mul,1,5932,0x283807e5
7,A-B,1,reference,256,gf_mul,2,5932,0x283807e5
7,A-B,1,reference,256,gf_mul,3,5931,0x283807e5
7,A-B,1,reference,256,gf_mul,4,5931,0x283807e5
7,A-B,1,reference,256,gf_mul,5,5931,0x283807e5
7,A-B,1,reference,256,gf_mul,6,5931,0x283807e5
7,A-B,1,reference,256,gf_mul,7,5931,0x283807e5
7,A-B,1,reference,256,gf_mul,8,5931,0x283807e5
7,A-B,1,reference,256,gf_mul,9,5931,0x283807e5
7,A-B,1,reference,256,gf_mul,10,5931,0x283807e5
7,A-B,1,reference,256,gf_mul,11,5931,0x283807e5
7,A-B,1,reference,256,gf_mul,12,5931,0x283807e5
7,A-B,1,reference,256,gf_mul,13,5931,0x283807e5
7,A-B,1,reference,256,gf_mul,14,5931,0x283807e5
7,A-B,1,reference,256,gf_mul,15,5931,0x283807e5
7,A-B,1,reference,256,gf_mul,16,5931,0x283807e5
7,A-B,1,reference,256,gf_mul,17,5931,0x283807e5
7,A-B,1,reference,256,gf_mul,18,5931,0x283807e5
7,A-B,1,reference,256,gf_mul,19,5931,0x283807e5
7,A-B,1,reference,256,gf_mul,20,5931,0x283807e5
7,A-B,1,reference,256,gf_mul,21,5931,0x283807e5
7,A-B,1,reference,256,gf_mul,22,5931,0x283807e5
7,A-B,1,reference,256,gf_mul,23,5931,0x283807e5
7,A-B,1,reference,256,gf_mul,24,5931,0x283807e5
7,A-B,1,reference,256,gf_mul,25,5931,0x283807e5
7,A-B,1,reference,256,gf_mul,26,5931,0x283807e5
7,A-B,1,reference,256,gf_mul,27,5931,0x283807e5
7,A-B,1,reference,256,gf_mul,28,5931,0x283807e5
7,A-B,1,reference,256,gf_mul,29,5931,0x283807e5
7,A-B,1,reference,256,gf_mul,30,5931,0x283807e5
7,A-B,1,reference,256,gf_mul,31,5931,0x283807e5
7,A-B,1,reference,256,gf_mul,32,5931,0x283807e5
7,A-B,1,reference,256,gf_mul,33,5931,0x283807e5
7,A-B,1,reference,256,gf_mul,34,5931,0x283807e5
7,A-B,1,reference,256,gf_mul,35,5931,0x283807e5
7,A-B,1,reference,256,gf_mul,36,5931,0x283807e5
7,A-B,1,reference,256,gf_mul,37,5931,0x283807e5
7,A-B,1,reference,256,gf_mul,38,5931,0x283807e5
7,A-B,1,reference,256,gf_mul,39,5931,0x283807e5
7,A-B,1,reference,256,gf_mul,40,5931,0x283807e5
7,A-B,1,reference,256,gf_mul,41,5931,0x283807e5
7,A-B,1,reference,256,gf_mul,42,5931,0x283807e5
7,A-B,1,reference,256,gf_mul,43,5931,0x283807e5
7,A-B,1,reference,256,gf_mul,44,5931,0x283807e5
7,A-B,1,reference,256,gf_mul,45,5931,0x283807e5
7,A-B,1,reference,256,gf_mul,46,5931,0x283807e5
7,A-B,1,reference,256,gf_mul,47,5931,0x283807e5
7,A-B,1,reference,256,gf_mul,48,5931,0x283807e5
7,A-B,1,reference,256,gf_mul,49,5931,0x283807e5
7,A-B,1,reference,256,gf_sqr,0,203,0x283807e5
7,A-B,1,reference,256,gf_sqr,1,202,0x283807e5
7,A-B,1,reference,256,gf_sqr,2,203,0x283807e5
7,A-B,1,reference,256,gf_sqr,3,202,0x283807e5
7,A-B,1,reference,256,gf_sqr,4,202,0x283807e5
7,A-B,1,reference,256,gf_sqr,5,202,0x283807e5
7,A-B,1,reference,256,gf_sqr,6,202,0x283807e5
7,A-B,1,reference,256,gf_sqr,7,202,0x283807e5
7,A-B,1,reference,256,gf_sqr,8,202,0x283807e5
7,A-B,1,reference,256,gf_sqr,9,202,0x283807e5
7,A-B,1,reference,256,gf_sqr,10,202,0x283807e5
7,A-B,1,reference,256,gf_sqr,11,202,0x283807e5
7,A-B,1,reference,256,gf_sqr,12,202,0x283807e5
7,A-B,1,reference,256,gf_sqr,13,202,0x283807e5
7,A-B,1,reference,256,gf_sqr,14,202,0x283807e5
7,A-B,1,reference,256,gf_sqr,15,202,0x283807e5
7,A-B,1,reference,256,gf_sqr,16,202,0x283807e5
7,A-B,1,reference,256,gf_sqr,17,202,0x283807e5
7,A-B,1,reference,256,gf_sqr,18,202,0x283807e5
7,A-B,1,reference,256,gf_sqr,19,202,0x283807e5
7,A-B,1,reference,256,gf_sqr,20,202,0x283807e5
7,A-B,1,reference,256,gf_sqr,21,202,0x283807e5
7,A-B,1,reference,256,gf_sqr,22,202,0x283807e5
7,A-B,1,reference,256,gf_sqr,23,202,0x283807e5
7,A-B,1,reference,256,gf_sqr,24,202,0x283807e5
7,A-B,1,reference,256,gf_sqr,25,202,0x283807e5
7,A-B,1,reference,256,gf_sqr,26,202,0x283807e5
7,A-B,1,reference,256,gf_sqr,27,202,0x283807e5
7,A-B,1,reference,256,gf_sqr,28,202,0x283807e5
7,A-B,1,reference,256,gf_sqr,29,202,0x283807e5
7,A-B,1,reference,256,gf_sqr,30,202,0x283807e5
7,A-B,1,reference,256,gf_sqr,31,202,0x283807e5
7,A-B,1,reference,256,gf_sqr,32,202,0x283807e5
7,A-B,1,reference,256,gf_sqr,33,202,0x283807e5
7,A-B,1,reference,256,gf_sqr,34,202,0x283807e5
7,A-B,1,reference,256,gf_sqr,35,202,0x283807e5
7,A-B,1,reference,256,gf_sqr,36,202,0x283807e5
7,A-B,1,reference,256,gf_sqr,37,202,0x283807e5
7,A-B,1,reference,256,gf_sqr,38,202,0x283807e5
7,A-B,1,reference,256,gf_sqr,39,202,0x283807e5
7,A-B,1,reference,256,gf_sqr,40,202,0x283807e5
7,A-B,1,reference,256,gf_sqr,41,202,0x283807e5
7,A-B,1,reference,256,gf_sqr,42,202,0x283807e5
7,A-B,1,reference,256,gf_sqr,43,202,0x283807e5
7,A-B,1,reference,256,gf_sqr,44,202,0x283807e5
7,A-B,1,reference,256,gf_sqr,45,202,0x283807e5
7,A-B,1,reference,256,gf_sqr,46,202,0x283807e5
7,A-B,1,reference,256,gf_sqr,47,202,0x283807e5
7,A-B,1,reference,256,gf_sqr,48,202,0x283807e5
7,A-B,1,reference,256,gf_sqr,49,202,0x283807e5
7,A-B,2,optimized,256,gf_mul,0,5942,0x283807e5
7,A-B,2,optimized,256,gf_mul,1,5940,0x283807e5
7,A-B,2,optimized,256,gf_mul,2,5941,0x283807e5
7,A-B,2,optimized,256,gf_mul,3,5940,0x283807e5
7,A-B,2,optimized,256,gf_mul,4,5940,0x283807e5
7,A-B,2,optimized,256,gf_mul,5,5940,0x283807e5
7,A-B,2,optimized,256,gf_mul,6,5940,0x283807e5
7,A-B,2,optimized,256,gf_mul,7,5940,0x283807e5
7,A-B,2,optimized,256,gf_mul,8,5940,0x283807e5
7,A-B,2,optimized,256,gf_mul,9,5940,0x283807e5
7,A-B,2,optimized,256,gf_mul,10,5940,0x283807e5
7,A-B,2,optimized,256,gf_mul,11,5940,0x283807e5
7,A-B,2,optimized,256,gf_mul,12,5940,0x283807e5
7,A-B,2,optimized,256,gf_mul,13,5940,0x283807e5
7,A-B,2,optimized,256,gf_mul,14,5940,0x283807e5
7,A-B,2,optimized,256,gf_mul,15,5940,0x283807e5
7,A-B,2,optimized,256,gf_mul,16,5940,0x283807e5
7,A-B,2,optimized,256,gf_mul,17,5940,0x283807e5
7,A-B,2,optimized,256,gf_mul,18,5940,0x283807e5
7,A-B,2,optimized,256,gf_mul,19,5940,0x283807e5
7,A-B,2,optimized,256,gf_mul,20,5940,0x283807e5
7,A-B,2,optimized,256,gf_mul,21,5940,0x283807e5
7,A-B,2,optimized,256,gf_mul,22,5940,0x283807e5
7,A-B,2,optimized,256,gf_mul,23,5940,0x283807e5
7,A-B,2,optimized,256,gf_mul,24,5940,0x283807e5
7,A-B,2,optimized,256,gf_mul,25,5940,0x283807e5
7,A-B,2,optimized,256,gf_mul,26,5940,0x283807e5
7,A-B,2,optimized,256,gf_mul,27,5940,0x283807e5
7,A-B,2,optimized,256,gf_mul,28,5940,0x283807e5
7,A-B,2,optimized,256,gf_mul,29,5940,0x283807e5
7,A-B,2,optimized,256,gf_mul,30,5940,0x283807e5
7,A-B,2,optimized,256,gf_mul,31,5940,0x283807e5
7,A-B,2,optimized,256,gf_mul,32,5940,0x283807e5
7,A-B,2,optimized,256,gf_mul,33,5940,0x283807e5
7,A-B,2,optimized,256,gf_mul,34,5940,0x283807e5
7,A-B,2,optimized,256,gf_mul,35,5940,0x283807e5
7,A-B,2,optimized,256,gf_mul,36,5940,0x283807e5
7,A-B,2,optimized,256,gf_mul,37,5940,0x283807e5
7,A-B,2,optimized,256,gf_mul,38,5940,0x283807e5
7,A-B,2,optimized,256,gf_mul,39,5940,0x283807e5
7,A-B,2,optimized,256,gf_mul,40,5940,0x283807e5
7,A-B,2,optimized,256,gf_mul,41,5940,0x283807e5
7,A-B,2,optimized,256,gf_mul,42,5940,0x283807e5
7,A-B,2,optimized,256,gf_mul,43,5940,0x283807e5
7,A-B,2,optimized,256,gf_mul,44,5940,0x283807e5
7,A-B,2,optimized,256,gf_mul,45,5940,0x283807e5
7,A-B,2,optimized,256,gf_mul,46,5940,0x283807e5
7,A-B,2,optimized,256,gf_mul,47,5940,0x283807e5
7,A-B,2,optimized,256,gf_mul,48,5940,0x283807e5
7,A-B,2,optimized,256,gf_mul,49,5940,0x283807e5
7,A-B,2,optimized,256,gf_sqr,0,202,0x283807e5
7,A-B,2,optimized,256,gf_sqr,1,200,0x283807e5
7,A-B,2,optimized,256,gf_sqr,2,201,0x283807e5
7,A-B,2,optimized,256,gf_sqr,3,200,0x283807e5
7,A-B,2,optimized,256,gf_sqr,4,200,0x283807e5
7,A-B,2,optimized,256,gf_sqr,5,200,0x283807e5
7,A-B,2,optimized,256,gf_sqr,6,200,0x283807e5
7,A-B,2,optimized,256,gf_sqr,7,200,0x283807e5
7,A-B,2,optimized,256,gf_sqr,8,200,0x283807e5
7,A-B,2,optimized,256,gf_sqr,9,200,0x283807e5
7,A-B,2,optimized,256,gf_sqr,10,200,0x283807e5
7,A-B,2,optimized,256,gf_sqr,11,200,0x283807e5
7,A-B,2,optimized,256,gf_sqr,12,200,0x283807e5
7,A-B,2,optimized,256,gf_sqr,13,200,0x283807e5
7,A-B,2,optimized,256,gf_sqr,14,200,0x283807e5
7,A-B,2,optimized,256,gf_sqr,15,200,0x283807e5
7,A-B,2,optimized,256,gf_sqr,16,200,0x283807e5
7,A-B,2,optimized,256,gf_sqr,17,200,0x283807e5
7,A-B,2,optimized,256,gf_sqr,18,200,0x283807e5
7,A-B,2,optimized,256,gf_sqr,19,200,0x283807e5
7,A-B,2,optimized,256,gf_sqr,20,200,0x283807e5
7,A-B,2,optimized,256,gf_sqr,21,200,0x283807e5
7,A-B,2,optimized,256,gf_sqr,22,200,0x283807e5
7,A-B,2,optimized,256,gf_sqr,23,200,0x283807e5
7,A-B,2,optimized,256,gf_sqr,24,200,0x283807e5
7,A-B,2,optimized,256,gf_sqr,25,200,0x283807e5
7,A-B,2,optimized,256,gf_sqr,26,200,0x283807e5
7,A-B,2,optimized,256,gf_sqr,27,200,0x283807e5
7,A-B,2,optimized,256,gf_sqr,28,200,0x283807e5
7,A-B,2,optimized,256,gf_sqr,29,200,0x283807e5
7,A-B,2,optimized,256,gf_sqr,30,200,0x283807e5
7,A-B,2,optimized,256,gf_sqr,31,200,0x283807e5
7,A-B,2,optimized,256,gf_sqr,32,200,0x283807e5
7,A-B,2,optimized,256,gf_sqr,33,200,0x283807e5
7,A-B,2,optimized,256,gf_sqr,34,200,0x283807e5
7,A-B,2,optimized,256,gf_sqr,35,200,0x283807e5
7,A-B,2,optimized,256,gf_sqr,36,200,0x283807e5
7,A-B,2,optimized,256,gf_sqr,37,200,0x283807e5
7,A-B,2,optimized,256,gf_sqr,38,200,0x283807e5
7,A-B,2,optimized,256,gf_sqr,39,200,0x283807e5
7,A-B,2,optimized,256,gf_sqr,40,200,0x283807e5
7,A-B,2,optimized,256,gf_sqr,41,200,0x283807e5
7,A-B,2,optimized,256,gf_sqr,42,200,0x283807e5
7,A-B,2,optimized,256,gf_sqr,43,200,0x283807e5
7,A-B,2,optimized,256,gf_sqr,44,200,0x283807e5
7,A-B,2,optimized,256,gf_sqr,45,200,0x283807e5
7,A-B,2,optimized,256,gf_sqr,46,200,0x283807e5
7,A-B,2,optimized,256,gf_sqr,47,200,0x283807e5
7,A-B,2,optimized,256,gf_sqr,48,200,0x283807e5
7,A-B,2,optimized,256,gf_sqr,49,200,0x283807e5
8,B-A,1,optimized,128,gf_mul,0,1969,0x54cada71
8,B-A,1,optimized,128,gf_mul,1,1968,0x54cada71
8,B-A,1,optimized,128,gf_mul,2,1968,0x54cada71
8,B-A,1,optimized,128,gf_mul,3,1967,0x54cada71
8,B-A,1,optimized,128,gf_mul,4,1967,0x54cada71
8,B-A,1,optimized,128,gf_mul,5,1967,0x54cada71
8,B-A,1,optimized,128,gf_mul,6,1967,0x54cada71
8,B-A,1,optimized,128,gf_mul,7,1967,0x54cada71
8,B-A,1,optimized,128,gf_mul,8,1967,0x54cada71
8,B-A,1,optimized,128,gf_mul,9,1967,0x54cada71
8,B-A,1,optimized,128,gf_mul,10,1967,0x54cada71
8,B-A,1,optimized,128,gf_mul,11,1967,0x54cada71
8,B-A,1,optimized,128,gf_mul,12,1967,0x54cada71
8,B-A,1,optimized,128,gf_mul,13,1967,0x54cada71
8,B-A,1,optimized,128,gf_mul,14,1967,0x54cada71
8,B-A,1,optimized,128,gf_mul,15,1967,0x54cada71
8,B-A,1,optimized,128,gf_mul,16,1967,0x54cada71
8,B-A,1,optimized,128,gf_mul,17,1967,0x54cada71
8,B-A,1,optimized,128,gf_mul,18,1967,0x54cada71
8,B-A,1,optimized,128,gf_mul,19,1967,0x54cada71
8,B-A,1,optimized,128,gf_mul,20,1967,0x54cada71
8,B-A,1,optimized,128,gf_mul,21,1967,0x54cada71
8,B-A,1,optimized,128,gf_mul,22,1967,0x54cada71
8,B-A,1,optimized,128,gf_mul,23,1967,0x54cada71
8,B-A,1,optimized,128,gf_mul,24,1967,0x54cada71
8,B-A,1,optimized,128,gf_mul,25,1967,0x54cada71
8,B-A,1,optimized,128,gf_mul,26,1967,0x54cada71
8,B-A,1,optimized,128,gf_mul,27,1967,0x54cada71
8,B-A,1,optimized,128,gf_mul,28,1967,0x54cada71
8,B-A,1,optimized,128,gf_mul,29,1967,0x54cada71
8,B-A,1,optimized,128,gf_mul,30,1967,0x54cada71
8,B-A,1,optimized,128,gf_mul,31,1967,0x54cada71
8,B-A,1,optimized,128,gf_mul,32,1967,0x54cada71
8,B-A,1,optimized,128,gf_mul,33,1967,0x54cada71
8,B-A,1,optimized,128,gf_mul,34,1967,0x54cada71
8,B-A,1,optimized,128,gf_mul,35,1967,0x54cada71
8,B-A,1,optimized,128,gf_mul,36,1967,0x54cada71
8,B-A,1,optimized,128,gf_mul,37,1967,0x54cada71
8,B-A,1,optimized,128,gf_mul,38,1967,0x54cada71
8,B-A,1,optimized,128,gf_mul,39,1967,0x54cada71
8,B-A,1,optimized,128,gf_mul,40,1967,0x54cada71
8,B-A,1,optimized,128,gf_mul,41,1967,0x54cada71
8,B-A,1,optimized,128,gf_mul,42,1967,0x54cada71
8,B-A,1,optimized,128,gf_mul,43,1967,0x54cada71
8,B-A,1,optimized,128,gf_mul,44,1967,0x54cada71
8,B-A,1,optimized,128,gf_mul,45,1967,0x54cada71
8,B-A,1,optimized,128,gf_mul,46,1967,0x54cada71
8,B-A,1,optimized,128,gf_mul,47,1967,0x54cada71
8,B-A,1,optimized,128,gf_mul,48,1967,0x54cada71
8,B-A,1,optimized,128,gf_mul,49,1967,0x54cada71
8,B-A,1,optimized,128,gf_sqr,0,107,0x54cada71
8,B-A,1,optimized,128,gf_sqr,1,107,0x54cada71
8,B-A,1,optimized,128,gf_sqr,2,107,0x54cada71
8,B-A,1,optimized,128,gf_sqr,3,106,0x54cada71
8,B-A,1,optimized,128,gf_sqr,4,106,0x54cada71
8,B-A,1,optimized,128,gf_sqr,5,106,0x54cada71
8,B-A,1,optimized,128,gf_sqr,6,106,0x54cada71
8,B-A,1,optimized,128,gf_sqr,7,106,0x54cada71
8,B-A,1,optimized,128,gf_sqr,8,106,0x54cada71
8,B-A,1,optimized,128,gf_sqr,9,106,0x54cada71
8,B-A,1,optimized,128,gf_sqr,10,106,0x54cada71
8,B-A,1,optimized,128,gf_sqr,11,106,0x54cada71
8,B-A,1,optimized,128,gf_sqr,12,106,0x54cada71
8,B-A,1,optimized,128,gf_sqr,13,106,0x54cada71
8,B-A,1,optimized,128,gf_sqr,14,106,0x54cada71
8,B-A,1,optimized,128,gf_sqr,15,106,0x54cada71
8,B-A,1,optimized,128,gf_sqr,16,106,0x54cada71
8,B-A,1,optimized,128,gf_sqr,17,106,0x54cada71
8,B-A,1,optimized,128,gf_sqr,18,106,0x54cada71
8,B-A,1,optimized,128,gf_sqr,19,106,0x54cada71
8,B-A,1,optimized,128,gf_sqr,20,106,0x54cada71
8,B-A,1,optimized,128,gf_sqr,21,106,0x54cada71
8,B-A,1,optimized,128,gf_sqr,22,106,0x54cada71
8,B-A,1,optimized,128,gf_sqr,23,106,0x54cada71
8,B-A,1,optimized,128,gf_sqr,24,106,0x54cada71
8,B-A,1,optimized,128,gf_sqr,25,106,0x54cada71
8,B-A,1,optimized,128,gf_sqr,26,106,0x54cada71
8,B-A,1,optimized,128,gf_sqr,27,106,0x54cada71
8,B-A,1,optimized,128,gf_sqr,28,106,0x54cada71
8,B-A,1,optimized,128,gf_sqr,29,106,0x54cada71
8,B-A,1,optimized,128,gf_sqr,30,106,0x54cada71
8,B-A,1,optimized,128,gf_sqr,31,106,0x54cada71
8,B-A,1,optimized,128,gf_sqr,32,106,0x54cada71
8,B-A,1,optimized,128,gf_sqr,33,106,0x54cada71
8,B-A,1,optimized,128,gf_sqr,34,106,0x54cada71
8,B-A,1,optimized,128,gf_sqr,35,106,0x54cada71
8,B-A,1,optimized,128,gf_sqr,36,106,0x54cada71
8,B-A,1,optimized,128,gf_sqr,37,106,0x54cada71
8,B-A,1,optimized,128,gf_sqr,38,106,0x54cada71
8,B-A,1,optimized,128,gf_sqr,39,106,0x54cada71
8,B-A,1,optimized,128,gf_sqr,40,106,0x54cada71
8,B-A,1,optimized,128,gf_sqr,41,106,0x54cada71
8,B-A,1,optimized,128,gf_sqr,42,106,0x54cada71
8,B-A,1,optimized,128,gf_sqr,43,106,0x54cada71
8,B-A,1,optimized,128,gf_sqr,44,106,0x54cada71
8,B-A,1,optimized,128,gf_sqr,45,106,0x54cada71
8,B-A,1,optimized,128,gf_sqr,46,106,0x54cada71
8,B-A,1,optimized,128,gf_sqr,47,106,0x54cada71
8,B-A,1,optimized,128,gf_sqr,48,106,0x54cada71
8,B-A,1,optimized,128,gf_sqr,49,106,0x54cada71
8,B-A,2,reference,128,gf_mul,0,1969,0x54cada71
8,B-A,2,reference,128,gf_mul,1,1965,0x54cada71
8,B-A,2,reference,128,gf_mul,2,1965,0x54cada71
8,B-A,2,reference,128,gf_mul,3,1964,0x54cada71
8,B-A,2,reference,128,gf_mul,4,1964,0x54cada71
8,B-A,2,reference,128,gf_mul,5,1964,0x54cada71
8,B-A,2,reference,128,gf_mul,6,1964,0x54cada71
8,B-A,2,reference,128,gf_mul,7,1964,0x54cada71
8,B-A,2,reference,128,gf_mul,8,1964,0x54cada71
8,B-A,2,reference,128,gf_mul,9,1964,0x54cada71
8,B-A,2,reference,128,gf_mul,10,1964,0x54cada71
8,B-A,2,reference,128,gf_mul,11,1964,0x54cada71
8,B-A,2,reference,128,gf_mul,12,1964,0x54cada71
8,B-A,2,reference,128,gf_mul,13,1964,0x54cada71
8,B-A,2,reference,128,gf_mul,14,1964,0x54cada71
8,B-A,2,reference,128,gf_mul,15,1964,0x54cada71
8,B-A,2,reference,128,gf_mul,16,1964,0x54cada71
8,B-A,2,reference,128,gf_mul,17,1964,0x54cada71
8,B-A,2,reference,128,gf_mul,18,1964,0x54cada71
8,B-A,2,reference,128,gf_mul,19,1964,0x54cada71
8,B-A,2,reference,128,gf_mul,20,1964,0x54cada71
8,B-A,2,reference,128,gf_mul,21,1964,0x54cada71
8,B-A,2,reference,128,gf_mul,22,1964,0x54cada71
8,B-A,2,reference,128,gf_mul,23,1964,0x54cada71
8,B-A,2,reference,128,gf_mul,24,1964,0x54cada71
8,B-A,2,reference,128,gf_mul,25,1964,0x54cada71
8,B-A,2,reference,128,gf_mul,26,1964,0x54cada71
8,B-A,2,reference,128,gf_mul,27,1964,0x54cada71
8,B-A,2,reference,128,gf_mul,28,1964,0x54cada71
8,B-A,2,reference,128,gf_mul,29,1964,0x54cada71
8,B-A,2,reference,128,gf_mul,30,1964,0x54cada71
8,B-A,2,reference,128,gf_mul,31,1964,0x54cada71
8,B-A,2,reference,128,gf_mul,32,1964,0x54cada71
8,B-A,2,reference,128,gf_mul,33,1964,0x54cada71
8,B-A,2,reference,128,gf_mul,34,1964,0x54cada71
8,B-A,2,reference,128,gf_mul,35,1964,0x54cada71
8,B-A,2,reference,128,gf_mul,36,1964,0x54cada71
8,B-A,2,reference,128,gf_mul,37,1964,0x54cada71
8,B-A,2,reference,128,gf_mul,38,1964,0x54cada71
8,B-A,2,reference,128,gf_mul,39,1964,0x54cada71
8,B-A,2,reference,128,gf_mul,40,1964,0x54cada71
8,B-A,2,reference,128,gf_mul,41,1964,0x54cada71
8,B-A,2,reference,128,gf_mul,42,1964,0x54cada71
8,B-A,2,reference,128,gf_mul,43,1964,0x54cada71
8,B-A,2,reference,128,gf_mul,44,1964,0x54cada71
8,B-A,2,reference,128,gf_mul,45,1964,0x54cada71
8,B-A,2,reference,128,gf_mul,46,1964,0x54cada71
8,B-A,2,reference,128,gf_mul,47,1964,0x54cada71
8,B-A,2,reference,128,gf_mul,48,1964,0x54cada71
8,B-A,2,reference,128,gf_mul,49,1964,0x54cada71
8,B-A,2,reference,128,gf_sqr,0,107,0x54cada71
8,B-A,2,reference,128,gf_sqr,1,103,0x54cada71
8,B-A,2,reference,128,gf_sqr,2,103,0x54cada71
8,B-A,2,reference,128,gf_sqr,3,102,0x54cada71
8,B-A,2,reference,128,gf_sqr,4,102,0x54cada71
8,B-A,2,reference,128,gf_sqr,5,102,0x54cada71
8,B-A,2,reference,128,gf_sqr,6,102,0x54cada71
8,B-A,2,reference,128,gf_sqr,7,102,0x54cada71
8,B-A,2,reference,128,gf_sqr,8,102,0x54cada71
8,B-A,2,reference,128,gf_sqr,9,102,0x54cada71
8,B-A,2,reference,128,gf_sqr,10,102,0x54cada71
8,B-A,2,reference,128,gf_sqr,11,102,0x54cada71
8,B-A,2,reference,128,gf_sqr,12,102,0x54cada71
8,B-A,2,reference,128,gf_sqr,13,102,0x54cada71
8,B-A,2,reference,128,gf_sqr,14,102,0x54cada71
8,B-A,2,reference,128,gf_sqr,15,102,0x54cada71
8,B-A,2,reference,128,gf_sqr,16,102,0x54cada71
8,B-A,2,reference,128,gf_sqr,17,102,0x54cada71
8,B-A,2,reference,128,gf_sqr,18,102,0x54cada71
8,B-A,2,reference,128,gf_sqr,19,102,0x54cada71
8,B-A,2,reference,128,gf_sqr,20,102,0x54cada71
8,B-A,2,reference,128,gf_sqr,21,102,0x54cada71
8,B-A,2,reference,128,gf_sqr,22,102,0x54cada71
8,B-A,2,reference,128,gf_sqr,23,102,0x54cada71
8,B-A,2,reference,128,gf_sqr,24,102,0x54cada71
8,B-A,2,reference,128,gf_sqr,25,102,0x54cada71
8,B-A,2,reference,128,gf_sqr,26,102,0x54cada71
8,B-A,2,reference,128,gf_sqr,27,102,0x54cada71
8,B-A,2,reference,128,gf_sqr,28,102,0x54cada71
8,B-A,2,reference,128,gf_sqr,29,102,0x54cada71
8,B-A,2,reference,128,gf_sqr,30,102,0x54cada71
8,B-A,2,reference,128,gf_sqr,31,102,0x54cada71
8,B-A,2,reference,128,gf_sqr,32,102,0x54cada71
8,B-A,2,reference,128,gf_sqr,33,102,0x54cada71
8,B-A,2,reference,128,gf_sqr,34,102,0x54cada71
8,B-A,2,reference,128,gf_sqr,35,102,0x54cada71
8,B-A,2,reference,128,gf_sqr,36,102,0x54cada71
8,B-A,2,reference,128,gf_sqr,37,102,0x54cada71
8,B-A,2,reference,128,gf_sqr,38,102,0x54cada71
8,B-A,2,reference,128,gf_sqr,39,102,0x54cada71
8,B-A,2,reference,128,gf_sqr,40,102,0x54cada71
8,B-A,2,reference,128,gf_sqr,41,102,0x54cada71
8,B-A,2,reference,128,gf_sqr,42,102,0x54cada71
8,B-A,2,reference,128,gf_sqr,43,102,0x54cada71
8,B-A,2,reference,128,gf_sqr,44,102,0x54cada71
8,B-A,2,reference,128,gf_sqr,45,102,0x54cada71
8,B-A,2,reference,128,gf_sqr,46,102,0x54cada71
8,B-A,2,reference,128,gf_sqr,47,102,0x54cada71
8,B-A,2,reference,128,gf_sqr,48,102,0x54cada71
8,B-A,2,reference,128,gf_sqr,49,102,0x54cada71
8,B-A,1,optimized,192,gf_mul,0,3927,0x2bf8b731
8,B-A,1,optimized,192,gf_mul,1,3927,0x2bf8b731
8,B-A,1,optimized,192,gf_mul,2,3927,0x2bf8b731
8,B-A,1,optimized,192,gf_mul,3,3926,0x2bf8b731
8,B-A,1,optimized,192,gf_mul,4,3926,0x2bf8b731
8,B-A,1,optimized,192,gf_mul,5,3926,0x2bf8b731
8,B-A,1,optimized,192,gf_mul,6,3926,0x2bf8b731
8,B-A,1,optimized,192,gf_mul,7,3926,0x2bf8b731
8,B-A,1,optimized,192,gf_mul,8,3926,0x2bf8b731
8,B-A,1,optimized,192,gf_mul,9,3926,0x2bf8b731
8,B-A,1,optimized,192,gf_mul,10,3926,0x2bf8b731
8,B-A,1,optimized,192,gf_mul,11,3926,0x2bf8b731
8,B-A,1,optimized,192,gf_mul,12,3926,0x2bf8b731
8,B-A,1,optimized,192,gf_mul,13,3926,0x2bf8b731
8,B-A,1,optimized,192,gf_mul,14,3926,0x2bf8b731
8,B-A,1,optimized,192,gf_mul,15,3926,0x2bf8b731
8,B-A,1,optimized,192,gf_mul,16,3926,0x2bf8b731
8,B-A,1,optimized,192,gf_mul,17,3926,0x2bf8b731
8,B-A,1,optimized,192,gf_mul,18,3926,0x2bf8b731
8,B-A,1,optimized,192,gf_mul,19,3926,0x2bf8b731
8,B-A,1,optimized,192,gf_mul,20,3926,0x2bf8b731
8,B-A,1,optimized,192,gf_mul,21,3926,0x2bf8b731
8,B-A,1,optimized,192,gf_mul,22,3926,0x2bf8b731
8,B-A,1,optimized,192,gf_mul,23,3926,0x2bf8b731
8,B-A,1,optimized,192,gf_mul,24,3926,0x2bf8b731
8,B-A,1,optimized,192,gf_mul,25,3926,0x2bf8b731
8,B-A,1,optimized,192,gf_mul,26,3926,0x2bf8b731
8,B-A,1,optimized,192,gf_mul,27,3926,0x2bf8b731
8,B-A,1,optimized,192,gf_mul,28,3926,0x2bf8b731
8,B-A,1,optimized,192,gf_mul,29,3926,0x2bf8b731
8,B-A,1,optimized,192,gf_mul,30,3926,0x2bf8b731
8,B-A,1,optimized,192,gf_mul,31,3926,0x2bf8b731
8,B-A,1,optimized,192,gf_mul,32,3926,0x2bf8b731
8,B-A,1,optimized,192,gf_mul,33,3926,0x2bf8b731
8,B-A,1,optimized,192,gf_mul,34,3926,0x2bf8b731
8,B-A,1,optimized,192,gf_mul,35,3926,0x2bf8b731
8,B-A,1,optimized,192,gf_mul,36,3926,0x2bf8b731
8,B-A,1,optimized,192,gf_mul,37,3926,0x2bf8b731
8,B-A,1,optimized,192,gf_mul,38,3926,0x2bf8b731
8,B-A,1,optimized,192,gf_mul,39,3926,0x2bf8b731
8,B-A,1,optimized,192,gf_mul,40,3926,0x2bf8b731
8,B-A,1,optimized,192,gf_mul,41,3926,0x2bf8b731
8,B-A,1,optimized,192,gf_mul,42,3926,0x2bf8b731
8,B-A,1,optimized,192,gf_mul,43,3926,0x2bf8b731
8,B-A,1,optimized,192,gf_mul,44,3926,0x2bf8b731
8,B-A,1,optimized,192,gf_mul,45,3926,0x2bf8b731
8,B-A,1,optimized,192,gf_mul,46,3926,0x2bf8b731
8,B-A,1,optimized,192,gf_mul,47,3926,0x2bf8b731
8,B-A,1,optimized,192,gf_mul,48,3926,0x2bf8b731
8,B-A,1,optimized,192,gf_mul,49,3926,0x2bf8b731
8,B-A,1,optimized,192,gf_sqr,0,144,0x2bf8b731
8,B-A,1,optimized,192,gf_sqr,1,144,0x2bf8b731
8,B-A,1,optimized,192,gf_sqr,2,143,0x2bf8b731
8,B-A,1,optimized,192,gf_sqr,3,144,0x2bf8b731
8,B-A,1,optimized,192,gf_sqr,4,144,0x2bf8b731
8,B-A,1,optimized,192,gf_sqr,5,144,0x2bf8b731
8,B-A,1,optimized,192,gf_sqr,6,144,0x2bf8b731
8,B-A,1,optimized,192,gf_sqr,7,144,0x2bf8b731
8,B-A,1,optimized,192,gf_sqr,8,144,0x2bf8b731
8,B-A,1,optimized,192,gf_sqr,9,144,0x2bf8b731
8,B-A,1,optimized,192,gf_sqr,10,144,0x2bf8b731
8,B-A,1,optimized,192,gf_sqr,11,144,0x2bf8b731
8,B-A,1,optimized,192,gf_sqr,12,144,0x2bf8b731
8,B-A,1,optimized,192,gf_sqr,13,144,0x2bf8b731
8,B-A,1,optimized,192,gf_sqr,14,144,0x2bf8b731
8,B-A,1,optimized,192,gf_sqr,15,144,0x2bf8b731
8,B-A,1,optimized,192,gf_sqr,16,144,0x2bf8b731
8,B-A,1,optimized,192,gf_sqr,17,144,0x2bf8b731
8,B-A,1,optimized,192,gf_sqr,18,144,0x2bf8b731
8,B-A,1,optimized,192,gf_sqr,19,144,0x2bf8b731
8,B-A,1,optimized,192,gf_sqr,20,144,0x2bf8b731
8,B-A,1,optimized,192,gf_sqr,21,144,0x2bf8b731
8,B-A,1,optimized,192,gf_sqr,22,144,0x2bf8b731
8,B-A,1,optimized,192,gf_sqr,23,144,0x2bf8b731
8,B-A,1,optimized,192,gf_sqr,24,144,0x2bf8b731
8,B-A,1,optimized,192,gf_sqr,25,144,0x2bf8b731
8,B-A,1,optimized,192,gf_sqr,26,144,0x2bf8b731
8,B-A,1,optimized,192,gf_sqr,27,144,0x2bf8b731
8,B-A,1,optimized,192,gf_sqr,28,144,0x2bf8b731
8,B-A,1,optimized,192,gf_sqr,29,144,0x2bf8b731
8,B-A,1,optimized,192,gf_sqr,30,144,0x2bf8b731
8,B-A,1,optimized,192,gf_sqr,31,144,0x2bf8b731
8,B-A,1,optimized,192,gf_sqr,32,144,0x2bf8b731
8,B-A,1,optimized,192,gf_sqr,33,144,0x2bf8b731
8,B-A,1,optimized,192,gf_sqr,34,144,0x2bf8b731
8,B-A,1,optimized,192,gf_sqr,35,144,0x2bf8b731
8,B-A,1,optimized,192,gf_sqr,36,144,0x2bf8b731
8,B-A,1,optimized,192,gf_sqr,37,144,0x2bf8b731
8,B-A,1,optimized,192,gf_sqr,38,144,0x2bf8b731
8,B-A,1,optimized,192,gf_sqr,39,144,0x2bf8b731
8,B-A,1,optimized,192,gf_sqr,40,144,0x2bf8b731
8,B-A,1,optimized,192,gf_sqr,41,144,0x2bf8b731
8,B-A,1,optimized,192,gf_sqr,42,144,0x2bf8b731
8,B-A,1,optimized,192,gf_sqr,43,144,0x2bf8b731
8,B-A,1,optimized,192,gf_sqr,44,144,0x2bf8b731
8,B-A,1,optimized,192,gf_sqr,45,144,0x2bf8b731
8,B-A,1,optimized,192,gf_sqr,46,144,0x2bf8b731
8,B-A,1,optimized,192,gf_sqr,47,144,0x2bf8b731
8,B-A,1,optimized,192,gf_sqr,48,144,0x2bf8b731
8,B-A,1,optimized,192,gf_sqr,49,144,0x2bf8b731
8,B-A,2,reference,192,gf_mul,0,3927,0x2bf8b731
8,B-A,2,reference,192,gf_mul,1,3927,0x2bf8b731
8,B-A,2,reference,192,gf_mul,2,3927,0x2bf8b731
8,B-A,2,reference,192,gf_mul,3,3926,0x2bf8b731
8,B-A,2,reference,192,gf_mul,4,3926,0x2bf8b731
8,B-A,2,reference,192,gf_mul,5,3926,0x2bf8b731
8,B-A,2,reference,192,gf_mul,6,3926,0x2bf8b731
8,B-A,2,reference,192,gf_mul,7,3926,0x2bf8b731
8,B-A,2,reference,192,gf_mul,8,3926,0x2bf8b731
8,B-A,2,reference,192,gf_mul,9,3926,0x2bf8b731
8,B-A,2,reference,192,gf_mul,10,3926,0x2bf8b731
8,B-A,2,reference,192,gf_mul,11,3926,0x2bf8b731
8,B-A,2,reference,192,gf_mul,12,3926,0x2bf8b731
8,B-A,2,reference,192,gf_mul,13,3926,0x2bf8b731
8,B-A,2,reference,192,gf_mul,14,3926,0x2bf8b731
8,B-A,2,reference,192,gf_mul,15,3926,0x2bf8b731
8,B-A,2,reference,192,gf_mul,16,3926,0x2bf8b731
8,B-A,2,reference,192,gf_mul,17,3926,0x2bf8b731
8,B-A,2,reference,192,gf_mul,18,3926,0x2bf8b731
8,B-A,2,reference,192,gf_mul,19,3926,0x2bf8b731
8,B-A,2,reference,192,gf_mul,20,3926,0x2bf8b731
8,B-A,2,reference,192,gf_mul,21,3926,0x2bf8b731
8,B-A,2,reference,192,gf_mul,22,3926,0x2bf8b731
8,B-A,2,reference,192,gf_mul,23,3926,0x2bf8b731
8,B-A,2,reference,192,gf_mul,24,3926,0x2bf8b731
8,B-A,2,reference,192,gf_mul,25,3926,0x2bf8b731
8,B-A,2,reference,192,gf_mul,26,3926,0x2bf8b731
8,B-A,2,reference,192,gf_mul,27,3926,0x2bf8b731
8,B-A,2,reference,192,gf_mul,28,3926,0x2bf8b731
8,B-A,2,reference,192,gf_mul,29,3926,0x2bf8b731
8,B-A,2,reference,192,gf_mul,30,3926,0x2bf8b731
8,B-A,2,reference,192,gf_mul,31,3926,0x2bf8b731
8,B-A,2,reference,192,gf_mul,32,3926,0x2bf8b731
8,B-A,2,reference,192,gf_mul,33,3926,0x2bf8b731
8,B-A,2,reference,192,gf_mul,34,3926,0x2bf8b731
8,B-A,2,reference,192,gf_mul,35,3926,0x2bf8b731
8,B-A,2,reference,192,gf_mul,36,3926,0x2bf8b731
8,B-A,2,reference,192,gf_mul,37,3926,0x2bf8b731
8,B-A,2,reference,192,gf_mul,38,3926,0x2bf8b731
8,B-A,2,reference,192,gf_mul,39,3926,0x2bf8b731
8,B-A,2,reference,192,gf_mul,40,3926,0x2bf8b731
8,B-A,2,reference,192,gf_mul,41,3926,0x2bf8b731
8,B-A,2,reference,192,gf_mul,42,3926,0x2bf8b731
8,B-A,2,reference,192,gf_mul,43,3926,0x2bf8b731
8,B-A,2,reference,192,gf_mul,44,3926,0x2bf8b731
8,B-A,2,reference,192,gf_mul,45,3926,0x2bf8b731
8,B-A,2,reference,192,gf_mul,46,3926,0x2bf8b731
8,B-A,2,reference,192,gf_mul,47,3926,0x2bf8b731
8,B-A,2,reference,192,gf_mul,48,3926,0x2bf8b731
8,B-A,2,reference,192,gf_mul,49,3926,0x2bf8b731
8,B-A,2,reference,192,gf_sqr,0,144,0x2bf8b731
8,B-A,2,reference,192,gf_sqr,1,144,0x2bf8b731
8,B-A,2,reference,192,gf_sqr,2,143,0x2bf8b731
8,B-A,2,reference,192,gf_sqr,3,144,0x2bf8b731
8,B-A,2,reference,192,gf_sqr,4,144,0x2bf8b731
8,B-A,2,reference,192,gf_sqr,5,144,0x2bf8b731
8,B-A,2,reference,192,gf_sqr,6,144,0x2bf8b731
8,B-A,2,reference,192,gf_sqr,7,144,0x2bf8b731
8,B-A,2,reference,192,gf_sqr,8,144,0x2bf8b731
8,B-A,2,reference,192,gf_sqr,9,144,0x2bf8b731
8,B-A,2,reference,192,gf_sqr,10,144,0x2bf8b731
8,B-A,2,reference,192,gf_sqr,11,144,0x2bf8b731
8,B-A,2,reference,192,gf_sqr,12,144,0x2bf8b731
8,B-A,2,reference,192,gf_sqr,13,144,0x2bf8b731
8,B-A,2,reference,192,gf_sqr,14,144,0x2bf8b731
8,B-A,2,reference,192,gf_sqr,15,144,0x2bf8b731
8,B-A,2,reference,192,gf_sqr,16,144,0x2bf8b731
8,B-A,2,reference,192,gf_sqr,17,144,0x2bf8b731
8,B-A,2,reference,192,gf_sqr,18,144,0x2bf8b731
8,B-A,2,reference,192,gf_sqr,19,144,0x2bf8b731
8,B-A,2,reference,192,gf_sqr,20,144,0x2bf8b731
8,B-A,2,reference,192,gf_sqr,21,144,0x2bf8b731
8,B-A,2,reference,192,gf_sqr,22,144,0x2bf8b731
8,B-A,2,reference,192,gf_sqr,23,144,0x2bf8b731
8,B-A,2,reference,192,gf_sqr,24,144,0x2bf8b731
8,B-A,2,reference,192,gf_sqr,25,144,0x2bf8b731
8,B-A,2,reference,192,gf_sqr,26,144,0x2bf8b731
8,B-A,2,reference,192,gf_sqr,27,144,0x2bf8b731
8,B-A,2,reference,192,gf_sqr,28,144,0x2bf8b731
8,B-A,2,reference,192,gf_sqr,29,144,0x2bf8b731
8,B-A,2,reference,192,gf_sqr,30,144,0x2bf8b731
8,B-A,2,reference,192,gf_sqr,31,144,0x2bf8b731
8,B-A,2,reference,192,gf_sqr,32,144,0x2bf8b731
8,B-A,2,reference,192,gf_sqr,33,144,0x2bf8b731
8,B-A,2,reference,192,gf_sqr,34,144,0x2bf8b731
8,B-A,2,reference,192,gf_sqr,35,144,0x2bf8b731
8,B-A,2,reference,192,gf_sqr,36,144,0x2bf8b731
8,B-A,2,reference,192,gf_sqr,37,144,0x2bf8b731
8,B-A,2,reference,192,gf_sqr,38,144,0x2bf8b731
8,B-A,2,reference,192,gf_sqr,39,144,0x2bf8b731
8,B-A,2,reference,192,gf_sqr,40,144,0x2bf8b731
8,B-A,2,reference,192,gf_sqr,41,144,0x2bf8b731
8,B-A,2,reference,192,gf_sqr,42,144,0x2bf8b731
8,B-A,2,reference,192,gf_sqr,43,144,0x2bf8b731
8,B-A,2,reference,192,gf_sqr,44,144,0x2bf8b731
8,B-A,2,reference,192,gf_sqr,45,144,0x2bf8b731
8,B-A,2,reference,192,gf_sqr,46,144,0x2bf8b731
8,B-A,2,reference,192,gf_sqr,47,144,0x2bf8b731
8,B-A,2,reference,192,gf_sqr,48,144,0x2bf8b731
8,B-A,2,reference,192,gf_sqr,49,144,0x2bf8b731
8,B-A,1,optimized,256,gf_mul,0,5942,0x283807e5
8,B-A,1,optimized,256,gf_mul,1,5940,0x283807e5
8,B-A,1,optimized,256,gf_mul,2,5941,0x283807e5
8,B-A,1,optimized,256,gf_mul,3,5940,0x283807e5
8,B-A,1,optimized,256,gf_mul,4,5940,0x283807e5
8,B-A,1,optimized,256,gf_mul,5,5940,0x283807e5
8,B-A,1,optimized,256,gf_mul,6,5940,0x283807e5
8,B-A,1,optimized,256,gf_mul,7,5940,0x283807e5
8,B-A,1,optimized,256,gf_mul,8,5940,0x283807e5
8,B-A,1,optimized,256,gf_mul,9,5940,0x283807e5
8,B-A,1,optimized,256,gf_mul,10,5940,0x283807e5
8,B-A,1,optimized,256,gf_mul,11,5940,0x283807e5
8,B-A,1,optimized,256,gf_mul,12,5940,0x283807e5
8,B-A,1,optimized,256,gf_mul,13,5940,0x283807e5
8,B-A,1,optimized,256,gf_mul,14,5940,0x283807e5
8,B-A,1,optimized,256,gf_mul,15,5940,0x283807e5
8,B-A,1,optimized,256,gf_mul,16,5940,0x283807e5
8,B-A,1,optimized,256,gf_mul,17,5940,0x283807e5
8,B-A,1,optimized,256,gf_mul,18,5940,0x283807e5
8,B-A,1,optimized,256,gf_mul,19,5940,0x283807e5
8,B-A,1,optimized,256,gf_mul,20,5940,0x283807e5
8,B-A,1,optimized,256,gf_mul,21,5940,0x283807e5
8,B-A,1,optimized,256,gf_mul,22,5940,0x283807e5
8,B-A,1,optimized,256,gf_mul,23,5940,0x283807e5
8,B-A,1,optimized,256,gf_mul,24,5940,0x283807e5
8,B-A,1,optimized,256,gf_mul,25,5940,0x283807e5
8,B-A,1,optimized,256,gf_mul,26,5940,0x283807e5
8,B-A,1,optimized,256,gf_mul,27,5940,0x283807e5
8,B-A,1,optimized,256,gf_mul,28,5940,0x283807e5
8,B-A,1,optimized,256,gf_mul,29,5940,0x283807e5
8,B-A,1,optimized,256,gf_mul,30,5940,0x283807e5
8,B-A,1,optimized,256,gf_mul,31,5940,0x283807e5
8,B-A,1,optimized,256,gf_mul,32,5940,0x283807e5
8,B-A,1,optimized,256,gf_mul,33,5940,0x283807e5
8,B-A,1,optimized,256,gf_mul,34,5940,0x283807e5
8,B-A,1,optimized,256,gf_mul,35,5940,0x283807e5
8,B-A,1,optimized,256,gf_mul,36,5940,0x283807e5
8,B-A,1,optimized,256,gf_mul,37,5940,0x283807e5
8,B-A,1,optimized,256,gf_mul,38,5940,0x283807e5
8,B-A,1,optimized,256,gf_mul,39,5940,0x283807e5
8,B-A,1,optimized,256,gf_mul,40,5940,0x283807e5
8,B-A,1,optimized,256,gf_mul,41,5940,0x283807e5
8,B-A,1,optimized,256,gf_mul,42,5940,0x283807e5
8,B-A,1,optimized,256,gf_mul,43,5940,0x283807e5
8,B-A,1,optimized,256,gf_mul,44,5940,0x283807e5
8,B-A,1,optimized,256,gf_mul,45,5940,0x283807e5
8,B-A,1,optimized,256,gf_mul,46,5940,0x283807e5
8,B-A,1,optimized,256,gf_mul,47,5940,0x283807e5
8,B-A,1,optimized,256,gf_mul,48,5940,0x283807e5
8,B-A,1,optimized,256,gf_mul,49,5940,0x283807e5
8,B-A,1,optimized,256,gf_sqr,0,202,0x283807e5
8,B-A,1,optimized,256,gf_sqr,1,200,0x283807e5
8,B-A,1,optimized,256,gf_sqr,2,201,0x283807e5
8,B-A,1,optimized,256,gf_sqr,3,200,0x283807e5
8,B-A,1,optimized,256,gf_sqr,4,200,0x283807e5
8,B-A,1,optimized,256,gf_sqr,5,200,0x283807e5
8,B-A,1,optimized,256,gf_sqr,6,200,0x283807e5
8,B-A,1,optimized,256,gf_sqr,7,200,0x283807e5
8,B-A,1,optimized,256,gf_sqr,8,200,0x283807e5
8,B-A,1,optimized,256,gf_sqr,9,200,0x283807e5
8,B-A,1,optimized,256,gf_sqr,10,200,0x283807e5
8,B-A,1,optimized,256,gf_sqr,11,200,0x283807e5
8,B-A,1,optimized,256,gf_sqr,12,200,0x283807e5
8,B-A,1,optimized,256,gf_sqr,13,200,0x283807e5
8,B-A,1,optimized,256,gf_sqr,14,200,0x283807e5
8,B-A,1,optimized,256,gf_sqr,15,200,0x283807e5
8,B-A,1,optimized,256,gf_sqr,16,200,0x283807e5
8,B-A,1,optimized,256,gf_sqr,17,200,0x283807e5
8,B-A,1,optimized,256,gf_sqr,18,200,0x283807e5
8,B-A,1,optimized,256,gf_sqr,19,200,0x283807e5
8,B-A,1,optimized,256,gf_sqr,20,200,0x283807e5
8,B-A,1,optimized,256,gf_sqr,21,200,0x283807e5
8,B-A,1,optimized,256,gf_sqr,22,200,0x283807e5
8,B-A,1,optimized,256,gf_sqr,23,200,0x283807e5
8,B-A,1,optimized,256,gf_sqr,24,200,0x283807e5
8,B-A,1,optimized,256,gf_sqr,25,200,0x283807e5
8,B-A,1,optimized,256,gf_sqr,26,200,0x283807e5
8,B-A,1,optimized,256,gf_sqr,27,200,0x283807e5
8,B-A,1,optimized,256,gf_sqr,28,200,0x283807e5
8,B-A,1,optimized,256,gf_sqr,29,200,0x283807e5
8,B-A,1,optimized,256,gf_sqr,30,200,0x283807e5
8,B-A,1,optimized,256,gf_sqr,31,200,0x283807e5
8,B-A,1,optimized,256,gf_sqr,32,200,0x283807e5
8,B-A,1,optimized,256,gf_sqr,33,200,0x283807e5
8,B-A,1,optimized,256,gf_sqr,34,200,0x283807e5
8,B-A,1,optimized,256,gf_sqr,35,200,0x283807e5
8,B-A,1,optimized,256,gf_sqr,36,200,0x283807e5
8,B-A,1,optimized,256,gf_sqr,37,200,0x283807e5
8,B-A,1,optimized,256,gf_sqr,38,200,0x283807e5
8,B-A,1,optimized,256,gf_sqr,39,200,0x283807e5
8,B-A,1,optimized,256,gf_sqr,40,200,0x283807e5
8,B-A,1,optimized,256,gf_sqr,41,200,0x283807e5
8,B-A,1,optimized,256,gf_sqr,42,200,0x283807e5
8,B-A,1,optimized,256,gf_sqr,43,200,0x283807e5
8,B-A,1,optimized,256,gf_sqr,44,200,0x283807e5
8,B-A,1,optimized,256,gf_sqr,45,200,0x283807e5
8,B-A,1,optimized,256,gf_sqr,46,200,0x283807e5
8,B-A,1,optimized,256,gf_sqr,47,200,0x283807e5
8,B-A,1,optimized,256,gf_sqr,48,200,0x283807e5
8,B-A,1,optimized,256,gf_sqr,49,200,0x283807e5
8,B-A,2,reference,256,gf_mul,0,5933,0x283807e5
8,B-A,2,reference,256,gf_mul,1,5932,0x283807e5
8,B-A,2,reference,256,gf_mul,2,5932,0x283807e5
8,B-A,2,reference,256,gf_mul,3,5931,0x283807e5
8,B-A,2,reference,256,gf_mul,4,5931,0x283807e5
8,B-A,2,reference,256,gf_mul,5,5931,0x283807e5
8,B-A,2,reference,256,gf_mul,6,5931,0x283807e5
8,B-A,2,reference,256,gf_mul,7,5931,0x283807e5
8,B-A,2,reference,256,gf_mul,8,5931,0x283807e5
8,B-A,2,reference,256,gf_mul,9,5931,0x283807e5
8,B-A,2,reference,256,gf_mul,10,5931,0x283807e5
8,B-A,2,reference,256,gf_mul,11,5931,0x283807e5
8,B-A,2,reference,256,gf_mul,12,5931,0x283807e5
8,B-A,2,reference,256,gf_mul,13,5931,0x283807e5
8,B-A,2,reference,256,gf_mul,14,5931,0x283807e5
8,B-A,2,reference,256,gf_mul,15,5931,0x283807e5
8,B-A,2,reference,256,gf_mul,16,5931,0x283807e5
8,B-A,2,reference,256,gf_mul,17,5931,0x283807e5
8,B-A,2,reference,256,gf_mul,18,5931,0x283807e5
8,B-A,2,reference,256,gf_mul,19,5931,0x283807e5
8,B-A,2,reference,256,gf_mul,20,5931,0x283807e5
8,B-A,2,reference,256,gf_mul,21,5931,0x283807e5
8,B-A,2,reference,256,gf_mul,22,5931,0x283807e5
8,B-A,2,reference,256,gf_mul,23,5931,0x283807e5
8,B-A,2,reference,256,gf_mul,24,5931,0x283807e5
8,B-A,2,reference,256,gf_mul,25,5931,0x283807e5
8,B-A,2,reference,256,gf_mul,26,5931,0x283807e5
8,B-A,2,reference,256,gf_mul,27,5931,0x283807e5
8,B-A,2,reference,256,gf_mul,28,5931,0x283807e5
8,B-A,2,reference,256,gf_mul,29,5931,0x283807e5
8,B-A,2,reference,256,gf_mul,30,5931,0x283807e5
8,B-A,2,reference,256,gf_mul,31,5931,0x283807e5
8,B-A,2,reference,256,gf_mul,32,5931,0x283807e5
8,B-A,2,reference,256,gf_mul,33,5931,0x283807e5
8,B-A,2,reference,256,gf_mul,34,5931,0x283807e5
8,B-A,2,reference,256,gf_mul,35,5931,0x283807e5
8,B-A,2,reference,256,gf_mul,36,5931,0x283807e5
8,B-A,2,reference,256,gf_mul,37,5931,0x283807e5
8,B-A,2,reference,256,gf_mul,38,5931,0x283807e5
8,B-A,2,reference,256,gf_mul,39,5931,0x283807e5
8,B-A,2,reference,256,gf_mul,40,5931,0x283807e5
8,B-A,2,reference,256,gf_mul,41,5931,0x283807e5
8,B-A,2,reference,256,gf_mul,42,5931,0x283807e5
8,B-A,2,reference,256,gf_mul,43,5931,0x283807e5
8,B-A,2,reference,256,gf_mul,44,5931,0x283807e5
8,B-A,2,reference,256,gf_mul,45,5931,0x283807e5
8,B-A,2,reference,256,gf_mul,46,5931,0x283807e5
8,B-A,2,reference,256,gf_mul,47,5931,0x283807e5
8,B-A,2,reference,256,gf_mul,48,5931,0x283807e5
8,B-A,2,reference,256,gf_mul,49,5931,0x283807e5
8,B-A,2,reference,256,gf_sqr,0,203,0x283807e5
8,B-A,2,reference,256,gf_sqr,1,202,0x283807e5
8,B-A,2,reference,256,gf_sqr,2,203,0x283807e5
8,B-A,2,reference,256,gf_sqr,3,202,0x283807e5
8,B-A,2,reference,256,gf_sqr,4,202,0x283807e5
8,B-A,2,reference,256,gf_sqr,5,202,0x283807e5
8,B-A,2,reference,256,gf_sqr,6,202,0x283807e5
8,B-A,2,reference,256,gf_sqr,7,202,0x283807e5
8,B-A,2,reference,256,gf_sqr,8,202,0x283807e5
8,B-A,2,reference,256,gf_sqr,9,202,0x283807e5
8,B-A,2,reference,256,gf_sqr,10,202,0x283807e5
8,B-A,2,reference,256,gf_sqr,11,202,0x283807e5
8,B-A,2,reference,256,gf_sqr,12,202,0x283807e5
8,B-A,2,reference,256,gf_sqr,13,202,0x283807e5
8,B-A,2,reference,256,gf_sqr,14,202,0x283807e5
8,B-A,2,reference,256,gf_sqr,15,202,0x283807e5
8,B-A,2,reference,256,gf_sqr,16,202,0x283807e5
8,B-A,2,reference,256,gf_sqr,17,202,0x283807e5
8,B-A,2,reference,256,gf_sqr,18,202,0x283807e5
8,B-A,2,reference,256,gf_sqr,19,202,0x283807e5
8,B-A,2,reference,256,gf_sqr,20,202,0x283807e5
8,B-A,2,reference,256,gf_sqr,21,202,0x283807e5
8,B-A,2,reference,256,gf_sqr,22,202,0x283807e5
8,B-A,2,reference,256,gf_sqr,23,202,0x283807e5
8,B-A,2,reference,256,gf_sqr,24,202,0x283807e5
8,B-A,2,reference,256,gf_sqr,25,202,0x283807e5
8,B-A,2,reference,256,gf_sqr,26,202,0x283807e5
8,B-A,2,reference,256,gf_sqr,27,202,0x283807e5
8,B-A,2,reference,256,gf_sqr,28,202,0x283807e5
8,B-A,2,reference,256,gf_sqr,29,202,0x283807e5
8,B-A,2,reference,256,gf_sqr,30,202,0x283807e5
8,B-A,2,reference,256,gf_sqr,31,202,0x283807e5
8,B-A,2,reference,256,gf_sqr,32,202,0x283807e5
8,B-A,2,reference,256,gf_sqr,33,202,0x283807e5
8,B-A,2,reference,256,gf_sqr,34,202,0x283807e5
8,B-A,2,reference,256,gf_sqr,35,202,0x283807e5
8,B-A,2,reference,256,gf_sqr,36,202,0x283807e5
8,B-A,2,reference,256,gf_sqr,37,202,0x283807e5
8,B-A,2,reference,256,gf_sqr,38,202,0x283807e5
8,B-A,2,reference,256,gf_sqr,39,202,0x283807e5
8,B-A,2,reference,256,gf_sqr,40,202,0x283807e5
8,B-A,2,reference,256,gf_sqr,41,202,0x283807e5
8,B-A,2,reference,256,gf_sqr,42,202,0x283807e5
8,B-A,2,reference,256,gf_sqr,43,202,0x283807e5
8,B-A,2,reference,256,gf_sqr,44,202,0x283807e5
8,B-A,2,reference,256,gf_sqr,45,202,0x283807e5
8,B-A,2,reference,256,gf_sqr,46,202,0x283807e5
8,B-A,2,reference,256,gf_sqr,47,202,0x283807e5
8,B-A,2,reference,256,gf_sqr,48,202,0x283807e5
8,B-A,2,reference,256,gf_sqr,49,202,0x283807e5
9,A-B,1,reference,128,gf_mul,0,1969,0x54cada71
9,A-B,1,reference,128,gf_mul,1,1965,0x54cada71
9,A-B,1,reference,128,gf_mul,2,1965,0x54cada71
9,A-B,1,reference,128,gf_mul,3,1964,0x54cada71
9,A-B,1,reference,128,gf_mul,4,1964,0x54cada71
9,A-B,1,reference,128,gf_mul,5,1964,0x54cada71
9,A-B,1,reference,128,gf_mul,6,1964,0x54cada71
9,A-B,1,reference,128,gf_mul,7,1964,0x54cada71
9,A-B,1,reference,128,gf_mul,8,1964,0x54cada71
9,A-B,1,reference,128,gf_mul,9,1964,0x54cada71
9,A-B,1,reference,128,gf_mul,10,1964,0x54cada71
9,A-B,1,reference,128,gf_mul,11,1964,0x54cada71
9,A-B,1,reference,128,gf_mul,12,1964,0x54cada71
9,A-B,1,reference,128,gf_mul,13,1964,0x54cada71
9,A-B,1,reference,128,gf_mul,14,1964,0x54cada71
9,A-B,1,reference,128,gf_mul,15,1964,0x54cada71
9,A-B,1,reference,128,gf_mul,16,1964,0x54cada71
9,A-B,1,reference,128,gf_mul,17,1964,0x54cada71
9,A-B,1,reference,128,gf_mul,18,1964,0x54cada71
9,A-B,1,reference,128,gf_mul,19,1964,0x54cada71
9,A-B,1,reference,128,gf_mul,20,1964,0x54cada71
9,A-B,1,reference,128,gf_mul,21,1964,0x54cada71
9,A-B,1,reference,128,gf_mul,22,1964,0x54cada71
9,A-B,1,reference,128,gf_mul,23,1964,0x54cada71
9,A-B,1,reference,128,gf_mul,24,1964,0x54cada71
9,A-B,1,reference,128,gf_mul,25,1964,0x54cada71
9,A-B,1,reference,128,gf_mul,26,1964,0x54cada71
9,A-B,1,reference,128,gf_mul,27,1964,0x54cada71
9,A-B,1,reference,128,gf_mul,28,1964,0x54cada71
9,A-B,1,reference,128,gf_mul,29,1964,0x54cada71
9,A-B,1,reference,128,gf_mul,30,1964,0x54cada71
9,A-B,1,reference,128,gf_mul,31,1964,0x54cada71
9,A-B,1,reference,128,gf_mul,32,1964,0x54cada71
9,A-B,1,reference,128,gf_mul,33,1964,0x54cada71
9,A-B,1,reference,128,gf_mul,34,1964,0x54cada71
9,A-B,1,reference,128,gf_mul,35,1964,0x54cada71
9,A-B,1,reference,128,gf_mul,36,1964,0x54cada71
9,A-B,1,reference,128,gf_mul,37,1964,0x54cada71
9,A-B,1,reference,128,gf_mul,38,1964,0x54cada71
9,A-B,1,reference,128,gf_mul,39,1964,0x54cada71
9,A-B,1,reference,128,gf_mul,40,1964,0x54cada71
9,A-B,1,reference,128,gf_mul,41,1964,0x54cada71
9,A-B,1,reference,128,gf_mul,42,1964,0x54cada71
9,A-B,1,reference,128,gf_mul,43,1964,0x54cada71
9,A-B,1,reference,128,gf_mul,44,1964,0x54cada71
9,A-B,1,reference,128,gf_mul,45,1964,0x54cada71
9,A-B,1,reference,128,gf_mul,46,1964,0x54cada71
9,A-B,1,reference,128,gf_mul,47,1964,0x54cada71
9,A-B,1,reference,128,gf_mul,48,1964,0x54cada71
9,A-B,1,reference,128,gf_mul,49,1964,0x54cada71
9,A-B,1,reference,128,gf_sqr,0,107,0x54cada71
9,A-B,1,reference,128,gf_sqr,1,103,0x54cada71
9,A-B,1,reference,128,gf_sqr,2,103,0x54cada71
9,A-B,1,reference,128,gf_sqr,3,102,0x54cada71
9,A-B,1,reference,128,gf_sqr,4,102,0x54cada71
9,A-B,1,reference,128,gf_sqr,5,102,0x54cada71
9,A-B,1,reference,128,gf_sqr,6,102,0x54cada71
9,A-B,1,reference,128,gf_sqr,7,102,0x54cada71
9,A-B,1,reference,128,gf_sqr,8,102,0x54cada71
9,A-B,1,reference,128,gf_sqr,9,102,0x54cada71
9,A-B,1,reference,128,gf_sqr,10,102,0x54cada71
9,A-B,1,reference,128,gf_sqr,11,102,0x54cada71
9,A-B,1,reference,128,gf_sqr,12,102,0x54cada71
9,A-B,1,reference,128,gf_sqr,13,102,0x54cada71
9,A-B,1,reference,128,gf_sqr,14,102,0x54cada71
9,A-B,1,reference,128,gf_sqr,15,102,0x54cada71
9,A-B,1,reference,128,gf_sqr,16,102,0x54cada71
9,A-B,1,reference,128,gf_sqr,17,102,0x54cada71
9,A-B,1,reference,128,gf_sqr,18,102,0x54cada71
9,A-B,1,reference,128,gf_sqr,19,102,0x54cada71
9,A-B,1,reference,128,gf_sqr,20,102,0x54cada71
9,A-B,1,reference,128,gf_sqr,21,102,0x54cada71
9,A-B,1,reference,128,gf_sqr,22,102,0x54cada71
9,A-B,1,reference,128,gf_sqr,23,102,0x54cada71
9,A-B,1,reference,128,gf_sqr,24,102,0x54cada71
9,A-B,1,reference,128,gf_sqr,25,102,0x54cada71
9,A-B,1,reference,128,gf_sqr,26,102,0x54cada71
9,A-B,1,reference,128,gf_sqr,27,102,0x54cada71
9,A-B,1,reference,128,gf_sqr,28,102,0x54cada71
9,A-B,1,reference,128,gf_sqr,29,102,0x54cada71
9,A-B,1,reference,128,gf_sqr,30,102,0x54cada71
9,A-B,1,reference,128,gf_sqr,31,102,0x54cada71
9,A-B,1,reference,128,gf_sqr,32,102,0x54cada71
9,A-B,1,reference,128,gf_sqr,33,102,0x54cada71
9,A-B,1,reference,128,gf_sqr,34,102,0x54cada71
9,A-B,1,reference,128,gf_sqr,35,102,0x54cada71
9,A-B,1,reference,128,gf_sqr,36,102,0x54cada71
9,A-B,1,reference,128,gf_sqr,37,102,0x54cada71
9,A-B,1,reference,128,gf_sqr,38,102,0x54cada71
9,A-B,1,reference,128,gf_sqr,39,102,0x54cada71
9,A-B,1,reference,128,gf_sqr,40,102,0x54cada71
9,A-B,1,reference,128,gf_sqr,41,102,0x54cada71
9,A-B,1,reference,128,gf_sqr,42,102,0x54cada71
9,A-B,1,reference,128,gf_sqr,43,102,0x54cada71
9,A-B,1,reference,128,gf_sqr,44,102,0x54cada71
9,A-B,1,reference,128,gf_sqr,45,102,0x54cada71
9,A-B,1,reference,128,gf_sqr,46,102,0x54cada71
9,A-B,1,reference,128,gf_sqr,47,102,0x54cada71
9,A-B,1,reference,128,gf_sqr,48,102,0x54cada71
9,A-B,1,reference,128,gf_sqr,49,102,0x54cada71
9,A-B,2,optimized,128,gf_mul,0,1969,0x54cada71
9,A-B,2,optimized,128,gf_mul,1,1968,0x54cada71
9,A-B,2,optimized,128,gf_mul,2,1968,0x54cada71
9,A-B,2,optimized,128,gf_mul,3,1967,0x54cada71
9,A-B,2,optimized,128,gf_mul,4,1967,0x54cada71
9,A-B,2,optimized,128,gf_mul,5,1967,0x54cada71
9,A-B,2,optimized,128,gf_mul,6,1967,0x54cada71
9,A-B,2,optimized,128,gf_mul,7,1967,0x54cada71
9,A-B,2,optimized,128,gf_mul,8,1967,0x54cada71
9,A-B,2,optimized,128,gf_mul,9,1967,0x54cada71
9,A-B,2,optimized,128,gf_mul,10,1967,0x54cada71
9,A-B,2,optimized,128,gf_mul,11,1967,0x54cada71
9,A-B,2,optimized,128,gf_mul,12,1967,0x54cada71
9,A-B,2,optimized,128,gf_mul,13,1967,0x54cada71
9,A-B,2,optimized,128,gf_mul,14,1967,0x54cada71
9,A-B,2,optimized,128,gf_mul,15,1967,0x54cada71
9,A-B,2,optimized,128,gf_mul,16,1967,0x54cada71
9,A-B,2,optimized,128,gf_mul,17,1967,0x54cada71
9,A-B,2,optimized,128,gf_mul,18,1967,0x54cada71
9,A-B,2,optimized,128,gf_mul,19,1967,0x54cada71
9,A-B,2,optimized,128,gf_mul,20,1967,0x54cada71
9,A-B,2,optimized,128,gf_mul,21,1967,0x54cada71
9,A-B,2,optimized,128,gf_mul,22,1967,0x54cada71
9,A-B,2,optimized,128,gf_mul,23,1967,0x54cada71
9,A-B,2,optimized,128,gf_mul,24,1967,0x54cada71
9,A-B,2,optimized,128,gf_mul,25,1967,0x54cada71
9,A-B,2,optimized,128,gf_mul,26,1967,0x54cada71
9,A-B,2,optimized,128,gf_mul,27,1967,0x54cada71
9,A-B,2,optimized,128,gf_mul,28,1967,0x54cada71
9,A-B,2,optimized,128,gf_mul,29,1967,0x54cada71
9,A-B,2,optimized,128,gf_mul,30,1967,0x54cada71
9,A-B,2,optimized,128,gf_mul,31,1967,0x54cada71
9,A-B,2,optimized,128,gf_mul,32,1967,0x54cada71
9,A-B,2,optimized,128,gf_mul,33,1967,0x54cada71
9,A-B,2,optimized,128,gf_mul,34,1967,0x54cada71
9,A-B,2,optimized,128,gf_mul,35,1967,0x54cada71
9,A-B,2,optimized,128,gf_mul,36,1967,0x54cada71
9,A-B,2,optimized,128,gf_mul,37,1967,0x54cada71
9,A-B,2,optimized,128,gf_mul,38,1967,0x54cada71
9,A-B,2,optimized,128,gf_mul,39,1967,0x54cada71
9,A-B,2,optimized,128,gf_mul,40,1967,0x54cada71
9,A-B,2,optimized,128,gf_mul,41,1967,0x54cada71
9,A-B,2,optimized,128,gf_mul,42,1967,0x54cada71
9,A-B,2,optimized,128,gf_mul,43,1967,0x54cada71
9,A-B,2,optimized,128,gf_mul,44,1967,0x54cada71
9,A-B,2,optimized,128,gf_mul,45,1967,0x54cada71
9,A-B,2,optimized,128,gf_mul,46,1967,0x54cada71
9,A-B,2,optimized,128,gf_mul,47,1967,0x54cada71
9,A-B,2,optimized,128,gf_mul,48,1967,0x54cada71
9,A-B,2,optimized,128,gf_mul,49,1967,0x54cada71
9,A-B,2,optimized,128,gf_sqr,0,107,0x54cada71
9,A-B,2,optimized,128,gf_sqr,1,107,0x54cada71
9,A-B,2,optimized,128,gf_sqr,2,107,0x54cada71
9,A-B,2,optimized,128,gf_sqr,3,106,0x54cada71
9,A-B,2,optimized,128,gf_sqr,4,106,0x54cada71
9,A-B,2,optimized,128,gf_sqr,5,106,0x54cada71
9,A-B,2,optimized,128,gf_sqr,6,106,0x54cada71
9,A-B,2,optimized,128,gf_sqr,7,106,0x54cada71
9,A-B,2,optimized,128,gf_sqr,8,106,0x54cada71
9,A-B,2,optimized,128,gf_sqr,9,106,0x54cada71
9,A-B,2,optimized,128,gf_sqr,10,106,0x54cada71
9,A-B,2,optimized,128,gf_sqr,11,106,0x54cada71
9,A-B,2,optimized,128,gf_sqr,12,106,0x54cada71
9,A-B,2,optimized,128,gf_sqr,13,106,0x54cada71
9,A-B,2,optimized,128,gf_sqr,14,106,0x54cada71
9,A-B,2,optimized,128,gf_sqr,15,106,0x54cada71
9,A-B,2,optimized,128,gf_sqr,16,106,0x54cada71
9,A-B,2,optimized,128,gf_sqr,17,106,0x54cada71
9,A-B,2,optimized,128,gf_sqr,18,106,0x54cada71
9,A-B,2,optimized,128,gf_sqr,19,106,0x54cada71
9,A-B,2,optimized,128,gf_sqr,20,106,0x54cada71
9,A-B,2,optimized,128,gf_sqr,21,106,0x54cada71
9,A-B,2,optimized,128,gf_sqr,22,106,0x54cada71
9,A-B,2,optimized,128,gf_sqr,23,106,0x54cada71
9,A-B,2,optimized,128,gf_sqr,24,106,0x54cada71
9,A-B,2,optimized,128,gf_sqr,25,106,0x54cada71
9,A-B,2,optimized,128,gf_sqr,26,106,0x54cada71
9,A-B,2,optimized,128,gf_sqr,27,106,0x54cada71
9,A-B,2,optimized,128,gf_sqr,28,106,0x54cada71
9,A-B,2,optimized,128,gf_sqr,29,106,0x54cada71
9,A-B,2,optimized,128,gf_sqr,30,106,0x54cada71
9,A-B,2,optimized,128,gf_sqr,31,106,0x54cada71
9,A-B,2,optimized,128,gf_sqr,32,106,0x54cada71
9,A-B,2,optimized,128,gf_sqr,33,106,0x54cada71
9,A-B,2,optimized,128,gf_sqr,34,106,0x54cada71
9,A-B,2,optimized,128,gf_sqr,35,106,0x54cada71
9,A-B,2,optimized,128,gf_sqr,36,106,0x54cada71
9,A-B,2,optimized,128,gf_sqr,37,106,0x54cada71
9,A-B,2,optimized,128,gf_sqr,38,106,0x54cada71
9,A-B,2,optimized,128,gf_sqr,39,106,0x54cada71
9,A-B,2,optimized,128,gf_sqr,40,106,0x54cada71
9,A-B,2,optimized,128,gf_sqr,41,106,0x54cada71
9,A-B,2,optimized,128,gf_sqr,42,106,0x54cada71
9,A-B,2,optimized,128,gf_sqr,43,106,0x54cada71
9,A-B,2,optimized,128,gf_sqr,44,106,0x54cada71
9,A-B,2,optimized,128,gf_sqr,45,106,0x54cada71
9,A-B,2,optimized,128,gf_sqr,46,106,0x54cada71
9,A-B,2,optimized,128,gf_sqr,47,106,0x54cada71
9,A-B,2,optimized,128,gf_sqr,48,106,0x54cada71
9,A-B,2,optimized,128,gf_sqr,49,106,0x54cada71
9,A-B,1,reference,192,gf_mul,0,3927,0x2bf8b731
9,A-B,1,reference,192,gf_mul,1,3927,0x2bf8b731
9,A-B,1,reference,192,gf_mul,2,3927,0x2bf8b731
9,A-B,1,reference,192,gf_mul,3,3926,0x2bf8b731
9,A-B,1,reference,192,gf_mul,4,3926,0x2bf8b731
9,A-B,1,reference,192,gf_mul,5,3926,0x2bf8b731
9,A-B,1,reference,192,gf_mul,6,3926,0x2bf8b731
9,A-B,1,reference,192,gf_mul,7,3926,0x2bf8b731
9,A-B,1,reference,192,gf_mul,8,3926,0x2bf8b731
9,A-B,1,reference,192,gf_mul,9,3926,0x2bf8b731
9,A-B,1,reference,192,gf_mul,10,3926,0x2bf8b731
9,A-B,1,reference,192,gf_mul,11,3926,0x2bf8b731
9,A-B,1,reference,192,gf_mul,12,3926,0x2bf8b731
9,A-B,1,reference,192,gf_mul,13,3926,0x2bf8b731
9,A-B,1,reference,192,gf_mul,14,3926,0x2bf8b731
9,A-B,1,reference,192,gf_mul,15,3926,0x2bf8b731
9,A-B,1,reference,192,gf_mul,16,3926,0x2bf8b731
9,A-B,1,reference,192,gf_mul,17,3926,0x2bf8b731
9,A-B,1,reference,192,gf_mul,18,3926,0x2bf8b731
9,A-B,1,reference,192,gf_mul,19,3926,0x2bf8b731
9,A-B,1,reference,192,gf_mul,20,3926,0x2bf8b731
9,A-B,1,reference,192,gf_mul,21,3926,0x2bf8b731
9,A-B,1,reference,192,gf_mul,22,3926,0x2bf8b731
9,A-B,1,reference,192,gf_mul,23,3926,0x2bf8b731
9,A-B,1,reference,192,gf_mul,24,3926,0x2bf8b731
9,A-B,1,reference,192,gf_mul,25,3926,0x2bf8b731
9,A-B,1,reference,192,gf_mul,26,3926,0x2bf8b731
9,A-B,1,reference,192,gf_mul,27,3926,0x2bf8b731
9,A-B,1,reference,192,gf_mul,28,3926,0x2bf8b731
9,A-B,1,reference,192,gf_mul,29,3926,0x2bf8b731
9,A-B,1,reference,192,gf_mul,30,3926,0x2bf8b731
9,A-B,1,reference,192,gf_mul,31,3926,0x2bf8b731
9,A-B,1,reference,192,gf_mul,32,3926,0x2bf8b731
9,A-B,1,reference,192,gf_mul,33,3926,0x2bf8b731
9,A-B,1,reference,192,gf_mul,34,3926,0x2bf8b731
9,A-B,1,reference,192,gf_mul,35,3926,0x2bf8b731
9,A-B,1,reference,192,gf_mul,36,3926,0x2bf8b731
9,A-B,1,reference,192,gf_mul,37,3926,0x2bf8b731
9,A-B,1,reference,192,gf_mul,38,3926,0x2bf8b731
9,A-B,1,reference,192,gf_mul,39,3926,0x2bf8b731
9,A-B,1,reference,192,gf_mul,40,3926,0x2bf8b731
9,A-B,1,reference,192,gf_mul,41,3926,0x2bf8b731
9,A-B,1,reference,192,gf_mul,42,3926,0x2bf8b731
9,A-B,1,reference,192,gf_mul,43,3926,0x2bf8b731
9,A-B,1,reference,192,gf_mul,44,3926,0x2bf8b731
9,A-B,1,reference,192,gf_mul,45,3926,0x2bf8b731
9,A-B,1,reference,192,gf_mul,46,3926,0x2bf8b731
9,A-B,1,reference,192,gf_mul,47,3926,0x2bf8b731
9,A-B,1,reference,192,gf_mul,48,3926,0x2bf8b731
9,A-B,1,reference,192,gf_mul,49,3926,0x2bf8b731
9,A-B,1,reference,192,gf_sqr,0,144,0x2bf8b731
9,A-B,1,reference,192,gf_sqr,1,144,0x2bf8b731
9,A-B,1,reference,192,gf_sqr,2,143,0x2bf8b731
9,A-B,1,reference,192,gf_sqr,3,144,0x2bf8b731
9,A-B,1,reference,192,gf_sqr,4,144,0x2bf8b731
9,A-B,1,reference,192,gf_sqr,5,144,0x2bf8b731
9,A-B,1,reference,192,gf_sqr,6,144,0x2bf8b731
9,A-B,1,reference,192,gf_sqr,7,144,0x2bf8b731
9,A-B,1,reference,192,gf_sqr,8,144,0x2bf8b731
9,A-B,1,reference,192,gf_sqr,9,144,0x2bf8b731
9,A-B,1,reference,192,gf_sqr,10,144,0x2bf8b731
9,A-B,1,reference,192,gf_sqr,11,144,0x2bf8b731
9,A-B,1,reference,192,gf_sqr,12,144,0x2bf8b731
9,A-B,1,reference,192,gf_sqr,13,144,0x2bf8b731
9,A-B,1,reference,192,gf_sqr,14,144,0x2bf8b731
9,A-B,1,reference,192,gf_sqr,15,144,0x2bf8b731
9,A-B,1,reference,192,gf_sqr,16,144,0x2bf8b731
9,A-B,1,reference,192,gf_sqr,17,144,0x2bf8b731
9,A-B,1,reference,192,gf_sqr,18,144,0x2bf8b731
9,A-B,1,reference,192,gf_sqr,19,144,0x2bf8b731
9,A-B,1,reference,192,gf_sqr,20,144,0x2bf8b731
9,A-B,1,reference,192,gf_sqr,21,144,0x2bf8b731
9,A-B,1,reference,192,gf_sqr,22,144,0x2bf8b731
9,A-B,1,reference,192,gf_sqr,23,144,0x2bf8b731
9,A-B,1,reference,192,gf_sqr,24,144,0x2bf8b731
9,A-B,1,reference,192,gf_sqr,25,144,0x2bf8b731
9,A-B,1,reference,192,gf_sqr,26,144,0x2bf8b731
9,A-B,1,reference,192,gf_sqr,27,144,0x2bf8b731
9,A-B,1,reference,192,gf_sqr,28,144,0x2bf8b731
9,A-B,1,reference,192,gf_sqr,29,144,0x2bf8b731
9,A-B,1,reference,192,gf_sqr,30,144,0x2bf8b731
9,A-B,1,reference,192,gf_sqr,31,144,0x2bf8b731
9,A-B,1,reference,192,gf_sqr,32,144,0x2bf8b731
9,A-B,1,reference,192,gf_sqr,33,144,0x2bf8b731
9,A-B,1,reference,192,gf_sqr,34,144,0x2bf8b731
9,A-B,1,reference,192,gf_sqr,35,144,0x2bf8b731
9,A-B,1,reference,192,gf_sqr,36,144,0x2bf8b731
9,A-B,1,reference,192,gf_sqr,37,144,0x2bf8b731
9,A-B,1,reference,192,gf_sqr,38,144,0x2bf8b731
9,A-B,1,reference,192,gf_sqr,39,144,0x2bf8b731
9,A-B,1,reference,192,gf_sqr,40,144,0x2bf8b731
9,A-B,1,reference,192,gf_sqr,41,144,0x2bf8b731
9,A-B,1,reference,192,gf_sqr,42,144,0x2bf8b731
9,A-B,1,reference,192,gf_sqr,43,144,0x2bf8b731
9,A-B,1,reference,192,gf_sqr,44,144,0x2bf8b731
9,A-B,1,reference,192,gf_sqr,45,144,0x2bf8b731
9,A-B,1,reference,192,gf_sqr,46,144,0x2bf8b731
9,A-B,1,reference,192,gf_sqr,47,144,0x2bf8b731
9,A-B,1,reference,192,gf_sqr,48,144,0x2bf8b731
9,A-B,1,reference,192,gf_sqr,49,144,0x2bf8b731
9,A-B,2,optimized,192,gf_mul,0,3927,0x2bf8b731
9,A-B,2,optimized,192,gf_mul,1,3927,0x2bf8b731
9,A-B,2,optimized,192,gf_mul,2,3927,0x2bf8b731
9,A-B,2,optimized,192,gf_mul,3,3926,0x2bf8b731
9,A-B,2,optimized,192,gf_mul,4,3926,0x2bf8b731
9,A-B,2,optimized,192,gf_mul,5,3926,0x2bf8b731
9,A-B,2,optimized,192,gf_mul,6,3926,0x2bf8b731
9,A-B,2,optimized,192,gf_mul,7,3926,0x2bf8b731
9,A-B,2,optimized,192,gf_mul,8,3926,0x2bf8b731
9,A-B,2,optimized,192,gf_mul,9,3926,0x2bf8b731
9,A-B,2,optimized,192,gf_mul,10,3926,0x2bf8b731
9,A-B,2,optimized,192,gf_mul,11,3926,0x2bf8b731
9,A-B,2,optimized,192,gf_mul,12,3926,0x2bf8b731
9,A-B,2,optimized,192,gf_mul,13,3926,0x2bf8b731
9,A-B,2,optimized,192,gf_mul,14,3926,0x2bf8b731
9,A-B,2,optimized,192,gf_mul,15,3926,0x2bf8b731
9,A-B,2,optimized,192,gf_mul,16,3926,0x2bf8b731
9,A-B,2,optimized,192,gf_mul,17,3926,0x2bf8b731
9,A-B,2,optimized,192,gf_mul,18,3926,0x2bf8b731
9,A-B,2,optimized,192,gf_mul,19,3926,0x2bf8b731
9,A-B,2,optimized,192,gf_mul,20,3926,0x2bf8b731
9,A-B,2,optimized,192,gf_mul,21,3926,0x2bf8b731
9,A-B,2,optimized,192,gf_mul,22,3926,0x2bf8b731
9,A-B,2,optimized,192,gf_mul,23,3926,0x2bf8b731
9,A-B,2,optimized,192,gf_mul,24,3926,0x2bf8b731
9,A-B,2,optimized,192,gf_mul,25,3926,0x2bf8b731
9,A-B,2,optimized,192,gf_mul,26,3926,0x2bf8b731
9,A-B,2,optimized,192,gf_mul,27,3926,0x2bf8b731
9,A-B,2,optimized,192,gf_mul,28,3926,0x2bf8b731
9,A-B,2,optimized,192,gf_mul,29,3926,0x2bf8b731
9,A-B,2,optimized,192,gf_mul,30,3926,0x2bf8b731
9,A-B,2,optimized,192,gf_mul,31,3926,0x2bf8b731
9,A-B,2,optimized,192,gf_mul,32,3926,0x2bf8b731
9,A-B,2,optimized,192,gf_mul,33,3926,0x2bf8b731
9,A-B,2,optimized,192,gf_mul,34,3926,0x2bf8b731
9,A-B,2,optimized,192,gf_mul,35,3926,0x2bf8b731
9,A-B,2,optimized,192,gf_mul,36,3926,0x2bf8b731
9,A-B,2,optimized,192,gf_mul,37,3926,0x2bf8b731
9,A-B,2,optimized,192,gf_mul,38,3926,0x2bf8b731
9,A-B,2,optimized,192,gf_mul,39,3926,0x2bf8b731
9,A-B,2,optimized,192,gf_mul,40,3926,0x2bf8b731
9,A-B,2,optimized,192,gf_mul,41,3926,0x2bf8b731
9,A-B,2,optimized,192,gf_mul,42,3926,0x2bf8b731
9,A-B,2,optimized,192,gf_mul,43,3926,0x2bf8b731
9,A-B,2,optimized,192,gf_mul,44,3926,0x2bf8b731
9,A-B,2,optimized,192,gf_mul,45,3926,0x2bf8b731
9,A-B,2,optimized,192,gf_mul,46,3926,0x2bf8b731
9,A-B,2,optimized,192,gf_mul,47,3926,0x2bf8b731
9,A-B,2,optimized,192,gf_mul,48,3926,0x2bf8b731
9,A-B,2,optimized,192,gf_mul,49,3926,0x2bf8b731
9,A-B,2,optimized,192,gf_sqr,0,144,0x2bf8b731
9,A-B,2,optimized,192,gf_sqr,1,144,0x2bf8b731
9,A-B,2,optimized,192,gf_sqr,2,143,0x2bf8b731
9,A-B,2,optimized,192,gf_sqr,3,144,0x2bf8b731
9,A-B,2,optimized,192,gf_sqr,4,144,0x2bf8b731
9,A-B,2,optimized,192,gf_sqr,5,144,0x2bf8b731
9,A-B,2,optimized,192,gf_sqr,6,144,0x2bf8b731
9,A-B,2,optimized,192,gf_sqr,7,144,0x2bf8b731
9,A-B,2,optimized,192,gf_sqr,8,144,0x2bf8b731
9,A-B,2,optimized,192,gf_sqr,9,144,0x2bf8b731
9,A-B,2,optimized,192,gf_sqr,10,144,0x2bf8b731
9,A-B,2,optimized,192,gf_sqr,11,144,0x2bf8b731
9,A-B,2,optimized,192,gf_sqr,12,144,0x2bf8b731
9,A-B,2,optimized,192,gf_sqr,13,144,0x2bf8b731
9,A-B,2,optimized,192,gf_sqr,14,144,0x2bf8b731
9,A-B,2,optimized,192,gf_sqr,15,144,0x2bf8b731
9,A-B,2,optimized,192,gf_sqr,16,144,0x2bf8b731
9,A-B,2,optimized,192,gf_sqr,17,144,0x2bf8b731
9,A-B,2,optimized,192,gf_sqr,18,144,0x2bf8b731
9,A-B,2,optimized,192,gf_sqr,19,144,0x2bf8b731
9,A-B,2,optimized,192,gf_sqr,20,144,0x2bf8b731
9,A-B,2,optimized,192,gf_sqr,21,144,0x2bf8b731
9,A-B,2,optimized,192,gf_sqr,22,144,0x2bf8b731
9,A-B,2,optimized,192,gf_sqr,23,144,0x2bf8b731
9,A-B,2,optimized,192,gf_sqr,24,144,0x2bf8b731
9,A-B,2,optimized,192,gf_sqr,25,144,0x2bf8b731
9,A-B,2,optimized,192,gf_sqr,26,144,0x2bf8b731
9,A-B,2,optimized,192,gf_sqr,27,144,0x2bf8b731
9,A-B,2,optimized,192,gf_sqr,28,144,0x2bf8b731
9,A-B,2,optimized,192,gf_sqr,29,144,0x2bf8b731
9,A-B,2,optimized,192,gf_sqr,30,144,0x2bf8b731
9,A-B,2,optimized,192,gf_sqr,31,144,0x2bf8b731
9,A-B,2,optimized,192,gf_sqr,32,144,0x2bf8b731
9,A-B,2,optimized,192,gf_sqr,33,144,0x2bf8b731
9,A-B,2,optimized,192,gf_sqr,34,144,0x2bf8b731
9,A-B,2,optimized,192,gf_sqr,35,144,0x2bf8b731
9,A-B,2,optimized,192,gf_sqr,36,144,0x2bf8b731
9,A-B,2,optimized,192,gf_sqr,37,144,0x2bf8b731
9,A-B,2,optimized,192,gf_sqr,38,144,0x2bf8b731
9,A-B,2,optimized,192,gf_sqr,39,144,0x2bf8b731
9,A-B,2,optimized,192,gf_sqr,40,144,0x2bf8b731
9,A-B,2,optimized,192,gf_sqr,41,144,0x2bf8b731
9,A-B,2,optimized,192,gf_sqr,42,144,0x2bf8b731
9,A-B,2,optimized,192,gf_sqr,43,144,0x2bf8b731
9,A-B,2,optimized,192,gf_sqr,44,144,0x2bf8b731
9,A-B,2,optimized,192,gf_sqr,45,144,0x2bf8b731
9,A-B,2,optimized,192,gf_sqr,46,144,0x2bf8b731
9,A-B,2,optimized,192,gf_sqr,47,144,0x2bf8b731
9,A-B,2,optimized,192,gf_sqr,48,144,0x2bf8b731
9,A-B,2,optimized,192,gf_sqr,49,144,0x2bf8b731
9,A-B,1,reference,256,gf_mul,0,5933,0x283807e5
9,A-B,1,reference,256,gf_mul,1,5932,0x283807e5
9,A-B,1,reference,256,gf_mul,2,5932,0x283807e5
9,A-B,1,reference,256,gf_mul,3,5931,0x283807e5
9,A-B,1,reference,256,gf_mul,4,5931,0x283807e5
9,A-B,1,reference,256,gf_mul,5,5931,0x283807e5
9,A-B,1,reference,256,gf_mul,6,5931,0x283807e5
9,A-B,1,reference,256,gf_mul,7,5931,0x283807e5
9,A-B,1,reference,256,gf_mul,8,5931,0x283807e5
9,A-B,1,reference,256,gf_mul,9,5931,0x283807e5
9,A-B,1,reference,256,gf_mul,10,5931,0x283807e5
9,A-B,1,reference,256,gf_mul,11,5931,0x283807e5
9,A-B,1,reference,256,gf_mul,12,5931,0x283807e5
9,A-B,1,reference,256,gf_mul,13,5931,0x283807e5
9,A-B,1,reference,256,gf_mul,14,5931,0x283807e5
9,A-B,1,reference,256,gf_mul,15,5931,0x283807e5
9,A-B,1,reference,256,gf_mul,16,5931,0x283807e5
9,A-B,1,reference,256,gf_mul,17,5931,0x283807e5
9,A-B,1,reference,256,gf_mul,18,5931,0x283807e5
9,A-B,1,reference,256,gf_mul,19,5931,0x283807e5
9,A-B,1,reference,256,gf_mul,20,5931,0x283807e5
9,A-B,1,reference,256,gf_mul,21,5931,0x283807e5
9,A-B,1,reference,256,gf_mul,22,5931,0x283807e5
9,A-B,1,reference,256,gf_mul,23,5931,0x283807e5
9,A-B,1,reference,256,gf_mul,24,5931,0x283807e5
9,A-B,1,reference,256,gf_mul,25,5931,0x283807e5
9,A-B,1,reference,256,gf_mul,26,5931,0x283807e5
9,A-B,1,reference,256,gf_mul,27,5931,0x283807e5
9,A-B,1,reference,256,gf_mul,28,5931,0x283807e5
9,A-B,1,reference,256,gf_mul,29,5931,0x283807e5
9,A-B,1,reference,256,gf_mul,30,5931,0x283807e5
9,A-B,1,reference,256,gf_mul,31,5931,0x283807e5
9,A-B,1,reference,256,gf_mul,32,5931,0x283807e5
9,A-B,1,reference,256,gf_mul,33,5931,0x283807e5
9,A-B,1,reference,256,gf_mul,34,5931,0x283807e5
9,A-B,1,reference,256,gf_mul,35,5931,0x283807e5
9,A-B,1,reference,256,gf_mul,36,5931,0x283807e5
9,A-B,1,reference,256,gf_mul,37,5931,0x283807e5
9,A-B,1,reference,256,gf_mul,38,5931,0x283807e5
9,A-B,1,reference,256,gf_mul,39,5931,0x283807e5
9,A-B,1,reference,256,gf_mul,40,5931,0x283807e5
9,A-B,1,reference,256,gf_mul,41,5931,0x283807e5
9,A-B,1,reference,256,gf_mul,42,5931,0x283807e5
9,A-B,1,reference,256,gf_mul,43,5931,0x283807e5
9,A-B,1,reference,256,gf_mul,44,5931,0x283807e5
9,A-B,1,reference,256,gf_mul,45,5931,0x283807e5
9,A-B,1,reference,256,gf_mul,46,5931,0x283807e5
9,A-B,1,reference,256,gf_mul,47,5931,0x283807e5
9,A-B,1,reference,256,gf_mul,48,5931,0x283807e5
9,A-B,1,reference,256,gf_mul,49,5931,0x283807e5
9,A-B,1,reference,256,gf_sqr,0,203,0x283807e5
9,A-B,1,reference,256,gf_sqr,1,202,0x283807e5
9,A-B,1,reference,256,gf_sqr,2,203,0x283807e5
9,A-B,1,reference,256,gf_sqr,3,202,0x283807e5
9,A-B,1,reference,256,gf_sqr,4,202,0x283807e5
9,A-B,1,reference,256,gf_sqr,5,202,0x283807e5
9,A-B,1,reference,256,gf_sqr,6,202,0x283807e5
9,A-B,1,reference,256,gf_sqr,7,202,0x283807e5
9,A-B,1,reference,256,gf_sqr,8,202,0x283807e5
9,A-B,1,reference,256,gf_sqr,9,202,0x283807e5
9,A-B,1,reference,256,gf_sqr,10,202,0x283807e5
9,A-B,1,reference,256,gf_sqr,11,202,0x283807e5
9,A-B,1,reference,256,gf_sqr,12,202,0x283807e5
9,A-B,1,reference,256,gf_sqr,13,202,0x283807e5
9,A-B,1,reference,256,gf_sqr,14,202,0x283807e5
9,A-B,1,reference,256,gf_sqr,15,202,0x283807e5
9,A-B,1,reference,256,gf_sqr,16,202,0x283807e5
9,A-B,1,reference,256,gf_sqr,17,202,0x283807e5
9,A-B,1,reference,256,gf_sqr,18,202,0x283807e5
9,A-B,1,reference,256,gf_sqr,19,202,0x283807e5
9,A-B,1,reference,256,gf_sqr,20,202,0x283807e5
9,A-B,1,reference,256,gf_sqr,21,202,0x283807e5
9,A-B,1,reference,256,gf_sqr,22,202,0x283807e5
9,A-B,1,reference,256,gf_sqr,23,202,0x283807e5
9,A-B,1,reference,256,gf_sqr,24,202,0x283807e5
9,A-B,1,reference,256,gf_sqr,25,202,0x283807e5
9,A-B,1,reference,256,gf_sqr,26,202,0x283807e5
9,A-B,1,reference,256,gf_sqr,27,202,0x283807e5
9,A-B,1,reference,256,gf_sqr,28,202,0x283807e5
9,A-B,1,reference,256,gf_sqr,29,202,0x283807e5
9,A-B,1,reference,256,gf_sqr,30,202,0x283807e5
9,A-B,1,reference,256,gf_sqr,31,202,0x283807e5
9,A-B,1,reference,256,gf_sqr,32,202,0x283807e5
9,A-B,1,reference,256,gf_sqr,33,202,0x283807e5
9,A-B,1,reference,256,gf_sqr,34,202,0x283807e5
9,A-B,1,reference,256,gf_sqr,35,202,0x283807e5
9,A-B,1,reference,256,gf_sqr,36,202,0x283807e5
9,A-B,1,reference,256,gf_sqr,37,202,0x283807e5
9,A-B,1,reference,256,gf_sqr,38,202,0x283807e5
9,A-B,1,reference,256,gf_sqr,39,202,0x283807e5
9,A-B,1,reference,256,gf_sqr,40,202,0x283807e5
9,A-B,1,reference,256,gf_sqr,41,202,0x283807e5
9,A-B,1,reference,256,gf_sqr,42,202,0x283807e5
9,A-B,1,reference,256,gf_sqr,43,202,0x283807e5
9,A-B,1,reference,256,gf_sqr,44,202,0x283807e5
9,A-B,1,reference,256,gf_sqr,45,202,0x283807e5
9,A-B,1,reference,256,gf_sqr,46,202,0x283807e5
9,A-B,1,reference,256,gf_sqr,47,202,0x283807e5
9,A-B,1,reference,256,gf_sqr,48,202,0x283807e5
9,A-B,1,reference,256,gf_sqr,49,202,0x283807e5
9,A-B,2,optimized,256,gf_mul,0,5942,0x283807e5
9,A-B,2,optimized,256,gf_mul,1,5940,0x283807e5
9,A-B,2,optimized,256,gf_mul,2,5941,0x283807e5
9,A-B,2,optimized,256,gf_mul,3,5940,0x283807e5
9,A-B,2,optimized,256,gf_mul,4,5940,0x283807e5
9,A-B,2,optimized,256,gf_mul,5,5940,0x283807e5
9,A-B,2,optimized,256,gf_mul,6,5940,0x283807e5
9,A-B,2,optimized,256,gf_mul,7,5940,0x283807e5
9,A-B,2,optimized,256,gf_mul,8,5940,0x283807e5
9,A-B,2,optimized,256,gf_mul,9,5940,0x283807e5
9,A-B,2,optimized,256,gf_mul,10,5940,0x283807e5
9,A-B,2,optimized,256,gf_mul,11,5940,0x283807e5
9,A-B,2,optimized,256,gf_mul,12,5940,0x283807e5
9,A-B,2,optimized,256,gf_mul,13,5940,0x283807e5
9,A-B,2,optimized,256,gf_mul,14,5940,0x283807e5
9,A-B,2,optimized,256,gf_mul,15,5940,0x283807e5
9,A-B,2,optimized,256,gf_mul,16,5940,0x283807e5
9,A-B,2,optimized,256,gf_mul,17,5940,0x283807e5
9,A-B,2,optimized,256,gf_mul,18,5940,0x283807e5
9,A-B,2,optimized,256,gf_mul,19,5940,0x283807e5
9,A-B,2,optimized,256,gf_mul,20,5940,0x283807e5
9,A-B,2,optimized,256,gf_mul,21,5940,0x283807e5
9,A-B,2,optimized,256,gf_mul,22,5940,0x283807e5
9,A-B,2,optimized,256,gf_mul,23,5940,0x283807e5
9,A-B,2,optimized,256,gf_mul,24,5940,0x283807e5
9,A-B,2,optimized,256,gf_mul,25,5940,0x283807e5
9,A-B,2,optimized,256,gf_mul,26,5940,0x283807e5
9,A-B,2,optimized,256,gf_mul,27,5940,0x283807e5
9,A-B,2,optimized,256,gf_mul,28,5940,0x283807e5
9,A-B,2,optimized,256,gf_mul,29,5940,0x283807e5
9,A-B,2,optimized,256,gf_mul,30,5940,0x283807e5
9,A-B,2,optimized,256,gf_mul,31,5940,0x283807e5
9,A-B,2,optimized,256,gf_mul,32,5940,0x283807e5
9,A-B,2,optimized,256,gf_mul,33,5940,0x283807e5
9,A-B,2,optimized,256,gf_mul,34,5940,0x283807e5
9,A-B,2,optimized,256,gf_mul,35,5940,0x283807e5
9,A-B,2,optimized,256,gf_mul,36,5940,0x283807e5
9,A-B,2,optimized,256,gf_mul,37,5940,0x283807e5
9,A-B,2,optimized,256,gf_mul,38,5940,0x283807e5
9,A-B,2,optimized,256,gf_mul,39,5940,0x283807e5
9,A-B,2,optimized,256,gf_mul,40,5940,0x283807e5
9,A-B,2,optimized,256,gf_mul,41,5940,0x283807e5
9,A-B,2,optimized,256,gf_mul,42,5940,0x283807e5
9,A-B,2,optimized,256,gf_mul,43,5940,0x283807e5
9,A-B,2,optimized,256,gf_mul,44,5940,0x283807e5
9,A-B,2,optimized,256,gf_mul,45,5940,0x283807e5
9,A-B,2,optimized,256,gf_mul,46,5940,0x283807e5
9,A-B,2,optimized,256,gf_mul,47,5940,0x283807e5
9,A-B,2,optimized,256,gf_mul,48,5940,0x283807e5
9,A-B,2,optimized,256,gf_mul,49,5940,0x283807e5
9,A-B,2,optimized,256,gf_sqr,0,202,0x283807e5
9,A-B,2,optimized,256,gf_sqr,1,200,0x283807e5
9,A-B,2,optimized,256,gf_sqr,2,201,0x283807e5
9,A-B,2,optimized,256,gf_sqr,3,200,0x283807e5
9,A-B,2,optimized,256,gf_sqr,4,200,0x283807e5
9,A-B,2,optimized,256,gf_sqr,5,200,0x283807e5
9,A-B,2,optimized,256,gf_sqr,6,200,0x283807e5
9,A-B,2,optimized,256,gf_sqr,7,200,0x283807e5
9,A-B,2,optimized,256,gf_sqr,8,200,0x283807e5
9,A-B,2,optimized,256,gf_sqr,9,200,0x283807e5
9,A-B,2,optimized,256,gf_sqr,10,200,0x283807e5
9,A-B,2,optimized,256,gf_sqr,11,200,0x283807e5
9,A-B,2,optimized,256,gf_sqr,12,200,0x283807e5
9,A-B,2,optimized,256,gf_sqr,13,200,0x283807e5
9,A-B,2,optimized,256,gf_sqr,14,200,0x283807e5
9,A-B,2,optimized,256,gf_sqr,15,200,0x283807e5
9,A-B,2,optimized,256,gf_sqr,16,200,0x283807e5
9,A-B,2,optimized,256,gf_sqr,17,200,0x283807e5
9,A-B,2,optimized,256,gf_sqr,18,200,0x283807e5
9,A-B,2,optimized,256,gf_sqr,19,200,0x283807e5
9,A-B,2,optimized,256,gf_sqr,20,200,0x283807e5
9,A-B,2,optimized,256,gf_sqr,21,200,0x283807e5
9,A-B,2,optimized,256,gf_sqr,22,200,0x283807e5
9,A-B,2,optimized,256,gf_sqr,23,200,0x283807e5
9,A-B,2,optimized,256,gf_sqr,24,200,0x283807e5
9,A-B,2,optimized,256,gf_sqr,25,200,0x283807e5
9,A-B,2,optimized,256,gf_sqr,26,200,0x283807e5
9,A-B,2,optimized,256,gf_sqr,27,200,0x283807e5
9,A-B,2,optimized,256,gf_sqr,28,200,0x283807e5
9,A-B,2,optimized,256,gf_sqr,29,200,0x283807e5
9,A-B,2,optimized,256,gf_sqr,30,200,0x283807e5
9,A-B,2,optimized,256,gf_sqr,31,200,0x283807e5
9,A-B,2,optimized,256,gf_sqr,32,200,0x283807e5
9,A-B,2,optimized,256,gf_sqr,33,200,0x283807e5
9,A-B,2,optimized,256,gf_sqr,34,200,0x283807e5
9,A-B,2,optimized,256,gf_sqr,35,200,0x283807e5
9,A-B,2,optimized,256,gf_sqr,36,200,0x283807e5
9,A-B,2,optimized,256,gf_sqr,37,200,0x283807e5
9,A-B,2,optimized,256,gf_sqr,38,200,0x283807e5
9,A-B,2,optimized,256,gf_sqr,39,200,0x283807e5
9,A-B,2,optimized,256,gf_sqr,40,200,0x283807e5
9,A-B,2,optimized,256,gf_sqr,41,200,0x283807e5
9,A-B,2,optimized,256,gf_sqr,42,200,0x283807e5
9,A-B,2,optimized,256,gf_sqr,43,200,0x283807e5
9,A-B,2,optimized,256,gf_sqr,44,200,0x283807e5
9,A-B,2,optimized,256,gf_sqr,45,200,0x283807e5
9,A-B,2,optimized,256,gf_sqr,46,200,0x283807e5
9,A-B,2,optimized,256,gf_sqr,47,200,0x283807e5
9,A-B,2,optimized,256,gf_sqr,48,200,0x283807e5
9,A-B,2,optimized,256,gf_sqr,49,200,0x283807e5
10,B-A,1,optimized,128,gf_mul,0,1969,0x54cada71
10,B-A,1,optimized,128,gf_mul,1,1968,0x54cada71
10,B-A,1,optimized,128,gf_mul,2,1968,0x54cada71
10,B-A,1,optimized,128,gf_mul,3,1967,0x54cada71
10,B-A,1,optimized,128,gf_mul,4,1967,0x54cada71
10,B-A,1,optimized,128,gf_mul,5,1967,0x54cada71
10,B-A,1,optimized,128,gf_mul,6,1967,0x54cada71
10,B-A,1,optimized,128,gf_mul,7,1967,0x54cada71
10,B-A,1,optimized,128,gf_mul,8,1967,0x54cada71
10,B-A,1,optimized,128,gf_mul,9,1967,0x54cada71
10,B-A,1,optimized,128,gf_mul,10,1967,0x54cada71
10,B-A,1,optimized,128,gf_mul,11,1967,0x54cada71
10,B-A,1,optimized,128,gf_mul,12,1967,0x54cada71
10,B-A,1,optimized,128,gf_mul,13,1967,0x54cada71
10,B-A,1,optimized,128,gf_mul,14,1967,0x54cada71
10,B-A,1,optimized,128,gf_mul,15,1967,0x54cada71
10,B-A,1,optimized,128,gf_mul,16,1967,0x54cada71
10,B-A,1,optimized,128,gf_mul,17,1967,0x54cada71
10,B-A,1,optimized,128,gf_mul,18,1967,0x54cada71
10,B-A,1,optimized,128,gf_mul,19,1967,0x54cada71
10,B-A,1,optimized,128,gf_mul,20,1967,0x54cada71
10,B-A,1,optimized,128,gf_mul,21,1967,0x54cada71
10,B-A,1,optimized,128,gf_mul,22,1967,0x54cada71
10,B-A,1,optimized,128,gf_mul,23,1967,0x54cada71
10,B-A,1,optimized,128,gf_mul,24,1967,0x54cada71
10,B-A,1,optimized,128,gf_mul,25,1967,0x54cada71
10,B-A,1,optimized,128,gf_mul,26,1967,0x54cada71
10,B-A,1,optimized,128,gf_mul,27,1967,0x54cada71
10,B-A,1,optimized,128,gf_mul,28,1967,0x54cada71
10,B-A,1,optimized,128,gf_mul,29,1967,0x54cada71
10,B-A,1,optimized,128,gf_mul,30,1967,0x54cada71
10,B-A,1,optimized,128,gf_mul,31,1967,0x54cada71
10,B-A,1,optimized,128,gf_mul,32,1967,0x54cada71
10,B-A,1,optimized,128,gf_mul,33,1967,0x54cada71
10,B-A,1,optimized,128,gf_mul,34,1967,0x54cada71
10,B-A,1,optimized,128,gf_mul,35,1967,0x54cada71
10,B-A,1,optimized,128,gf_mul,36,1967,0x54cada71
10,B-A,1,optimized,128,gf_mul,37,1967,0x54cada71
10,B-A,1,optimized,128,gf_mul,38,1967,0x54cada71
10,B-A,1,optimized,128,gf_mul,39,1967,0x54cada71
10,B-A,1,optimized,128,gf_mul,40,1967,0x54cada71
10,B-A,1,optimized,128,gf_mul,41,1967,0x54cada71
10,B-A,1,optimized,128,gf_mul,42,1967,0x54cada71
10,B-A,1,optimized,128,gf_mul,43,1967,0x54cada71
10,B-A,1,optimized,128,gf_mul,44,1967,0x54cada71
10,B-A,1,optimized,128,gf_mul,45,1967,0x54cada71
10,B-A,1,optimized,128,gf_mul,46,1967,0x54cada71
10,B-A,1,optimized,128,gf_mul,47,1967,0x54cada71
10,B-A,1,optimized,128,gf_mul,48,1967,0x54cada71
10,B-A,1,optimized,128,gf_mul,49,1967,0x54cada71
10,B-A,1,optimized,128,gf_sqr,0,107,0x54cada71
10,B-A,1,optimized,128,gf_sqr,1,107,0x54cada71
10,B-A,1,optimized,128,gf_sqr,2,107,0x54cada71
10,B-A,1,optimized,128,gf_sqr,3,106,0x54cada71
10,B-A,1,optimized,128,gf_sqr,4,106,0x54cada71
10,B-A,1,optimized,128,gf_sqr,5,106,0x54cada71
10,B-A,1,optimized,128,gf_sqr,6,106,0x54cada71
10,B-A,1,optimized,128,gf_sqr,7,106,0x54cada71
10,B-A,1,optimized,128,gf_sqr,8,106,0x54cada71
10,B-A,1,optimized,128,gf_sqr,9,106,0x54cada71
10,B-A,1,optimized,128,gf_sqr,10,106,0x54cada71
10,B-A,1,optimized,128,gf_sqr,11,106,0x54cada71
10,B-A,1,optimized,128,gf_sqr,12,106,0x54cada71
10,B-A,1,optimized,128,gf_sqr,13,106,0x54cada71
10,B-A,1,optimized,128,gf_sqr,14,106,0x54cada71
10,B-A,1,optimized,128,gf_sqr,15,106,0x54cada71
10,B-A,1,optimized,128,gf_sqr,16,106,0x54cada71
10,B-A,1,optimized,128,gf_sqr,17,106,0x54cada71
10,B-A,1,optimized,128,gf_sqr,18,106,0x54cada71
10,B-A,1,optimized,128,gf_sqr,19,106,0x54cada71
10,B-A,1,optimized,128,gf_sqr,20,106,0x54cada71
10,B-A,1,optimized,128,gf_sqr,21,106,0x54cada71
10,B-A,1,optimized,128,gf_sqr,22,106,0x54cada71
10,B-A,1,optimized,128,gf_sqr,23,106,0x54cada71
10,B-A,1,optimized,128,gf_sqr,24,106,0x54cada71
10,B-A,1,optimized,128,gf_sqr,25,106,0x54cada71
10,B-A,1,optimized,128,gf_sqr,26,106,0x54cada71
10,B-A,1,optimized,128,gf_sqr,27,106,0x54cada71
10,B-A,1,optimized,128,gf_sqr,28,106,0x54cada71
10,B-A,1,optimized,128,gf_sqr,29,106,0x54cada71
10,B-A,1,optimized,128,gf_sqr,30,106,0x54cada71
10,B-A,1,optimized,128,gf_sqr,31,106,0x54cada71
10,B-A,1,optimized,128,gf_sqr,32,106,0x54cada71
10,B-A,1,optimized,128,gf_sqr,33,106,0x54cada71
10,B-A,1,optimized,128,gf_sqr,34,106,0x54cada71
10,B-A,1,optimized,128,gf_sqr,35,106,0x54cada71
10,B-A,1,optimized,128,gf_sqr,36,106,0x54cada71
10,B-A,1,optimized,128,gf_sqr,37,106,0x54cada71
10,B-A,1,optimized,128,gf_sqr,38,106,0x54cada71
10,B-A,1,optimized,128,gf_sqr,39,106,0x54cada71
10,B-A,1,optimized,128,gf_sqr,40,106,0x54cada71
10,B-A,1,optimized,128,gf_sqr,41,106,0x54cada71
10,B-A,1,optimized,128,gf_sqr,42,106,0x54cada71
10,B-A,1,optimized,128,gf_sqr,43,106,0x54cada71
10,B-A,1,optimized,128,gf_sqr,44,106,0x54cada71
10,B-A,1,optimized,128,gf_sqr,45,106,0x54cada71
10,B-A,1,optimized,128,gf_sqr,46,106,0x54cada71
10,B-A,1,optimized,128,gf_sqr,47,106,0x54cada71
10,B-A,1,optimized,128,gf_sqr,48,106,0x54cada71
10,B-A,1,optimized,128,gf_sqr,49,106,0x54cada71
10,B-A,2,reference,128,gf_mul,0,1969,0x54cada71
10,B-A,2,reference,128,gf_mul,1,1965,0x54cada71
10,B-A,2,reference,128,gf_mul,2,1965,0x54cada71
10,B-A,2,reference,128,gf_mul,3,1964,0x54cada71
10,B-A,2,reference,128,gf_mul,4,1964,0x54cada71
10,B-A,2,reference,128,gf_mul,5,1964,0x54cada71
10,B-A,2,reference,128,gf_mul,6,1964,0x54cada71
10,B-A,2,reference,128,gf_mul,7,1964,0x54cada71
10,B-A,2,reference,128,gf_mul,8,1964,0x54cada71
10,B-A,2,reference,128,gf_mul,9,1964,0x54cada71
10,B-A,2,reference,128,gf_mul,10,1964,0x54cada71
10,B-A,2,reference,128,gf_mul,11,1964,0x54cada71
10,B-A,2,reference,128,gf_mul,12,1964,0x54cada71
10,B-A,2,reference,128,gf_mul,13,1964,0x54cada71
10,B-A,2,reference,128,gf_mul,14,1964,0x54cada71
10,B-A,2,reference,128,gf_mul,15,1964,0x54cada71
10,B-A,2,reference,128,gf_mul,16,1964,0x54cada71
10,B-A,2,reference,128,gf_mul,17,1964,0x54cada71
10,B-A,2,reference,128,gf_mul,18,1964,0x54cada71
10,B-A,2,reference,128,gf_mul,19,1964,0x54cada71
10,B-A,2,reference,128,gf_mul,20,1964,0x54cada71
10,B-A,2,reference,128,gf_mul,21,1964,0x54cada71
10,B-A,2,reference,128,gf_mul,22,1964,0x54cada71
10,B-A,2,reference,128,gf_mul,23,1964,0x54cada71
10,B-A,2,reference,128,gf_mul,24,1964,0x54cada71
10,B-A,2,reference,128,gf_mul,25,1964,0x54cada71
10,B-A,2,reference,128,gf_mul,26,1964,0x54cada71
10,B-A,2,reference,128,gf_mul,27,1964,0x54cada71
10,B-A,2,reference,128,gf_mul,28,1964,0x54cada71
10,B-A,2,reference,128,gf_mul,29,1964,0x54cada71
10,B-A,2,reference,128,gf_mul,30,1964,0x54cada71
10,B-A,2,reference,128,gf_mul,31,1964,0x54cada71
10,B-A,2,reference,128,gf_mul,32,1964,0x54cada71
10,B-A,2,reference,128,gf_mul,33,1964,0x54cada71
10,B-A,2,reference,128,gf_mul,34,1964,0x54cada71
10,B-A,2,reference,128,gf_mul,35,1964,0x54cada71
10,B-A,2,reference,128,gf_mul,36,1964,0x54cada71
10,B-A,2,reference,128,gf_mul,37,1964,0x54cada71
10,B-A,2,reference,128,gf_mul,38,1964,0x54cada71
10,B-A,2,reference,128,gf_mul,39,1964,0x54cada71
10,B-A,2,reference,128,gf_mul,40,1964,0x54cada71
10,B-A,2,reference,128,gf_mul,41,1964,0x54cada71
10,B-A,2,reference,128,gf_mul,42,1964,0x54cada71
10,B-A,2,reference,128,gf_mul,43,1964,0x54cada71
10,B-A,2,reference,128,gf_mul,44,1964,0x54cada71
10,B-A,2,reference,128,gf_mul,45,1964,0x54cada71
10,B-A,2,reference,128,gf_mul,46,1964,0x54cada71
10,B-A,2,reference,128,gf_mul,47,1964,0x54cada71
10,B-A,2,reference,128,gf_mul,48,1964,0x54cada71
10,B-A,2,reference,128,gf_mul,49,1964,0x54cada71
10,B-A,2,reference,128,gf_sqr,0,107,0x54cada71
10,B-A,2,reference,128,gf_sqr,1,103,0x54cada71
10,B-A,2,reference,128,gf_sqr,2,103,0x54cada71
10,B-A,2,reference,128,gf_sqr,3,102,0x54cada71
10,B-A,2,reference,128,gf_sqr,4,102,0x54cada71
10,B-A,2,reference,128,gf_sqr,5,102,0x54cada71
10,B-A,2,reference,128,gf_sqr,6,102,0x54cada71
10,B-A,2,reference,128,gf_sqr,7,102,0x54cada71
10,B-A,2,reference,128,gf_sqr,8,102,0x54cada71
10,B-A,2,reference,128,gf_sqr,9,102,0x54cada71
10,B-A,2,reference,128,gf_sqr,10,102,0x54cada71
10,B-A,2,reference,128,gf_sqr,11,102,0x54cada71
10,B-A,2,reference,128,gf_sqr,12,102,0x54cada71
10,B-A,2,reference,128,gf_sqr,13,102,0x54cada71
10,B-A,2,reference,128,gf_sqr,14,102,0x54cada71
10,B-A,2,reference,128,gf_sqr,15,102,0x54cada71
10,B-A,2,reference,128,gf_sqr,16,102,0x54cada71
10,B-A,2,reference,128,gf_sqr,17,102,0x54cada71
10,B-A,2,reference,128,gf_sqr,18,102,0x54cada71
10,B-A,2,reference,128,gf_sqr,19,102,0x54cada71
10,B-A,2,reference,128,gf_sqr,20,102,0x54cada71
10,B-A,2,reference,128,gf_sqr,21,102,0x54cada71
10,B-A,2,reference,128,gf_sqr,22,102,0x54cada71
10,B-A,2,reference,128,gf_sqr,23,102,0x54cada71
10,B-A,2,reference,128,gf_sqr,24,102,0x54cada71
10,B-A,2,reference,128,gf_sqr,25,102,0x54cada71
10,B-A,2,reference,128,gf_sqr,26,102,0x54cada71
10,B-A,2,reference,128,gf_sqr,27,102,0x54cada71
10,B-A,2,reference,128,gf_sqr,28,102,0x54cada71
10,B-A,2,reference,128,gf_sqr,29,102,0x54cada71
10,B-A,2,reference,128,gf_sqr,30,102,0x54cada71
10,B-A,2,reference,128,gf_sqr,31,102,0x54cada71
10,B-A,2,reference,128,gf_sqr,32,102,0x54cada71
10,B-A,2,reference,128,gf_sqr,33,102,0x54cada71
10,B-A,2,reference,128,gf_sqr,34,102,0x54cada71
10,B-A,2,reference,128,gf_sqr,35,102,0x54cada71
10,B-A,2,reference,128,gf_sqr,36,102,0x54cada71
10,B-A,2,reference,128,gf_sqr,37,102,0x54cada71
10,B-A,2,reference,128,gf_sqr,38,102,0x54cada71
10,B-A,2,reference,128,gf_sqr,39,102,0x54cada71
10,B-A,2,reference,128,gf_sqr,40,102,0x54cada71
10,B-A,2,reference,128,gf_sqr,41,102,0x54cada71
10,B-A,2,reference,128,gf_sqr,42,102,0x54cada71
10,B-A,2,reference,128,gf_sqr,43,102,0x54cada71
10,B-A,2,reference,128,gf_sqr,44,102,0x54cada71
10,B-A,2,reference,128,gf_sqr,45,102,0x54cada71
10,B-A,2,reference,128,gf_sqr,46,102,0x54cada71
10,B-A,2,reference,128,gf_sqr,47,102,0x54cada71
10,B-A,2,reference,128,gf_sqr,48,102,0x54cada71
10,B-A,2,reference,128,gf_sqr,49,102,0x54cada71
10,B-A,1,optimized,192,gf_mul,0,3927,0x2bf8b731
10,B-A,1,optimized,192,gf_mul,1,3927,0x2bf8b731
10,B-A,1,optimized,192,gf_mul,2,3927,0x2bf8b731
10,B-A,1,optimized,192,gf_mul,3,3926,0x2bf8b731
10,B-A,1,optimized,192,gf_mul,4,3926,0x2bf8b731
10,B-A,1,optimized,192,gf_mul,5,3926,0x2bf8b731
10,B-A,1,optimized,192,gf_mul,6,3926,0x2bf8b731
10,B-A,1,optimized,192,gf_mul,7,3926,0x2bf8b731
10,B-A,1,optimized,192,gf_mul,8,3926,0x2bf8b731
10,B-A,1,optimized,192,gf_mul,9,3926,0x2bf8b731
10,B-A,1,optimized,192,gf_mul,10,3926,0x2bf8b731
10,B-A,1,optimized,192,gf_mul,11,3926,0x2bf8b731
10,B-A,1,optimized,192,gf_mul,12,3926,0x2bf8b731
10,B-A,1,optimized,192,gf_mul,13,3926,0x2bf8b731
10,B-A,1,optimized,192,gf_mul,14,3926,0x2bf8b731
10,B-A,1,optimized,192,gf_mul,15,3926,0x2bf8b731
10,B-A,1,optimized,192,gf_mul,16,3926,0x2bf8b731
10,B-A,1,optimized,192,gf_mul,17,3926,0x2bf8b731
10,B-A,1,optimized,192,gf_mul,18,3926,0x2bf8b731
10,B-A,1,optimized,192,gf_mul,19,3926,0x2bf8b731
10,B-A,1,optimized,192,gf_mul,20,3926,0x2bf8b731
10,B-A,1,optimized,192,gf_mul,21,3926,0x2bf8b731
10,B-A,1,optimized,192,gf_mul,22,3926,0x2bf8b731
10,B-A,1,optimized,192,gf_mul,23,3926,0x2bf8b731
10,B-A,1,optimized,192,gf_mul,24,3926,0x2bf8b731
10,B-A,1,optimized,192,gf_mul,25,3926,0x2bf8b731
10,B-A,1,optimized,192,gf_mul,26,3926,0x2bf8b731
10,B-A,1,optimized,192,gf_mul,27,3926,0x2bf8b731
10,B-A,1,optimized,192,gf_mul,28,3926,0x2bf8b731
10,B-A,1,optimized,192,gf_mul,29,3926,0x2bf8b731
10,B-A,1,optimized,192,gf_mul,30,3926,0x2bf8b731
10,B-A,1,optimized,192,gf_mul,31,3926,0x2bf8b731
10,B-A,1,optimized,192,gf_mul,32,3926,0x2bf8b731
10,B-A,1,optimized,192,gf_mul,33,3926,0x2bf8b731
10,B-A,1,optimized,192,gf_mul,34,3926,0x2bf8b731
10,B-A,1,optimized,192,gf_mul,35,3926,0x2bf8b731
10,B-A,1,optimized,192,gf_mul,36,3926,0x2bf8b731
10,B-A,1,optimized,192,gf_mul,37,3926,0x2bf8b731
10,B-A,1,optimized,192,gf_mul,38,3926,0x2bf8b731
10,B-A,1,optimized,192,gf_mul,39,3926,0x2bf8b731
10,B-A,1,optimized,192,gf_mul,40,3926,0x2bf8b731
10,B-A,1,optimized,192,gf_mul,41,3926,0x2bf8b731
10,B-A,1,optimized,192,gf_mul,42,3926,0x2bf8b731
10,B-A,1,optimized,192,gf_mul,43,3926,0x2bf8b731
10,B-A,1,optimized,192,gf_mul,44,3926,0x2bf8b731
10,B-A,1,optimized,192,gf_mul,45,3926,0x2bf8b731
10,B-A,1,optimized,192,gf_mul,46,3926,0x2bf8b731
10,B-A,1,optimized,192,gf_mul,47,3926,0x2bf8b731
10,B-A,1,optimized,192,gf_mul,48,3926,0x2bf8b731
10,B-A,1,optimized,192,gf_mul,49,3926,0x2bf8b731
10,B-A,1,optimized,192,gf_sqr,0,144,0x2bf8b731
10,B-A,1,optimized,192,gf_sqr,1,144,0x2bf8b731
10,B-A,1,optimized,192,gf_sqr,2,143,0x2bf8b731
10,B-A,1,optimized,192,gf_sqr,3,144,0x2bf8b731
10,B-A,1,optimized,192,gf_sqr,4,144,0x2bf8b731
10,B-A,1,optimized,192,gf_sqr,5,144,0x2bf8b731
10,B-A,1,optimized,192,gf_sqr,6,144,0x2bf8b731
10,B-A,1,optimized,192,gf_sqr,7,144,0x2bf8b731
10,B-A,1,optimized,192,gf_sqr,8,144,0x2bf8b731
10,B-A,1,optimized,192,gf_sqr,9,144,0x2bf8b731
10,B-A,1,optimized,192,gf_sqr,10,144,0x2bf8b731
10,B-A,1,optimized,192,gf_sqr,11,144,0x2bf8b731
10,B-A,1,optimized,192,gf_sqr,12,144,0x2bf8b731
10,B-A,1,optimized,192,gf_sqr,13,144,0x2bf8b731
10,B-A,1,optimized,192,gf_sqr,14,144,0x2bf8b731
10,B-A,1,optimized,192,gf_sqr,15,144,0x2bf8b731
10,B-A,1,optimized,192,gf_sqr,16,144,0x2bf8b731
10,B-A,1,optimized,192,gf_sqr,17,144,0x2bf8b731
10,B-A,1,optimized,192,gf_sqr,18,144,0x2bf8b731
10,B-A,1,optimized,192,gf_sqr,19,144,0x2bf8b731
10,B-A,1,optimized,192,gf_sqr,20,144,0x2bf8b731
10,B-A,1,optimized,192,gf_sqr,21,144,0x2bf8b731
10,B-A,1,optimized,192,gf_sqr,22,144,0x2bf8b731
10,B-A,1,optimized,192,gf_sqr,23,144,0x2bf8b731
10,B-A,1,optimized,192,gf_sqr,24,144,0x2bf8b731
10,B-A,1,optimized,192,gf_sqr,25,144,0x2bf8b731
10,B-A,1,optimized,192,gf_sqr,26,144,0x2bf8b731
10,B-A,1,optimized,192,gf_sqr,27,144,0x2bf8b731
10,B-A,1,optimized,192,gf_sqr,28,144,0x2bf8b731
10,B-A,1,optimized,192,gf_sqr,29,144,0x2bf8b731
10,B-A,1,optimized,192,gf_sqr,30,144,0x2bf8b731
10,B-A,1,optimized,192,gf_sqr,31,144,0x2bf8b731
10,B-A,1,optimized,192,gf_sqr,32,144,0x2bf8b731
10,B-A,1,optimized,192,gf_sqr,33,144,0x2bf8b731
10,B-A,1,optimized,192,gf_sqr,34,144,0x2bf8b731
10,B-A,1,optimized,192,gf_sqr,35,144,0x2bf8b731
10,B-A,1,optimized,192,gf_sqr,36,144,0x2bf8b731
10,B-A,1,optimized,192,gf_sqr,37,144,0x2bf8b731
10,B-A,1,optimized,192,gf_sqr,38,144,0x2bf8b731
10,B-A,1,optimized,192,gf_sqr,39,144,0x2bf8b731
10,B-A,1,optimized,192,gf_sqr,40,144,0x2bf8b731
10,B-A,1,optimized,192,gf_sqr,41,144,0x2bf8b731
10,B-A,1,optimized,192,gf_sqr,42,144,0x2bf8b731
10,B-A,1,optimized,192,gf_sqr,43,144,0x2bf8b731
10,B-A,1,optimized,192,gf_sqr,44,144,0x2bf8b731
10,B-A,1,optimized,192,gf_sqr,45,144,0x2bf8b731
10,B-A,1,optimized,192,gf_sqr,46,144,0x2bf8b731
10,B-A,1,optimized,192,gf_sqr,47,144,0x2bf8b731
10,B-A,1,optimized,192,gf_sqr,48,144,0x2bf8b731
10,B-A,1,optimized,192,gf_sqr,49,144,0x2bf8b731
10,B-A,2,reference,192,gf_mul,0,3927,0x2bf8b731
10,B-A,2,reference,192,gf_mul,1,3927,0x2bf8b731
10,B-A,2,reference,192,gf_mul,2,3927,0x2bf8b731
10,B-A,2,reference,192,gf_mul,3,3926,0x2bf8b731
10,B-A,2,reference,192,gf_mul,4,3926,0x2bf8b731
10,B-A,2,reference,192,gf_mul,5,3926,0x2bf8b731
10,B-A,2,reference,192,gf_mul,6,3926,0x2bf8b731
10,B-A,2,reference,192,gf_mul,7,3926,0x2bf8b731
10,B-A,2,reference,192,gf_mul,8,3926,0x2bf8b731
10,B-A,2,reference,192,gf_mul,9,3926,0x2bf8b731
10,B-A,2,reference,192,gf_mul,10,3926,0x2bf8b731
10,B-A,2,reference,192,gf_mul,11,3926,0x2bf8b731
10,B-A,2,reference,192,gf_mul,12,3926,0x2bf8b731
10,B-A,2,reference,192,gf_mul,13,3926,0x2bf8b731
10,B-A,2,reference,192,gf_mul,14,3926,0x2bf8b731
10,B-A,2,reference,192,gf_mul,15,3926,0x2bf8b731
10,B-A,2,reference,192,gf_mul,16,3926,0x2bf8b731
10,B-A,2,reference,192,gf_mul,17,3926,0x2bf8b731
10,B-A,2,reference,192,gf_mul,18,3926,0x2bf8b731
10,B-A,2,reference,192,gf_mul,19,3926,0x2bf8b731
10,B-A,2,reference,192,gf_mul,20,3926,0x2bf8b731
10,B-A,2,reference,192,gf_mul,21,3926,0x2bf8b731
10,B-A,2,reference,192,gf_mul,22,3926,0x2bf8b731
10,B-A,2,reference,192,gf_mul,23,3926,0x2bf8b731
10,B-A,2,reference,192,gf_mul,24,3926,0x2bf8b731
10,B-A,2,reference,192,gf_mul,25,3926,0x2bf8b731
10,B-A,2,reference,192,gf_mul,26,3926,0x2bf8b731
10,B-A,2,reference,192,gf_mul,27,3926,0x2bf8b731
10,B-A,2,reference,192,gf_mul,28,3926,0x2bf8b731
10,B-A,2,reference,192,gf_mul,29,3926,0x2bf8b731
10,B-A,2,reference,192,gf_mul,30,3926,0x2bf8b731
10,B-A,2,reference,192,gf_mul,31,3926,0x2bf8b731
10,B-A,2,reference,192,gf_mul,32,3926,0x2bf8b731
10,B-A,2,reference,192,gf_mul,33,3926,0x2bf8b731
10,B-A,2,reference,192,gf_mul,34,3926,0x2bf8b731
10,B-A,2,reference,192,gf_mul,35,3926,0x2bf8b731
10,B-A,2,reference,192,gf_mul,36,3926,0x2bf8b731
10,B-A,2,reference,192,gf_mul,37,3926,0x2bf8b731
10,B-A,2,reference,192,gf_mul,38,3926,0x2bf8b731
10,B-A,2,reference,192,gf_mul,39,3926,0x2bf8b731
10,B-A,2,reference,192,gf_mul,40,3926,0x2bf8b731
10,B-A,2,reference,192,gf_mul,41,3926,0x2bf8b731
10,B-A,2,reference,192,gf_mul,42,3926,0x2bf8b731
10,B-A,2,reference,192,gf_mul,43,3926,0x2bf8b731
10,B-A,2,reference,192,gf_mul,44,3926,0x2bf8b731
10,B-A,2,reference,192,gf_mul,45,3926,0x2bf8b731
10,B-A,2,reference,192,gf_mul,46,3926,0x2bf8b731
10,B-A,2,reference,192,gf_mul,47,3926,0x2bf8b731
10,B-A,2,reference,192,gf_mul,48,3926,0x2bf8b731
10,B-A,2,reference,192,gf_mul,49,3926,0x2bf8b731
10,B-A,2,reference,192,gf_sqr,0,144,0x2bf8b731
10,B-A,2,reference,192,gf_sqr,1,144,0x2bf8b731
10,B-A,2,reference,192,gf_sqr,2,143,0x2bf8b731
10,B-A,2,reference,192,gf_sqr,3,144,0x2bf8b731
10,B-A,2,reference,192,gf_sqr,4,144,0x2bf8b731
10,B-A,2,reference,192,gf_sqr,5,144,0x2bf8b731
10,B-A,2,reference,192,gf_sqr,6,144,0x2bf8b731
10,B-A,2,reference,192,gf_sqr,7,144,0x2bf8b731
10,B-A,2,reference,192,gf_sqr,8,144,0x2bf8b731
10,B-A,2,reference,192,gf_sqr,9,144,0x2bf8b731
10,B-A,2,reference,192,gf_sqr,10,144,0x2bf8b731
10,B-A,2,reference,192,gf_sqr,11,144,0x2bf8b731
10,B-A,2,reference,192,gf_sqr,12,144,0x2bf8b731
10,B-A,2,reference,192,gf_sqr,13,144,0x2bf8b731
10,B-A,2,reference,192,gf_sqr,14,144,0x2bf8b731
10,B-A,2,reference,192,gf_sqr,15,144,0x2bf8b731
10,B-A,2,reference,192,gf_sqr,16,144,0x2bf8b731
10,B-A,2,reference,192,gf_sqr,17,144,0x2bf8b731
10,B-A,2,reference,192,gf_sqr,18,144,0x2bf8b731
10,B-A,2,reference,192,gf_sqr,19,144,0x2bf8b731
10,B-A,2,reference,192,gf_sqr,20,144,0x2bf8b731
10,B-A,2,reference,192,gf_sqr,21,144,0x2bf8b731
10,B-A,2,reference,192,gf_sqr,22,144,0x2bf8b731
10,B-A,2,reference,192,gf_sqr,23,144,0x2bf8b731
10,B-A,2,reference,192,gf_sqr,24,144,0x2bf8b731
10,B-A,2,reference,192,gf_sqr,25,144,0x2bf8b731
10,B-A,2,reference,192,gf_sqr,26,144,0x2bf8b731
10,B-A,2,reference,192,gf_sqr,27,144,0x2bf8b731
10,B-A,2,reference,192,gf_sqr,28,144,0x2bf8b731
10,B-A,2,reference,192,gf_sqr,29,144,0x2bf8b731
10,B-A,2,reference,192,gf_sqr,30,144,0x2bf8b731
10,B-A,2,reference,192,gf_sqr,31,144,0x2bf8b731
10,B-A,2,reference,192,gf_sqr,32,144,0x2bf8b731
10,B-A,2,reference,192,gf_sqr,33,144,0x2bf8b731
10,B-A,2,reference,192,gf_sqr,34,144,0x2bf8b731
10,B-A,2,reference,192,gf_sqr,35,144,0x2bf8b731
10,B-A,2,reference,192,gf_sqr,36,144,0x2bf8b731
10,B-A,2,reference,192,gf_sqr,37,144,0x2bf8b731
10,B-A,2,reference,192,gf_sqr,38,144,0x2bf8b731
10,B-A,2,reference,192,gf_sqr,39,144,0x2bf8b731
10,B-A,2,reference,192,gf_sqr,40,144,0x2bf8b731
10,B-A,2,reference,192,gf_sqr,41,144,0x2bf8b731
10,B-A,2,reference,192,gf_sqr,42,144,0x2bf8b731
10,B-A,2,reference,192,gf_sqr,43,144,0x2bf8b731
10,B-A,2,reference,192,gf_sqr,44,144,0x2bf8b731
10,B-A,2,reference,192,gf_sqr,45,144,0x2bf8b731
10,B-A,2,reference,192,gf_sqr,46,144,0x2bf8b731
10,B-A,2,reference,192,gf_sqr,47,144,0x2bf8b731
10,B-A,2,reference,192,gf_sqr,48,144,0x2bf8b731
10,B-A,2,reference,192,gf_sqr,49,144,0x2bf8b731
10,B-A,1,optimized,256,gf_mul,0,5942,0x283807e5
10,B-A,1,optimized,256,gf_mul,1,5940,0x283807e5
10,B-A,1,optimized,256,gf_mul,2,5941,0x283807e5
10,B-A,1,optimized,256,gf_mul,3,5940,0x283807e5
10,B-A,1,optimized,256,gf_mul,4,5940,0x283807e5
10,B-A,1,optimized,256,gf_mul,5,5940,0x283807e5
10,B-A,1,optimized,256,gf_mul,6,5940,0x283807e5
10,B-A,1,optimized,256,gf_mul,7,5940,0x283807e5
10,B-A,1,optimized,256,gf_mul,8,5940,0x283807e5
10,B-A,1,optimized,256,gf_mul,9,5940,0x283807e5
10,B-A,1,optimized,256,gf_mul,10,5940,0x283807e5
10,B-A,1,optimized,256,gf_mul,11,5940,0x283807e5
10,B-A,1,optimized,256,gf_mul,12,5940,0x283807e5
10,B-A,1,optimized,256,gf_mul,13,5940,0x283807e5
10,B-A,1,optimized,256,gf_mul,14,5940,0x283807e5
10,B-A,1,optimized,256,gf_mul,15,5940,0x283807e5
10,B-A,1,optimized,256,gf_mul,16,5940,0x283807e5
10,B-A,1,optimized,256,gf_mul,17,5940,0x283807e5
10,B-A,1,optimized,256,gf_mul,18,5940,0x283807e5
10,B-A,1,optimized,256,gf_mul,19,5940,0x283807e5
10,B-A,1,optimized,256,gf_mul,20,5940,0x283807e5
10,B-A,1,optimized,256,gf_mul,21,5940,0x283807e5
10,B-A,1,optimized,256,gf_mul,22,5940,0x283807e5
10,B-A,1,optimized,256,gf_mul,23,5940,0x283807e5
10,B-A,1,optimized,256,gf_mul,24,5940,0x283807e5
10,B-A,1,optimized,256,gf_mul,25,5940,0x283807e5
10,B-A,1,optimized,256,gf_mul,26,5940,0x283807e5
10,B-A,1,optimized,256,gf_mul,27,5940,0x283807e5
10,B-A,1,optimized,256,gf_mul,28,5940,0x283807e5
10,B-A,1,optimized,256,gf_mul,29,5940,0x283807e5
10,B-A,1,optimized,256,gf_mul,30,5940,0x283807e5
10,B-A,1,optimized,256,gf_mul,31,5940,0x283807e5
10,B-A,1,optimized,256,gf_mul,32,5940,0x283807e5
10,B-A,1,optimized,256,gf_mul,33,5940,0x283807e5
10,B-A,1,optimized,256,gf_mul,34,5940,0x283807e5
10,B-A,1,optimized,256,gf_mul,35,5940,0x283807e5
10,B-A,1,optimized,256,gf_mul,36,5940,0x283807e5
10,B-A,1,optimized,256,gf_mul,37,5940,0x283807e5
10,B-A,1,optimized,256,gf_mul,38,5940,0x283807e5
10,B-A,1,optimized,256,gf_mul,39,5940,0x283807e5
10,B-A,1,optimized,256,gf_mul,40,5940,0x283807e5
10,B-A,1,optimized,256,gf_mul,41,5940,0x283807e5
10,B-A,1,optimized,256,gf_mul,42,5940,0x283807e5
10,B-A,1,optimized,256,gf_mul,43,5940,0x283807e5
10,B-A,1,optimized,256,gf_mul,44,5940,0x283807e5
10,B-A,1,optimized,256,gf_mul,45,5940,0x283807e5
10,B-A,1,optimized,256,gf_mul,46,5940,0x283807e5
10,B-A,1,optimized,256,gf_mul,47,5940,0x283807e5
10,B-A,1,optimized,256,gf_mul,48,5940,0x283807e5
10,B-A,1,optimized,256,gf_mul,49,5940,0x283807e5
10,B-A,1,optimized,256,gf_sqr,0,202,0x283807e5
10,B-A,1,optimized,256,gf_sqr,1,200,0x283807e5
10,B-A,1,optimized,256,gf_sqr,2,201,0x283807e5
10,B-A,1,optimized,256,gf_sqr,3,200,0x283807e5
10,B-A,1,optimized,256,gf_sqr,4,200,0x283807e5
10,B-A,1,optimized,256,gf_sqr,5,200,0x283807e5
10,B-A,1,optimized,256,gf_sqr,6,200,0x283807e5
10,B-A,1,optimized,256,gf_sqr,7,200,0x283807e5
10,B-A,1,optimized,256,gf_sqr,8,200,0x283807e5
10,B-A,1,optimized,256,gf_sqr,9,200,0x283807e5
10,B-A,1,optimized,256,gf_sqr,10,200,0x283807e5
10,B-A,1,optimized,256,gf_sqr,11,200,0x283807e5
10,B-A,1,optimized,256,gf_sqr,12,200,0x283807e5
10,B-A,1,optimized,256,gf_sqr,13,200,0x283807e5
10,B-A,1,optimized,256,gf_sqr,14,200,0x283807e5
10,B-A,1,optimized,256,gf_sqr,15,200,0x283807e5
10,B-A,1,optimized,256,gf_sqr,16,200,0x283807e5
10,B-A,1,optimized,256,gf_sqr,17,200,0x283807e5
10,B-A,1,optimized,256,gf_sqr,18,200,0x283807e5
10,B-A,1,optimized,256,gf_sqr,19,200,0x283807e5
10,B-A,1,optimized,256,gf_sqr,20,200,0x283807e5
10,B-A,1,optimized,256,gf_sqr,21,200,0x283807e5
10,B-A,1,optimized,256,gf_sqr,22,200,0x283807e5
10,B-A,1,optimized,256,gf_sqr,23,200,0x283807e5
10,B-A,1,optimized,256,gf_sqr,24,200,0x283807e5
10,B-A,1,optimized,256,gf_sqr,25,200,0x283807e5
10,B-A,1,optimized,256,gf_sqr,26,200,0x283807e5
10,B-A,1,optimized,256,gf_sqr,27,200,0x283807e5
10,B-A,1,optimized,256,gf_sqr,28,200,0x283807e5
10,B-A,1,optimized,256,gf_sqr,29,200,0x283807e5
10,B-A,1,optimized,256,gf_sqr,30,200,0x283807e5
10,B-A,1,optimized,256,gf_sqr,31,200,0x283807e5
10,B-A,1,optimized,256,gf_sqr,32,200,0x283807e5
10,B-A,1,optimized,256,gf_sqr,33,200,0x283807e5
10,B-A,1,optimized,256,gf_sqr,34,200,0x283807e5
10,B-A,1,optimized,256,gf_sqr,35,200,0x283807e5
10,B-A,1,optimized,256,gf_sqr,36,200,0x283807e5
10,B-A,1,optimized,256,gf_sqr,37,200,0x283807e5
10,B-A,1,optimized,256,gf_sqr,38,200,0x283807e5
10,B-A,1,optimized,256,gf_sqr,39,200,0x283807e5
10,B-A,1,optimized,256,gf_sqr,40,200,0x283807e5
10,B-A,1,optimized,256,gf_sqr,41,200,0x283807e5
10,B-A,1,optimized,256,gf_sqr,42,200,0x283807e5
10,B-A,1,optimized,256,gf_sqr,43,200,0x283807e5
10,B-A,1,optimized,256,gf_sqr,44,200,0x283807e5
10,B-A,1,optimized,256,gf_sqr,45,200,0x283807e5
10,B-A,1,optimized,256,gf_sqr,46,200,0x283807e5
10,B-A,1,optimized,256,gf_sqr,47,200,0x283807e5
10,B-A,1,optimized,256,gf_sqr,48,200,0x283807e5
10,B-A,1,optimized,256,gf_sqr,49,200,0x283807e5
10,B-A,2,reference,256,gf_mul,0,5933,0x283807e5
10,B-A,2,reference,256,gf_mul,1,5932,0x283807e5
10,B-A,2,reference,256,gf_mul,2,5932,0x283807e5
10,B-A,2,reference,256,gf_mul,3,5931,0x283807e5
10,B-A,2,reference,256,gf_mul,4,5931,0x283807e5
10,B-A,2,reference,256,gf_mul,5,5931,0x283807e5
10,B-A,2,reference,256,gf_mul,6,5931,0x283807e5
10,B-A,2,reference,256,gf_mul,7,5931,0x283807e5
10,B-A,2,reference,256,gf_mul,8,5931,0x283807e5
10,B-A,2,reference,256,gf_mul,9,5931,0x283807e5
10,B-A,2,reference,256,gf_mul,10,5931,0x283807e5
10,B-A,2,reference,256,gf_mul,11,5931,0x283807e5
10,B-A,2,reference,256,gf_mul,12,5931,0x283807e5
10,B-A,2,reference,256,gf_mul,13,5931,0x283807e5
10,B-A,2,reference,256,gf_mul,14,5931,0x283807e5
10,B-A,2,reference,256,gf_mul,15,5931,0x283807e5
10,B-A,2,reference,256,gf_mul,16,5931,0x283807e5
10,B-A,2,reference,256,gf_mul,17,5931,0x283807e5
10,B-A,2,reference,256,gf_mul,18,5931,0x283807e5
10,B-A,2,reference,256,gf_mul,19,5931,0x283807e5
10,B-A,2,reference,256,gf_mul,20,5931,0x283807e5
10,B-A,2,reference,256,gf_mul,21,5931,0x283807e5
10,B-A,2,reference,256,gf_mul,22,5931,0x283807e5
10,B-A,2,reference,256,gf_mul,23,5931,0x283807e5
10,B-A,2,reference,256,gf_mul,24,5931,0x283807e5
10,B-A,2,reference,256,gf_mul,25,5931,0x283807e5
10,B-A,2,reference,256,gf_mul,26,5931,0x283807e5
10,B-A,2,reference,256,gf_mul,27,5931,0x283807e5
10,B-A,2,reference,256,gf_mul,28,5931,0x283807e5
10,B-A,2,reference,256,gf_mul,29,5931,0x283807e5
10,B-A,2,reference,256,gf_mul,30,5931,0x283807e5
10,B-A,2,reference,256,gf_mul,31,5931,0x283807e5
10,B-A,2,reference,256,gf_mul,32,5931,0x283807e5
10,B-A,2,reference,256,gf_mul,33,5931,0x283807e5
10,B-A,2,reference,256,gf_mul,34,5931,0x283807e5
10,B-A,2,reference,256,gf_mul,35,5931,0x283807e5
10,B-A,2,reference,256,gf_mul,36,5931,0x283807e5
10,B-A,2,reference,256,gf_mul,37,5931,0x283807e5
10,B-A,2,reference,256,gf_mul,38,5931,0x283807e5
10,B-A,2,reference,256,gf_mul,39,5931,0x283807e5
10,B-A,2,reference,256,gf_mul,40,5931,0x283807e5
10,B-A,2,reference,256,gf_mul,41,5931,0x283807e5
10,B-A,2,reference,256,gf_mul,42,5931,0x283807e5
10,B-A,2,reference,256,gf_mul,43,5931,0x283807e5
10,B-A,2,reference,256,gf_mul,44,5931,0x283807e5
10,B-A,2,reference,256,gf_mul,45,5931,0x283807e5
10,B-A,2,reference,256,gf_mul,46,5931,0x283807e5
10,B-A,2,reference,256,gf_mul,47,5931,0x283807e5
10,B-A,2,reference,256,gf_mul,48,5931,0x283807e5
10,B-A,2,reference,256,gf_mul,49,5931,0x283807e5
10,B-A,2,reference,256,gf_sqr,0,203,0x283807e5
10,B-A,2,reference,256,gf_sqr,1,202,0x283807e5
10,B-A,2,reference,256,gf_sqr,2,203,0x283807e5
10,B-A,2,reference,256,gf_sqr,3,202,0x283807e5
10,B-A,2,reference,256,gf_sqr,4,202,0x283807e5
10,B-A,2,reference,256,gf_sqr,5,202,0x283807e5
10,B-A,2,reference,256,gf_sqr,6,202,0x283807e5
10,B-A,2,reference,256,gf_sqr,7,202,0x283807e5
10,B-A,2,reference,256,gf_sqr,8,202,0x283807e5
10,B-A,2,reference,256,gf_sqr,9,202,0x283807e5
10,B-A,2,reference,256,gf_sqr,10,202,0x283807e5
10,B-A,2,reference,256,gf_sqr,11,202,0x283807e5
10,B-A,2,reference,256,gf_sqr,12,202,0x283807e5
10,B-A,2,reference,256,gf_sqr,13,202,0x283807e5
10,B-A,2,reference,256,gf_sqr,14,202,0x283807e5
10,B-A,2,reference,256,gf_sqr,15,202,0x283807e5
10,B-A,2,reference,256,gf_sqr,16,202,0x283807e5
10,B-A,2,reference,256,gf_sqr,17,202,0x283807e5
10,B-A,2,reference,256,gf_sqr,18,202,0x283807e5
10,B-A,2,reference,256,gf_sqr,19,202,0x283807e5
10,B-A,2,reference,256,gf_sqr,20,202,0x283807e5
10,B-A,2,reference,256,gf_sqr,21,202,0x283807e5
10,B-A,2,reference,256,gf_sqr,22,202,0x283807e5
10,B-A,2,reference,256,gf_sqr,23,202,0x283807e5
10,B-A,2,reference,256,gf_sqr,24,202,0x283807e5
10,B-A,2,reference,256,gf_sqr,25,202,0x283807e5
10,B-A,2,reference,256,gf_sqr,26,202,0x283807e5
10,B-A,2,reference,256,gf_sqr,27,202,0x283807e5
10,B-A,2,reference,256,gf_sqr,28,202,0x283807e5
10,B-A,2,reference,256,gf_sqr,29,202,0x283807e5
10,B-A,2,reference,256,gf_sqr,30,202,0x283807e5
10,B-A,2,reference,256,gf_sqr,31,202,0x283807e5
10,B-A,2,reference,256,gf_sqr,32,202,0x283807e5
10,B-A,2,reference,256,gf_sqr,33,202,0x283807e5
10,B-A,2,reference,256,gf_sqr,34,202,0x283807e5
10,B-A,2,reference,256,gf_sqr,35,202,0x283807e5
10,B-A,2,reference,256,gf_sqr,36,202,0x283807e5
10,B-A,2,reference,256,gf_sqr,37,202,0x283807e5
10,B-A,2,reference,256,gf_sqr,38,202,0x283807e5
10,B-A,2,reference,256,gf_sqr,39,202,0x283807e5
10,B-A,2,reference,256,gf_sqr,40,202,0x283807e5
10,B-A,2,reference,256,gf_sqr,41,202,0x283807e5
10,B-A,2,reference,256,gf_sqr,42,202,0x283807e5
10,B-A,2,reference,256,gf_sqr,43,202,0x283807e5
10,B-A,2,reference,256,gf_sqr,44,202,0x283807e5
10,B-A,2,reference,256,gf_sqr,45,202,0x283807e5
10,B-A,2,reference,256,gf_sqr,46,202,0x283807e5
10,B-A,2,reference,256,gf_sqr,47,202,0x283807e5
10,B-A,2,reference,256,gf_sqr,48,202,0x283807e5
10,B-A,2,reference,256,gf_sqr,49,202,0x283807e5
11,A-B,1,reference,128,gf_mul,0,1969,0x54cada71
11,A-B,1,reference,128,gf_mul,1,1965,0x54cada71
11,A-B,1,reference,128,gf_mul,2,1965,0x54cada71
11,A-B,1,reference,128,gf_mul,3,1964,0x54cada71
11,A-B,1,reference,128,gf_mul,4,1964,0x54cada71
11,A-B,1,reference,128,gf_mul,5,1964,0x54cada71
11,A-B,1,reference,128,gf_mul,6,1964,0x54cada71
11,A-B,1,reference,128,gf_mul,7,1964,0x54cada71
11,A-B,1,reference,128,gf_mul,8,1964,0x54cada71
11,A-B,1,reference,128,gf_mul,9,1964,0x54cada71
11,A-B,1,reference,128,gf_mul,10,1964,0x54cada71
11,A-B,1,reference,128,gf_mul,11,1964,0x54cada71
11,A-B,1,reference,128,gf_mul,12,1964,0x54cada71
11,A-B,1,reference,128,gf_mul,13,1964,0x54cada71
11,A-B,1,reference,128,gf_mul,14,1964,0x54cada71
11,A-B,1,reference,128,gf_mul,15,1964,0x54cada71
11,A-B,1,reference,128,gf_mul,16,1964,0x54cada71
11,A-B,1,reference,128,gf_mul,17,1964,0x54cada71
11,A-B,1,reference,128,gf_mul,18,1964,0x54cada71
11,A-B,1,reference,128,gf_mul,19,1964,0x54cada71
11,A-B,1,reference,128,gf_mul,20,1964,0x54cada71
11,A-B,1,reference,128,gf_mul,21,1964,0x54cada71
11,A-B,1,reference,128,gf_mul,22,1964,0x54cada71
11,A-B,1,reference,128,gf_mul,23,1964,0x54cada71
11,A-B,1,reference,128,gf_mul,24,1964,0x54cada71
11,A-B,1,reference,128,gf_mul,25,1964,0x54cada71
11,A-B,1,reference,128,gf_mul,26,1964,0x54cada71
11,A-B,1,reference,128,gf_mul,27,1964,0x54cada71
11,A-B,1,reference,128,gf_mul,28,1964,0x54cada71
11,A-B,1,reference,128,gf_mul,29,1964,0x54cada71
11,A-B,1,reference,128,gf_mul,30,1964,0x54cada71
11,A-B,1,reference,128,gf_mul,31,1964,0x54cada71
11,A-B,1,reference,128,gf_mul,32,1964,0x54cada71
11,A-B,1,reference,128,gf_mul,33,1964,0x54cada71
11,A-B,1,reference,128,gf_mul,34,1964,0x54cada71
11,A-B,1,reference,128,gf_mul,35,1964,0x54cada71
11,A-B,1,reference,128,gf_mul,36,1964,0x54cada71
11,A-B,1,reference,128,gf_mul,37,1964,0x54cada71
11,A-B,1,reference,128,gf_mul,38,1964,0x54cada71
11,A-B,1,reference,128,gf_mul,39,1964,0x54cada71
11,A-B,1,reference,128,gf_mul,40,1964,0x54cada71
11,A-B,1,reference,128,gf_mul,41,1964,0x54cada71
11,A-B,1,reference,128,gf_mul,42,1964,0x54cada71
11,A-B,1,reference,128,gf_mul,43,1964,0x54cada71
11,A-B,1,reference,128,gf_mul,44,1964,0x54cada71
11,A-B,1,reference,128,gf_mul,45,1964,0x54cada71
11,A-B,1,reference,128,gf_mul,46,1964,0x54cada71
11,A-B,1,reference,128,gf_mul,47,1964,0x54cada71
11,A-B,1,reference,128,gf_mul,48,1964,0x54cada71
11,A-B,1,reference,128,gf_mul,49,1964,0x54cada71
11,A-B,1,reference,128,gf_sqr,0,107,0x54cada71
11,A-B,1,reference,128,gf_sqr,1,103,0x54cada71
11,A-B,1,reference,128,gf_sqr,2,103,0x54cada71
11,A-B,1,reference,128,gf_sqr,3,102,0x54cada71
11,A-B,1,reference,128,gf_sqr,4,102,0x54cada71
11,A-B,1,reference,128,gf_sqr,5,102,0x54cada71
11,A-B,1,reference,128,gf_sqr,6,102,0x54cada71
11,A-B,1,reference,128,gf_sqr,7,102,0x54cada71
11,A-B,1,reference,128,gf_sqr,8,102,0x54cada71
11,A-B,1,reference,128,gf_sqr,9,102,0x54cada71
11,A-B,1,reference,128,gf_sqr,10,102,0x54cada71
11,A-B,1,reference,128,gf_sqr,11,102,0x54cada71
11,A-B,1,reference,128,gf_sqr,12,102,0x54cada71
11,A-B,1,reference,128,gf_sqr,13,102,0x54cada71
11,A-B,1,reference,128,gf_sqr,14,102,0x54cada71
11,A-B,1,reference,128,gf_sqr,15,102,0x54cada71
11,A-B,1,reference,128,gf_sqr,16,102,0x54cada71
11,A-B,1,reference,128,gf_sqr,17,102,0x54cada71
11,A-B,1,reference,128,gf_sqr,18,102,0x54cada71
11,A-B,1,reference,128,gf_sqr,19,102,0x54cada71
11,A-B,1,reference,128,gf_sqr,20,102,0x54cada71
11,A-B,1,reference,128,gf_sqr,21,102,0x54cada71
11,A-B,1,reference,128,gf_sqr,22,102,0x54cada71
11,A-B,1,reference,128,gf_sqr,23,102,0x54cada71
11,A-B,1,reference,128,gf_sqr,24,102,0x54cada71
11,A-B,1,reference,128,gf_sqr,25,102,0x54cada71
11,A-B,1,reference,128,gf_sqr,26,102,0x54cada71
11,A-B,1,reference,128,gf_sqr,27,102,0x54cada71
11,A-B,1,reference,128,gf_sqr,28,102,0x54cada71
11,A-B,1,reference,128,gf_sqr,29,102,0x54cada71
11,A-B,1,reference,128,gf_sqr,30,102,0x54cada71
11,A-B,1,reference,128,gf_sqr,31,102,0x54cada71
11,A-B,1,reference,128,gf_sqr,32,102,0x54cada71
11,A-B,1,reference,128,gf_sqr,33,102,0x54cada71
11,A-B,1,reference,128,gf_sqr,34,102,0x54cada71
11,A-B,1,reference,128,gf_sqr,35,102,0x54cada71
11,A-B,1,reference,128,gf_sqr,36,102,0x54cada71
11,A-B,1,reference,128,gf_sqr,37,102,0x54cada71
11,A-B,1,reference,128,gf_sqr,38,102,0x54cada71
11,A-B,1,reference,128,gf_sqr,39,102,0x54cada71
11,A-B,1,reference,128,gf_sqr,40,102,0x54cada71
11,A-B,1,reference,128,gf_sqr,41,102,0x54cada71
11,A-B,1,reference,128,gf_sqr,42,102,0x54cada71
11,A-B,1,reference,128,gf_sqr,43,102,0x54cada71
11,A-B,1,reference,128,gf_sqr,44,102,0x54cada71
11,A-B,1,reference,128,gf_sqr,45,102,0x54cada71
11,A-B,1,reference,128,gf_sqr,46,102,0x54cada71
11,A-B,1,reference,128,gf_sqr,47,102,0x54cada71
11,A-B,1,reference,128,gf_sqr,48,102,0x54cada71
11,A-B,1,reference,128,gf_sqr,49,102,0x54cada71
11,A-B,2,optimized,128,gf_mul,0,1969,0x54cada71
11,A-B,2,optimized,128,gf_mul,1,1968,0x54cada71
11,A-B,2,optimized,128,gf_mul,2,1968,0x54cada71
11,A-B,2,optimized,128,gf_mul,3,1967,0x54cada71
11,A-B,2,optimized,128,gf_mul,4,1967,0x54cada71
11,A-B,2,optimized,128,gf_mul,5,1967,0x54cada71
11,A-B,2,optimized,128,gf_mul,6,1967,0x54cada71
11,A-B,2,optimized,128,gf_mul,7,1967,0x54cada71
11,A-B,2,optimized,128,gf_mul,8,1967,0x54cada71
11,A-B,2,optimized,128,gf_mul,9,1967,0x54cada71
11,A-B,2,optimized,128,gf_mul,10,1967,0x54cada71
11,A-B,2,optimized,128,gf_mul,11,1967,0x54cada71
11,A-B,2,optimized,128,gf_mul,12,1967,0x54cada71
11,A-B,2,optimized,128,gf_mul,13,1967,0x54cada71
11,A-B,2,optimized,128,gf_mul,14,1967,0x54cada71
11,A-B,2,optimized,128,gf_mul,15,1967,0x54cada71
11,A-B,2,optimized,128,gf_mul,16,1967,0x54cada71
11,A-B,2,optimized,128,gf_mul,17,1967,0x54cada71
11,A-B,2,optimized,128,gf_mul,18,1967,0x54cada71
11,A-B,2,optimized,128,gf_mul,19,1967,0x54cada71
11,A-B,2,optimized,128,gf_mul,20,1967,0x54cada71
11,A-B,2,optimized,128,gf_mul,21,1967,0x54cada71
11,A-B,2,optimized,128,gf_mul,22,1967,0x54cada71
11,A-B,2,optimized,128,gf_mul,23,1967,0x54cada71
11,A-B,2,optimized,128,gf_mul,24,1967,0x54cada71
11,A-B,2,optimized,128,gf_mul,25,1967,0x54cada71
11,A-B,2,optimized,128,gf_mul,26,1967,0x54cada71
11,A-B,2,optimized,128,gf_mul,27,1967,0x54cada71
11,A-B,2,optimized,128,gf_mul,28,1967,0x54cada71
11,A-B,2,optimized,128,gf_mul,29,1967,0x54cada71
11,A-B,2,optimized,128,gf_mul,30,1967,0x54cada71
11,A-B,2,optimized,128,gf_mul,31,1967,0x54cada71
11,A-B,2,optimized,128,gf_mul,32,1967,0x54cada71
11,A-B,2,optimized,128,gf_mul,33,1967,0x54cada71
11,A-B,2,optimized,128,gf_mul,34,1967,0x54cada71
11,A-B,2,optimized,128,gf_mul,35,1967,0x54cada71
11,A-B,2,optimized,128,gf_mul,36,1967,0x54cada71
11,A-B,2,optimized,128,gf_mul,37,1967,0x54cada71
11,A-B,2,optimized,128,gf_mul,38,1967,0x54cada71
11,A-B,2,optimized,128,gf_mul,39,1967,0x54cada71
11,A-B,2,optimized,128,gf_mul,40,1967,0x54cada71
11,A-B,2,optimized,128,gf_mul,41,1967,0x54cada71
11,A-B,2,optimized,128,gf_mul,42,1967,0x54cada71
11,A-B,2,optimized,128,gf_mul,43,1967,0x54cada71
11,A-B,2,optimized,128,gf_mul,44,1967,0x54cada71
11,A-B,2,optimized,128,gf_mul,45,1967,0x54cada71
11,A-B,2,optimized,128,gf_mul,46,1967,0x54cada71
11,A-B,2,optimized,128,gf_mul,47,1967,0x54cada71
11,A-B,2,optimized,128,gf_mul,48,1967,0x54cada71
11,A-B,2,optimized,128,gf_mul,49,1967,0x54cada71
11,A-B,2,optimized,128,gf_sqr,0,107,0x54cada71
11,A-B,2,optimized,128,gf_sqr,1,107,0x54cada71
11,A-B,2,optimized,128,gf_sqr,2,107,0x54cada71
11,A-B,2,optimized,128,gf_sqr,3,106,0x54cada71
11,A-B,2,optimized,128,gf_sqr,4,106,0x54cada71
11,A-B,2,optimized,128,gf_sqr,5,106,0x54cada71
11,A-B,2,optimized,128,gf_sqr,6,106,0x54cada71
11,A-B,2,optimized,128,gf_sqr,7,106,0x54cada71
11,A-B,2,optimized,128,gf_sqr,8,106,0x54cada71
11,A-B,2,optimized,128,gf_sqr,9,106,0x54cada71
11,A-B,2,optimized,128,gf_sqr,10,106,0x54cada71
11,A-B,2,optimized,128,gf_sqr,11,106,0x54cada71
11,A-B,2,optimized,128,gf_sqr,12,106,0x54cada71
11,A-B,2,optimized,128,gf_sqr,13,106,0x54cada71
11,A-B,2,optimized,128,gf_sqr,14,106,0x54cada71
11,A-B,2,optimized,128,gf_sqr,15,106,0x54cada71
11,A-B,2,optimized,128,gf_sqr,16,106,0x54cada71
11,A-B,2,optimized,128,gf_sqr,17,106,0x54cada71
11,A-B,2,optimized,128,gf_sqr,18,106,0x54cada71
11,A-B,2,optimized,128,gf_sqr,19,106,0x54cada71
11,A-B,2,optimized,128,gf_sqr,20,106,0x54cada71
11,A-B,2,optimized,128,gf_sqr,21,106,0x54cada71
11,A-B,2,optimized,128,gf_sqr,22,106,0x54cada71
11,A-B,2,optimized,128,gf_sqr,23,106,0x54cada71
11,A-B,2,optimized,128,gf_sqr,24,106,0x54cada71
11,A-B,2,optimized,128,gf_sqr,25,106,0x54cada71
11,A-B,2,optimized,128,gf_sqr,26,106,0x54cada71
11,A-B,2,optimized,128,gf_sqr,27,106,0x54cada71
11,A-B,2,optimized,128,gf_sqr,28,106,0x54cada71
11,A-B,2,optimized,128,gf_sqr,29,106,0x54cada71
11,A-B,2,optimized,128,gf_sqr,30,106,0x54cada71
11,A-B,2,optimized,128,gf_sqr,31,106,0x54cada71
11,A-B,2,optimized,128,gf_sqr,32,106,0x54cada71
11,A-B,2,optimized,128,gf_sqr,33,106,0x54cada71
11,A-B,2,optimized,128,gf_sqr,34,106,0x54cada71
11,A-B,2,optimized,128,gf_sqr,35,106,0x54cada71
11,A-B,2,optimized,128,gf_sqr,36,106,0x54cada71
11,A-B,2,optimized,128,gf_sqr,37,106,0x54cada71
11,A-B,2,optimized,128,gf_sqr,38,106,0x54cada71
11,A-B,2,optimized,128,gf_sqr,39,106,0x54cada71
11,A-B,2,optimized,128,gf_sqr,40,106,0x54cada71
11,A-B,2,optimized,128,gf_sqr,41,106,0x54cada71
11,A-B,2,optimized,128,gf_sqr,42,106,0x54cada71
11,A-B,2,optimized,128,gf_sqr,43,106,0x54cada71
11,A-B,2,optimized,128,gf_sqr,44,106,0x54cada71
11,A-B,2,optimized,128,gf_sqr,45,106,0x54cada71
11,A-B,2,optimized,128,gf_sqr,46,106,0x54cada71
11,A-B,2,optimized,128,gf_sqr,47,106,0x54cada71
11,A-B,2,optimized,128,gf_sqr,48,106,0x54cada71
11,A-B,2,optimized,128,gf_sqr,49,106,0x54cada71
11,A-B,1,reference,192,gf_mul,0,3927,0x2bf8b731
11,A-B,1,reference,192,gf_mul,1,3927,0x2bf8b731
11,A-B,1,reference,192,gf_mul,2,3927,0x2bf8b731
11,A-B,1,reference,192,gf_mul,3,3926,0x2bf8b731
11,A-B,1,reference,192,gf_mul,4,3926,0x2bf8b731
11,A-B,1,reference,192,gf_mul,5,3926,0x2bf8b731
11,A-B,1,reference,192,gf_mul,6,3926,0x2bf8b731
11,A-B,1,reference,192,gf_mul,7,3926,0x2bf8b731
11,A-B,1,reference,192,gf_mul,8,3926,0x2bf8b731
11,A-B,1,reference,192,gf_mul,9,3926,0x2bf8b731
11,A-B,1,reference,192,gf_mul,10,3926,0x2bf8b731
11,A-B,1,reference,192,gf_mul,11,3926,0x2bf8b731
11,A-B,1,reference,192,gf_mul,12,3926,0x2bf8b731
11,A-B,1,reference,192,gf_mul,13,3926,0x2bf8b731
11,A-B,1,reference,192,gf_mul,14,3926,0x2bf8b731
11,A-B,1,reference,192,gf_mul,15,3926,0x2bf8b731
11,A-B,1,reference,192,gf_mul,16,3926,0x2bf8b731
11,A-B,1,reference,192,gf_mul,17,3926,0x2bf8b731
11,A-B,1,reference,192,gf_mul,18,3926,0x2bf8b731
11,A-B,1,reference,192,gf_mul,19,3926,0x2bf8b731
11,A-B,1,reference,192,gf_mul,20,3926,0x2bf8b731
11,A-B,1,reference,192,gf_mul,21,3926,0x2bf8b731
11,A-B,1,reference,192,gf_mul,22,3926,0x2bf8b731
11,A-B,1,reference,192,gf_mul,23,3926,0x2bf8b731
11,A-B,1,reference,192,gf_mul,24,3926,0x2bf8b731
11,A-B,1,reference,192,gf_mul,25,3926,0x2bf8b731
11,A-B,1,reference,192,gf_mul,26,3926,0x2bf8b731
11,A-B,1,reference,192,gf_mul,27,3926,0x2bf8b731
11,A-B,1,reference,192,gf_mul,28,3926,0x2bf8b731
11,A-B,1,reference,192,gf_mul,29,3926,0x2bf8b731
11,A-B,1,reference,192,gf_mul,30,3926,0x2bf8b731
11,A-B,1,reference,192,gf_mul,31,3926,0x2bf8b731
11,A-B,1,reference,192,gf_mul,32,3926,0x2bf8b731
11,A-B,1,reference,192,gf_mul,33,3926,0x2bf8b731
11,A-B,1,reference,192,gf_mul,34,3926,0x2bf8b731
11,A-B,1,reference,192,gf_mul,35,3926,0x2bf8b731
11,A-B,1,reference,192,gf_mul,36,3926,0x2bf8b731
11,A-B,1,reference,192,gf_mul,37,3926,0x2bf8b731
11,A-B,1,reference,192,gf_mul,38,3926,0x2bf8b731
11,A-B,1,reference,192,gf_mul,39,3926,0x2bf8b731
11,A-B,1,reference,192,gf_mul,40,3926,0x2bf8b731
11,A-B,1,reference,192,gf_mul,41,3926,0x2bf8b731
11,A-B,1,reference,192,gf_mul,42,3926,0x2bf8b731
11,A-B,1,reference,192,gf_mul,43,3926,0x2bf8b731
11,A-B,1,reference,192,gf_mul,44,3926,0x2bf8b731
11,A-B,1,reference,192,gf_mul,45,3926,0x2bf8b731
11,A-B,1,reference,192,gf_mul,46,3926,0x2bf8b731
11,A-B,1,reference,192,gf_mul,47,3926,0x2bf8b731
11,A-B,1,reference,192,gf_mul,48,3926,0x2bf8b731
11,A-B,1,reference,192,gf_mul,49,3926,0x2bf8b731
11,A-B,1,reference,192,gf_sqr,0,144,0x2bf8b731
11,A-B,1,reference,192,gf_sqr,1,144,0x2bf8b731
11,A-B,1,reference,192,gf_sqr,2,143,0x2bf8b731
11,A-B,1,reference,192,gf_sqr,3,144,0x2bf8b731
11,A-B,1,reference,192,gf_sqr,4,144,0x2bf8b731
11,A-B,1,reference,192,gf_sqr,5,144,0x2bf8b731
11,A-B,1,reference,192,gf_sqr,6,144,0x2bf8b731
11,A-B,1,reference,192,gf_sqr,7,144,0x2bf8b731
11,A-B,1,reference,192,gf_sqr,8,144,0x2bf8b731
11,A-B,1,reference,192,gf_sqr,9,144,0x2bf8b731
11,A-B,1,reference,192,gf_sqr,10,144,0x2bf8b731
11,A-B,1,reference,192,gf_sqr,11,144,0x2bf8b731
11,A-B,1,reference,192,gf_sqr,12,144,0x2bf8b731
11,A-B,1,reference,192,gf_sqr,13,144,0x2bf8b731
11,A-B,1,reference,192,gf_sqr,14,144,0x2bf8b731
11,A-B,1,reference,192,gf_sqr,15,144,0x2bf8b731
11,A-B,1,reference,192,gf_sqr,16,144,0x2bf8b731
11,A-B,1,reference,192,gf_sqr,17,144,0x2bf8b731
11,A-B,1,reference,192,gf_sqr,18,144,0x2bf8b731
11,A-B,1,reference,192,gf_sqr,19,144,0x2bf8b731
11,A-B,1,reference,192,gf_sqr,20,144,0x2bf8b731
11,A-B,1,reference,192,gf_sqr,21,144,0x2bf8b731
11,A-B,1,reference,192,gf_sqr,22,144,0x2bf8b731
11,A-B,1,reference,192,gf_sqr,23,144,0x2bf8b731
11,A-B,1,reference,192,gf_sqr,24,144,0x2bf8b731
11,A-B,1,reference,192,gf_sqr,25,144,0x2bf8b731
11,A-B,1,reference,192,gf_sqr,26,144,0x2bf8b731
11,A-B,1,reference,192,gf_sqr,27,144,0x2bf8b731
11,A-B,1,reference,192,gf_sqr,28,144,0x2bf8b731
11,A-B,1,reference,192,gf_sqr,29,144,0x2bf8b731
11,A-B,1,reference,192,gf_sqr,30,144,0x2bf8b731
11,A-B,1,reference,192,gf_sqr,31,144,0x2bf8b731
11,A-B,1,reference,192,gf_sqr,32,144,0x2bf8b731
11,A-B,1,reference,192,gf_sqr,33,144,0x2bf8b731
11,A-B,1,reference,192,gf_sqr,34,144,0x2bf8b731
11,A-B,1,reference,192,gf_sqr,35,144,0x2bf8b731
11,A-B,1,reference,192,gf_sqr,36,144,0x2bf8b731
11,A-B,1,reference,192,gf_sqr,37,144,0x2bf8b731
11,A-B,1,reference,192,gf_sqr,38,144,0x2bf8b731
11,A-B,1,reference,192,gf_sqr,39,144,0x2bf8b731
11,A-B,1,reference,192,gf_sqr,40,144,0x2bf8b731
11,A-B,1,reference,192,gf_sqr,41,144,0x2bf8b731
11,A-B,1,reference,192,gf_sqr,42,144,0x2bf8b731
11,A-B,1,reference,192,gf_sqr,43,144,0x2bf8b731
11,A-B,1,reference,192,gf_sqr,44,144,0x2bf8b731
11,A-B,1,reference,192,gf_sqr,45,144,0x2bf8b731
11,A-B,1,reference,192,gf_sqr,46,144,0x2bf8b731
11,A-B,1,reference,192,gf_sqr,47,144,0x2bf8b731
11,A-B,1,reference,192,gf_sqr,48,144,0x2bf8b731
11,A-B,1,reference,192,gf_sqr,49,144,0x2bf8b731
11,A-B,2,optimized,192,gf_mul,0,3927,0x2bf8b731
11,A-B,2,optimized,192,gf_mul,1,3927,0x2bf8b731
11,A-B,2,optimized,192,gf_mul,2,3927,0x2bf8b731
11,A-B,2,optimized,192,gf_mul,3,3926,0x2bf8b731
11,A-B,2,optimized,192,gf_mul,4,3926,0x2bf8b731
11,A-B,2,optimized,192,gf_mul,5,3926,0x2bf8b731
11,A-B,2,optimized,192,gf_mul,6,3926,0x2bf8b731
11,A-B,2,optimized,192,gf_mul,7,3926,0x2bf8b731
11,A-B,2,optimized,192,gf_mul,8,3926,0x2bf8b731
11,A-B,2,optimized,192,gf_mul,9,3926,0x2bf8b731
11,A-B,2,optimized,192,gf_mul,10,3926,0x2bf8b731
11,A-B,2,optimized,192,gf_mul,11,3926,0x2bf8b731
11,A-B,2,optimized,192,gf_mul,12,3926,0x2bf8b731
11,A-B,2,optimized,192,gf_mul,13,3926,0x2bf8b731
11,A-B,2,optimized,192,gf_mul,14,3926,0x2bf8b731
11,A-B,2,optimized,192,gf_mul,15,3926,0x2bf8b731
11,A-B,2,optimized,192,gf_mul,16,3926,0x2bf8b731
11,A-B,2,optimized,192,gf_mul,17,3926,0x2bf8b731
11,A-B,2,optimized,192,gf_mul,18,3926,0x2bf8b731
11,A-B,2,optimized,192,gf_mul,19,3926,0x2bf8b731
11,A-B,2,optimized,192,gf_mul,20,3926,0x2bf8b731
11,A-B,2,optimized,192,gf_mul,21,3926,0x2bf8b731
11,A-B,2,optimized,192,gf_mul,22,3926,0x2bf8b731
11,A-B,2,optimized,192,gf_mul,23,3926,0x2bf8b731
11,A-B,2,optimized,192,gf_mul,24,3926,0x2bf8b731
11,A-B,2,optimized,192,gf_mul,25,3926,0x2bf8b731
11,A-B,2,optimized,192,gf_mul,26,3926,0x2bf8b731
11,A-B,2,optimized,192,gf_mul,27,3926,0x2bf8b731
11,A-B,2,optimized,192,gf_mul,28,3926,0x2bf8b731
11,A-B,2,optimized,192,gf_mul,29,3926,0x2bf8b731
11,A-B,2,optimized,192,gf_mul,30,3926,0x2bf8b731
11,A-B,2,optimized,192,gf_mul,31,3926,0x2bf8b731
11,A-B,2,optimized,192,gf_mul,32,3926,0x2bf8b731
11,A-B,2,optimized,192,gf_mul,33,3926,0x2bf8b731
11,A-B,2,optimized,192,gf_mul,34,3926,0x2bf8b731
11,A-B,2,optimized,192,gf_mul,35,3926,0x2bf8b731
11,A-B,2,optimized,192,gf_mul,36,3926,0x2bf8b731
11,A-B,2,optimized,192,gf_mul,37,3926,0x2bf8b731
11,A-B,2,optimized,192,gf_mul,38,3926,0x2bf8b731
11,A-B,2,optimized,192,gf_mul,39,3926,0x2bf8b731
11,A-B,2,optimized,192,gf_mul,40,3926,0x2bf8b731
11,A-B,2,optimized,192,gf_mul,41,3926,0x2bf8b731
11,A-B,2,optimized,192,gf_mul,42,3926,0x2bf8b731
11,A-B,2,optimized,192,gf_mul,43,3926,0x2bf8b731
11,A-B,2,optimized,192,gf_mul,44,3926,0x2bf8b731
11,A-B,2,optimized,192,gf_mul,45,3926,0x2bf8b731
11,A-B,2,optimized,192,gf_mul,46,3926,0x2bf8b731
11,A-B,2,optimized,192,gf_mul,47,3926,0x2bf8b731
11,A-B,2,optimized,192,gf_mul,48,3926,0x2bf8b731
11,A-B,2,optimized,192,gf_mul,49,3926,0x2bf8b731
11,A-B,2,optimized,192,gf_sqr,0,144,0x2bf8b731
11,A-B,2,optimized,192,gf_sqr,1,144,0x2bf8b731
11,A-B,2,optimized,192,gf_sqr,2,143,0x2bf8b731
11,A-B,2,optimized,192,gf_sqr,3,144,0x2bf8b731
11,A-B,2,optimized,192,gf_sqr,4,144,0x2bf8b731
11,A-B,2,optimized,192,gf_sqr,5,144,0x2bf8b731
11,A-B,2,optimized,192,gf_sqr,6,144,0x2bf8b731
11,A-B,2,optimized,192,gf_sqr,7,144,0x2bf8b731
11,A-B,2,optimized,192,gf_sqr,8,144,0x2bf8b731
11,A-B,2,optimized,192,gf_sqr,9,144,0x2bf8b731
11,A-B,2,optimized,192,gf_sqr,10,144,0x2bf8b731
11,A-B,2,optimized,192,gf_sqr,11,144,0x2bf8b731
11,A-B,2,optimized,192,gf_sqr,12,144,0x2bf8b731
11,A-B,2,optimized,192,gf_sqr,13,144,0x2bf8b731
11,A-B,2,optimized,192,gf_sqr,14,144,0x2bf8b731
11,A-B,2,optimized,192,gf_sqr,15,144,0x2bf8b731
11,A-B,2,optimized,192,gf_sqr,16,144,0x2bf8b731
11,A-B,2,optimized,192,gf_sqr,17,144,0x2bf8b731
11,A-B,2,optimized,192,gf_sqr,18,144,0x2bf8b731
11,A-B,2,optimized,192,gf_sqr,19,144,0x2bf8b731
11,A-B,2,optimized,192,gf_sqr,20,144,0x2bf8b731
11,A-B,2,optimized,192,gf_sqr,21,144,0x2bf8b731
11,A-B,2,optimized,192,gf_sqr,22,144,0x2bf8b731
11,A-B,2,optimized,192,gf_sqr,23,144,0x2bf8b731
11,A-B,2,optimized,192,gf_sqr,24,144,0x2bf8b731
11,A-B,2,optimized,192,gf_sqr,25,144,0x2bf8b731
11,A-B,2,optimized,192,gf_sqr,26,144,0x2bf8b731
11,A-B,2,optimized,192,gf_sqr,27,144,0x2bf8b731
11,A-B,2,optimized,192,gf_sqr,28,144,0x2bf8b731
11,A-B,2,optimized,192,gf_sqr,29,144,0x2bf8b731
11,A-B,2,optimized,192,gf_sqr,30,144,0x2bf8b731
11,A-B,2,optimized,192,gf_sqr,31,144,0x2bf8b731
11,A-B,2,optimized,192,gf_sqr,32,144,0x2bf8b731
11,A-B,2,optimized,192,gf_sqr,33,144,0x2bf8b731
11,A-B,2,optimized,192,gf_sqr,34,144,0x2bf8b731
11,A-B,2,optimized,192,gf_sqr,35,144,0x2bf8b731
11,A-B,2,optimized,192,gf_sqr,36,144,0x2bf8b731
11,A-B,2,optimized,192,gf_sqr,37,144,0x2bf8b731
11,A-B,2,optimized,192,gf_sqr,38,144,0x2bf8b731
11,A-B,2,optimized,192,gf_sqr,39,144,0x2bf8b731
11,A-B,2,optimized,192,gf_sqr,40,144,0x2bf8b731
11,A-B,2,optimized,192,gf_sqr,41,144,0x2bf8b731
11,A-B,2,optimized,192,gf_sqr,42,144,0x2bf8b731
11,A-B,2,optimized,192,gf_sqr,43,144,0x2bf8b731
11,A-B,2,optimized,192,gf_sqr,44,144,0x2bf8b731
11,A-B,2,optimized,192,gf_sqr,45,144,0x2bf8b731
11,A-B,2,optimized,192,gf_sqr,46,144,0x2bf8b731
11,A-B,2,optimized,192,gf_sqr,47,144,0x2bf8b731
11,A-B,2,optimized,192,gf_sqr,48,144,0x2bf8b731
11,A-B,2,optimized,192,gf_sqr,49,144,0x2bf8b731
11,A-B,1,reference,256,gf_mul,0,5933,0x283807e5
11,A-B,1,reference,256,gf_mul,1,5932,0x283807e5
11,A-B,1,reference,256,gf_mul,2,5932,0x283807e5
11,A-B,1,reference,256,gf_mul,3,5931,0x283807e5
11,A-B,1,reference,256,gf_mul,4,5931,0x283807e5
11,A-B,1,reference,256,gf_mul,5,5931,0x283807e5
11,A-B,1,reference,256,gf_mul,6,5931,0x283807e5
11,A-B,1,reference,256,gf_mul,7,5931,0x283807e5
11,A-B,1,reference,256,gf_mul,8,5931,0x283807e5
11,A-B,1,reference,256,gf_mul,9,5931,0x283807e5
11,A-B,1,reference,256,gf_mul,10,5931,0x283807e5
11,A-B,1,reference,256,gf_mul,11,5931,0x283807e5
11,A-B,1,reference,256,gf_mul,12,5931,0x283807e5
11,A-B,1,reference,256,gf_mul,13,5931,0x283807e5
11,A-B,1,reference,256,gf_mul,14,5931,0x283807e5
11,A-B,1,reference,256,gf_mul,15,5931,0x283807e5
11,A-B,1,reference,256,gf_mul,16,5931,0x283807e5
11,A-B,1,reference,256,gf_mul,17,5931,0x283807e5
11,A-B,1,reference,256,gf_mul,18,5931,0x283807e5
11,A-B,1,reference,256,gf_mul,19,5931,0x283807e5
11,A-B,1,reference,256,gf_mul,20,5931,0x283807e5
11,A-B,1,reference,256,gf_mul,21,5931,0x283807e5
11,A-B,1,reference,256,gf_mul,22,5931,0x283807e5
11,A-B,1,reference,256,gf_mul,23,5931,0x283807e5
11,A-B,1,reference,256,gf_mul,24,5931,0x283807e5
11,A-B,1,reference,256,gf_mul,25,5931,0x283807e5
11,A-B,1,reference,256,gf_mul,26,5931,0x283807e5
11,A-B,1,reference,256,gf_mul,27,5931,0x283807e5
11,A-B,1,reference,256,gf_mul,28,5931,0x283807e5
11,A-B,1,reference,256,gf_mul,29,5931,0x283807e5
11,A-B,1,reference,256,gf_mul,30,5931,0x283807e5
11,A-B,1,reference,256,gf_mul,31,5931,0x283807e5
11,A-B,1,reference,256,gf_mul,32,5931,0x283807e5
11,A-B,1,reference,256,gf_mul,33,5931,0x283807e5
11,A-B,1,reference,256,gf_mul,34,5931,0x283807e5
11,A-B,1,reference,256,gf_mul,35,5931,0x283807e5
11,A-B,1,reference,256,gf_mul,36,5931,0x283807e5
11,A-B,1,reference,256,gf_mul,37,5931,0x283807e5
11,A-B,1,reference,256,gf_mul,38,5931,0x283807e5
11,A-B,1,reference,256,gf_mul,39,5931,0x283807e5
11,A-B,1,reference,256,gf_mul,40,5931,0x283807e5
11,A-B,1,reference,256,gf_mul,41,5931,0x283807e5
11,A-B,1,reference,256,gf_mul,42,5931,0x283807e5
11,A-B,1,reference,256,gf_mul,43,5931,0x283807e5
11,A-B,1,reference,256,gf_mul,44,5931,0x283807e5
11,A-B,1,reference,256,gf_mul,45,5931,0x283807e5
11,A-B,1,reference,256,gf_mul,46,5931,0x283807e5
11,A-B,1,reference,256,gf_mul,47,5931,0x283807e5
11,A-B,1,reference,256,gf_mul,48,5931,0x283807e5
11,A-B,1,reference,256,gf_mul,49,5931,0x283807e5
11,A-B,1,reference,256,gf_sqr,0,203,0x283807e5
11,A-B,1,reference,256,gf_sqr,1,202,0x283807e5
11,A-B,1,reference,256,gf_sqr,2,203,0x283807e5
11,A-B,1,reference,256,gf_sqr,3,202,0x283807e5
11,A-B,1,reference,256,gf_sqr,4,202,0x283807e5
11,A-B,1,reference,256,gf_sqr,5,202,0x283807e5
11,A-B,1,reference,256,gf_sqr,6,202,0x283807e5
11,A-B,1,reference,256,gf_sqr,7,202,0x283807e5
11,A-B,1,reference,256,gf_sqr,8,202,0x283807e5
11,A-B,1,reference,256,gf_sqr,9,202,0x283807e5
11,A-B,1,reference,256,gf_sqr,10,202,0x283807e5
11,A-B,1,reference,256,gf_sqr,11,202,0x283807e5
11,A-B,1,reference,256,gf_sqr,12,202,0x283807e5
11,A-B,1,reference,256,gf_sqr,13,202,0x283807e5
11,A-B,1,reference,256,gf_sqr,14,202,0x283807e5
11,A-B,1,reference,256,gf_sqr,15,202,0x283807e5
11,A-B,1,reference,256,gf_sqr,16,202,0x283807e5
11,A-B,1,reference,256,gf_sqr,17,202,0x283807e5
11,A-B,1,reference,256,gf_sqr,18,202,0x283807e5
11,A-B,1,reference,256,gf_sqr,19,202,0x283807e5
11,A-B,1,reference,256,gf_sqr,20,202,0x283807e5
11,A-B,1,reference,256,gf_sqr,21,202,0x283807e5
11,A-B,1,reference,256,gf_sqr,22,202,0x283807e5
11,A-B,1,reference,256,gf_sqr,23,202,0x283807e5
11,A-B,1,reference,256,gf_sqr,24,202,0x283807e5
11,A-B,1,reference,256,gf_sqr,25,202,0x283807e5
11,A-B,1,reference,256,gf_sqr,26,202,0x283807e5
11,A-B,1,reference,256,gf_sqr,27,202,0x283807e5
11,A-B,1,reference,256,gf_sqr,28,202,0x283807e5
11,A-B,1,reference,256,gf_sqr,29,202,0x283807e5
11,A-B,1,reference,256,gf_sqr,30,202,0x283807e5
11,A-B,1,reference,256,gf_sqr,31,202,0x283807e5
11,A-B,1,reference,256,gf_sqr,32,202,0x283807e5
11,A-B,1,reference,256,gf_sqr,33,202,0x283807e5
11,A-B,1,reference,256,gf_sqr,34,202,0x283807e5
11,A-B,1,reference,256,gf_sqr,35,202,0x283807e5
11,A-B,1,reference,256,gf_sqr,36,202,0x283807e5
11,A-B,1,reference,256,gf_sqr,37,202,0x283807e5
11,A-B,1,reference,256,gf_sqr,38,202,0x283807e5
11,A-B,1,reference,256,gf_sqr,39,202,0x283807e5
11,A-B,1,reference,256,gf_sqr,40,202,0x283807e5
11,A-B,1,reference,256,gf_sqr,41,202,0x283807e5
11,A-B,1,reference,256,gf_sqr,42,202,0x283807e5
11,A-B,1,reference,256,gf_sqr,43,202,0x283807e5
11,A-B,1,reference,256,gf_sqr,44,202,0x283807e5
11,A-B,1,reference,256,gf_sqr,45,202,0x283807e5
11,A-B,1,reference,256,gf_sqr,46,202,0x283807e5
11,A-B,1,reference,256,gf_sqr,47,202,0x283807e5
11,A-B,1,reference,256,gf_sqr,48,202,0x283807e5
11,A-B,1,reference,256,gf_sqr,49,202,0x283807e5
11,A-B,2,optimized,256,gf_mul,0,5942,0x283807e5
11,A-B,2,optimized,256,gf_mul,1,5940,0x283807e5
11,A-B,2,optimized,256,gf_mul,2,5941,0x283807e5
11,A-B,2,optimized,256,gf_mul,3,5940,0x283807e5
11,A-B,2,optimized,256,gf_mul,4,5940,0x283807e5
11,A-B,2,optimized,256,gf_mul,5,5940,0x283807e5
11,A-B,2,optimized,256,gf_mul,6,5940,0x283807e5
11,A-B,2,optimized,256,gf_mul,7,5940,0x283807e5
11,A-B,2,optimized,256,gf_mul,8,5940,0x283807e5
11,A-B,2,optimized,256,gf_mul,9,5940,0x283807e5
11,A-B,2,optimized,256,gf_mul,10,5940,0x283807e5
11,A-B,2,optimized,256,gf_mul,11,5940,0x283807e5
11,A-B,2,optimized,256,gf_mul,12,5940,0x283807e5
11,A-B,2,optimized,256,gf_mul,13,5940,0x283807e5
11,A-B,2,optimized,256,gf_mul,14,5940,0x283807e5
11,A-B,2,optimized,256,gf_mul,15,5940,0x283807e5
11,A-B,2,optimized,256,gf_mul,16,5940,0x283807e5
11,A-B,2,optimized,256,gf_mul,17,5940,0x283807e5
11,A-B,2,optimized,256,gf_mul,18,5940,0x283807e5
11,A-B,2,optimized,256,gf_mul,19,5940,0x283807e5
11,A-B,2,optimized,256,gf_mul,20,5940,0x283807e5
11,A-B,2,optimized,256,gf_mul,21,5940,0x283807e5
11,A-B,2,optimized,256,gf_mul,22,5940,0x283807e5
11,A-B,2,optimized,256,gf_mul,23,5940,0x283807e5
11,A-B,2,optimized,256,gf_mul,24,5940,0x283807e5
11,A-B,2,optimized,256,gf_mul,25,5940,0x283807e5
11,A-B,2,optimized,256,gf_mul,26,5940,0x283807e5
11,A-B,2,optimized,256,gf_mul,27,5940,0x283807e5
11,A-B,2,optimized,256,gf_mul,28,5940,0x283807e5
11,A-B,2,optimized,256,gf_mul,29,5940,0x283807e5
11,A-B,2,optimized,256,gf_mul,30,5940,0x283807e5
11,A-B,2,optimized,256,gf_mul,31,5940,0x283807e5
11,A-B,2,optimized,256,gf_mul,32,5940,0x283807e5
11,A-B,2,optimized,256,gf_mul,33,5940,0x283807e5
11,A-B,2,optimized,256,gf_mul,34,5940,0x283807e5
11,A-B,2,optimized,256,gf_mul,35,5940,0x283807e5
11,A-B,2,optimized,256,gf_mul,36,5940,0x283807e5
11,A-B,2,optimized,256,gf_mul,37,5940,0x283807e5
11,A-B,2,optimized,256,gf_mul,38,5940,0x283807e5
11,A-B,2,optimized,256,gf_mul,39,5940,0x283807e5
11,A-B,2,optimized,256,gf_mul,40,5940,0x283807e5
11,A-B,2,optimized,256,gf_mul,41,5940,0x283807e5
11,A-B,2,optimized,256,gf_mul,42,5940,0x283807e5
11,A-B,2,optimized,256,gf_mul,43,5940,0x283807e5
11,A-B,2,optimized,256,gf_mul,44,5940,0x283807e5
11,A-B,2,optimized,256,gf_mul,45,5940,0x283807e5
11,A-B,2,optimized,256,gf_mul,46,5940,0x283807e5
11,A-B,2,optimized,256,gf_mul,47,5940,0x283807e5
11,A-B,2,optimized,256,gf_mul,48,5940,0x283807e5
11,A-B,2,optimized,256,gf_mul,49,5940,0x283807e5
11,A-B,2,optimized,256,gf_sqr,0,202,0x283807e5
11,A-B,2,optimized,256,gf_sqr,1,200,0x283807e5
11,A-B,2,optimized,256,gf_sqr,2,201,0x283807e5
11,A-B,2,optimized,256,gf_sqr,3,200,0x283807e5
11,A-B,2,optimized,256,gf_sqr,4,200,0x283807e5
11,A-B,2,optimized,256,gf_sqr,5,200,0x283807e5
11,A-B,2,optimized,256,gf_sqr,6,200,0x283807e5
11,A-B,2,optimized,256,gf_sqr,7,200,0x283807e5
11,A-B,2,optimized,256,gf_sqr,8,200,0x283807e5
11,A-B,2,optimized,256,gf_sqr,9,200,0x283807e5
11,A-B,2,optimized,256,gf_sqr,10,200,0x283807e5
11,A-B,2,optimized,256,gf_sqr,11,200,0x283807e5
11,A-B,2,optimized,256,gf_sqr,12,200,0x283807e5
11,A-B,2,optimized,256,gf_sqr,13,200,0x283807e5
11,A-B,2,optimized,256,gf_sqr,14,200,0x283807e5
11,A-B,2,optimized,256,gf_sqr,15,200,0x283807e5
11,A-B,2,optimized,256,gf_sqr,16,200,0x283807e5
11,A-B,2,optimized,256,gf_sqr,17,200,0x283807e5
11,A-B,2,optimized,256,gf_sqr,18,200,0x283807e5
11,A-B,2,optimized,256,gf_sqr,19,200,0x283807e5
11,A-B,2,optimized,256,gf_sqr,20,200,0x283807e5
11,A-B,2,optimized,256,gf_sqr,21,200,0x283807e5
11,A-B,2,optimized,256,gf_sqr,22,200,0x283807e5
11,A-B,2,optimized,256,gf_sqr,23,200,0x283807e5
11,A-B,2,optimized,256,gf_sqr,24,200,0x283807e5
11,A-B,2,optimized,256,gf_sqr,25,200,0x283807e5
11,A-B,2,optimized,256,gf_sqr,26,200,0x283807e5
11,A-B,2,optimized,256,gf_sqr,27,200,0x283807e5
11,A-B,2,optimized,256,gf_sqr,28,200,0x283807e5
11,A-B,2,optimized,256,gf_sqr,29,200,0x283807e5
11,A-B,2,optimized,256,gf_sqr,30,200,0x283807e5
11,A-B,2,optimized,256,gf_sqr,31,200,0x283807e5
11,A-B,2,optimized,256,gf_sqr,32,200,0x283807e5
11,A-B,2,optimized,256,gf_sqr,33,200,0x283807e5
11,A-B,2,optimized,256,gf_sqr,34,200,0x283807e5
11,A-B,2,optimized,256,gf_sqr,35,200,0x283807e5
11,A-B,2,optimized,256,gf_sqr,36,200,0x283807e5
11,A-B,2,optimized,256,gf_sqr,37,200,0x283807e5
11,A-B,2,optimized,256,gf_sqr,38,200,0x283807e5
11,A-B,2,optimized,256,gf_sqr,39,200,0x283807e5
11,A-B,2,optimized,256,gf_sqr,40,200,0x283807e5
11,A-B,2,optimized,256,gf_sqr,41,200,0x283807e5
11,A-B,2,optimized,256,gf_sqr,42,200,0x283807e5
11,A-B,2,optimized,256,gf_sqr,43,200,0x283807e5
11,A-B,2,optimized,256,gf_sqr,44,200,0x283807e5
11,A-B,2,optimized,256,gf_sqr,45,200,0x283807e5
11,A-B,2,optimized,256,gf_sqr,46,200,0x283807e5
11,A-B,2,optimized,256,gf_sqr,47,200,0x283807e5
11,A-B,2,optimized,256,gf_sqr,48,200,0x283807e5
11,A-B,2,optimized,256,gf_sqr,49,200,0x283807e5
12,B-A,1,optimized,128,gf_mul,0,1969,0x54cada71
12,B-A,1,optimized,128,gf_mul,1,1968,0x54cada71
12,B-A,1,optimized,128,gf_mul,2,1968,0x54cada71
12,B-A,1,optimized,128,gf_mul,3,1967,0x54cada71
12,B-A,1,optimized,128,gf_mul,4,1967,0x54cada71
12,B-A,1,optimized,128,gf_mul,5,1967,0x54cada71
12,B-A,1,optimized,128,gf_mul,6,1967,0x54cada71
12,B-A,1,optimized,128,gf_mul,7,1967,0x54cada71
12,B-A,1,optimized,128,gf_mul,8,1967,0x54cada71
12,B-A,1,optimized,128,gf_mul,9,1967,0x54cada71
12,B-A,1,optimized,128,gf_mul,10,1967,0x54cada71
12,B-A,1,optimized,128,gf_mul,11,1967,0x54cada71
12,B-A,1,optimized,128,gf_mul,12,1967,0x54cada71
12,B-A,1,optimized,128,gf_mul,13,1967,0x54cada71
12,B-A,1,optimized,128,gf_mul,14,1967,0x54cada71
12,B-A,1,optimized,128,gf_mul,15,1967,0x54cada71
12,B-A,1,optimized,128,gf_mul,16,1967,0x54cada71
12,B-A,1,optimized,128,gf_mul,17,1967,0x54cada71
12,B-A,1,optimized,128,gf_mul,18,1967,0x54cada71
12,B-A,1,optimized,128,gf_mul,19,1967,0x54cada71
12,B-A,1,optimized,128,gf_mul,20,1967,0x54cada71
12,B-A,1,optimized,128,gf_mul,21,1967,0x54cada71
12,B-A,1,optimized,128,gf_mul,22,1967,0x54cada71
12,B-A,1,optimized,128,gf_mul,23,1967,0x54cada71
12,B-A,1,optimized,128,gf_mul,24,1967,0x54cada71
12,B-A,1,optimized,128,gf_mul,25,1967,0x54cada71
12,B-A,1,optimized,128,gf_mul,26,1967,0x54cada71
12,B-A,1,optimized,128,gf_mul,27,1967,0x54cada71
12,B-A,1,optimized,128,gf_mul,28,1967,0x54cada71
12,B-A,1,optimized,128,gf_mul,29,1967,0x54cada71
12,B-A,1,optimized,128,gf_mul,30,1967,0x54cada71
12,B-A,1,optimized,128,gf_mul,31,1967,0x54cada71
12,B-A,1,optimized,128,gf_mul,32,1967,0x54cada71
12,B-A,1,optimized,128,gf_mul,33,1967,0x54cada71
12,B-A,1,optimized,128,gf_mul,34,1967,0x54cada71
12,B-A,1,optimized,128,gf_mul,35,1967,0x54cada71
12,B-A,1,optimized,128,gf_mul,36,1967,0x54cada71
12,B-A,1,optimized,128,gf_mul,37,1967,0x54cada71
12,B-A,1,optimized,128,gf_mul,38,1967,0x54cada71
12,B-A,1,optimized,128,gf_mul,39,1967,0x54cada71
12,B-A,1,optimized,128,gf_mul,40,1967,0x54cada71
12,B-A,1,optimized,128,gf_mul,41,1967,0x54cada71
12,B-A,1,optimized,128,gf_mul,42,1967,0x54cada71
12,B-A,1,optimized,128,gf_mul,43,1967,0x54cada71
12,B-A,1,optimized,128,gf_mul,44,1967,0x54cada71
12,B-A,1,optimized,128,gf_mul,45,1967,0x54cada71
12,B-A,1,optimized,128,gf_mul,46,1967,0x54cada71
12,B-A,1,optimized,128,gf_mul,47,1967,0x54cada71
12,B-A,1,optimized,128,gf_mul,48,1967,0x54cada71
12,B-A,1,optimized,128,gf_mul,49,1967,0x54cada71
12,B-A,1,optimized,128,gf_sqr,0,107,0x54cada71
12,B-A,1,optimized,128,gf_sqr,1,107,0x54cada71
12,B-A,1,optimized,128,gf_sqr,2,107,0x54cada71
12,B-A,1,optimized,128,gf_sqr,3,106,0x54cada71
12,B-A,1,optimized,128,gf_sqr,4,106,0x54cada71
12,B-A,1,optimized,128,gf_sqr,5,106,0x54cada71
12,B-A,1,optimized,128,gf_sqr,6,106,0x54cada71
12,B-A,1,optimized,128,gf_sqr,7,106,0x54cada71
12,B-A,1,optimized,128,gf_sqr,8,106,0x54cada71
12,B-A,1,optimized,128,gf_sqr,9,106,0x54cada71
12,B-A,1,optimized,128,gf_sqr,10,106,0x54cada71
12,B-A,1,optimized,128,gf_sqr,11,106,0x54cada71
12,B-A,1,optimized,128,gf_sqr,12,106,0x54cada71
12,B-A,1,optimized,128,gf_sqr,13,106,0x54cada71
12,B-A,1,optimized,128,gf_sqr,14,106,0x54cada71
12,B-A,1,optimized,128,gf_sqr,15,106,0x54cada71
12,B-A,1,optimized,128,gf_sqr,16,106,0x54cada71
12,B-A,1,optimized,128,gf_sqr,17,106,0x54cada71
12,B-A,1,optimized,128,gf_sqr,18,106,0x54cada71
12,B-A,1,optimized,128,gf_sqr,19,106,0x54cada71
12,B-A,1,optimized,128,gf_sqr,20,106,0x54cada71
12,B-A,1,optimized,128,gf_sqr,21,106,0x54cada71
12,B-A,1,optimized,128,gf_sqr,22,106,0x54cada71
12,B-A,1,optimized,128,gf_sqr,23,106,0x54cada71
12,B-A,1,optimized,128,gf_sqr,24,106,0x54cada71
12,B-A,1,optimized,128,gf_sqr,25,106,0x54cada71
12,B-A,1,optimized,128,gf_sqr,26,106,0x54cada71
12,B-A,1,optimized,128,gf_sqr,27,106,0x54cada71
12,B-A,1,optimized,128,gf_sqr,28,106,0x54cada71
12,B-A,1,optimized,128,gf_sqr,29,106,0x54cada71
12,B-A,1,optimized,128,gf_sqr,30,106,0x54cada71
12,B-A,1,optimized,128,gf_sqr,31,106,0x54cada71
12,B-A,1,optimized,128,gf_sqr,32,106,0x54cada71
12,B-A,1,optimized,128,gf_sqr,33,106,0x54cada71
12,B-A,1,optimized,128,gf_sqr,34,106,0x54cada71
12,B-A,1,optimized,128,gf_sqr,35,106,0x54cada71
12,B-A,1,optimized,128,gf_sqr,36,106,0x54cada71
12,B-A,1,optimized,128,gf_sqr,37,106,0x54cada71
12,B-A,1,optimized,128,gf_sqr,38,106,0x54cada71
12,B-A,1,optimized,128,gf_sqr,39,106,0x54cada71
12,B-A,1,optimized,128,gf_sqr,40,106,0x54cada71
12,B-A,1,optimized,128,gf_sqr,41,106,0x54cada71
12,B-A,1,optimized,128,gf_sqr,42,106,0x54cada71
12,B-A,1,optimized,128,gf_sqr,43,106,0x54cada71
12,B-A,1,optimized,128,gf_sqr,44,106,0x54cada71
12,B-A,1,optimized,128,gf_sqr,45,106,0x54cada71
12,B-A,1,optimized,128,gf_sqr,46,106,0x54cada71
12,B-A,1,optimized,128,gf_sqr,47,106,0x54cada71
12,B-A,1,optimized,128,gf_sqr,48,106,0x54cada71
12,B-A,1,optimized,128,gf_sqr,49,106,0x54cada71
12,B-A,2,reference,128,gf_mul,0,1969,0x54cada71
12,B-A,2,reference,128,gf_mul,1,1965,0x54cada71
12,B-A,2,reference,128,gf_mul,2,1965,0x54cada71
12,B-A,2,reference,128,gf_mul,3,1964,0x54cada71
12,B-A,2,reference,128,gf_mul,4,1964,0x54cada71
12,B-A,2,reference,128,gf_mul,5,1964,0x54cada71
12,B-A,2,reference,128,gf_mul,6,1964,0x54cada71
12,B-A,2,reference,128,gf_mul,7,1964,0x54cada71
12,B-A,2,reference,128,gf_mul,8,1964,0x54cada71
12,B-A,2,reference,128,gf_mul,9,1964,0x54cada71
12,B-A,2,reference,128,gf_mul,10,1964,0x54cada71
12,B-A,2,reference,128,gf_mul,11,1964,0x54cada71
12,B-A,2,reference,128,gf_mul,12,1964,0x54cada71
12,B-A,2,reference,128,gf_mul,13,1964,0x54cada71
12,B-A,2,reference,128,gf_mul,14,1964,0x54cada71
12,B-A,2,reference,128,gf_mul,15,1964,0x54cada71
12,B-A,2,reference,128,gf_mul,16,1964,0x54cada71
12,B-A,2,reference,128,gf_mul,17,1964,0x54cada71
12,B-A,2,reference,128,gf_mul,18,1964,0x54cada71
12,B-A,2,reference,128,gf_mul,19,1964,0x54cada71
12,B-A,2,reference,128,gf_mul,20,1964,0x54cada71
12,B-A,2,reference,128,gf_mul,21,1964,0x54cada71
12,B-A,2,reference,128,gf_mul,22,1964,0x54cada71
12,B-A,2,reference,128,gf_mul,23,1964,0x54cada71
12,B-A,2,reference,128,gf_mul,24,1964,0x54cada71
12,B-A,2,reference,128,gf_mul,25,1964,0x54cada71
12,B-A,2,reference,128,gf_mul,26,1964,0x54cada71
12,B-A,2,reference,128,gf_mul,27,1964,0x54cada71
12,B-A,2,reference,128,gf_mul,28,1964,0x54cada71
12,B-A,2,reference,128,gf_mul,29,1964,0x54cada71
12,B-A,2,reference,128,gf_mul,30,1964,0x54cada71
12,B-A,2,reference,128,gf_mul,31,1964,0x54cada71
12,B-A,2,reference,128,gf_mul,32,1964,0x54cada71
12,B-A,2,reference,128,gf_mul,33,1964,0x54cada71
12,B-A,2,reference,128,gf_mul,34,1964,0x54cada71
12,B-A,2,reference,128,gf_mul,35,1964,0x54cada71
12,B-A,2,reference,128,gf_mul,36,1964,0x54cada71
12,B-A,2,reference,128,gf_mul,37,1964,0x54cada71
12,B-A,2,reference,128,gf_mul,38,1964,0x54cada71
12,B-A,2,reference,128,gf_mul,39,1964,0x54cada71
12,B-A,2,reference,128,gf_mul,40,1964,0x54cada71
12,B-A,2,reference,128,gf_mul,41,1964,0x54cada71
12,B-A,2,reference,128,gf_mul,42,1964,0x54cada71
12,B-A,2,reference,128,gf_mul,43,1964,0x54cada71
12,B-A,2,reference,128,gf_mul,44,1964,0x54cada71
12,B-A,2,reference,128,gf_mul,45,1964,0x54cada71
12,B-A,2,reference,128,gf_mul,46,1964,0x54cada71
12,B-A,2,reference,128,gf_mul,47,1964,0x54cada71
12,B-A,2,reference,128,gf_mul,48,1964,0x54cada71
12,B-A,2,reference,128,gf_mul,49,1964,0x54cada71
12,B-A,2,reference,128,gf_sqr,0,107,0x54cada71
12,B-A,2,reference,128,gf_sqr,1,103,0x54cada71
12,B-A,2,reference,128,gf_sqr,2,103,0x54cada71
12,B-A,2,reference,128,gf_sqr,3,102,0x54cada71
12,B-A,2,reference,128,gf_sqr,4,102,0x54cada71
12,B-A,2,reference,128,gf_sqr,5,102,0x54cada71
12,B-A,2,reference,128,gf_sqr,6,102,0x54cada71
12,B-A,2,reference,128,gf_sqr,7,102,0x54cada71
12,B-A,2,reference,128,gf_sqr,8,102,0x54cada71
12,B-A,2,reference,128,gf_sqr,9,102,0x54cada71
12,B-A,2,reference,128,gf_sqr,10,102,0x54cada71
12,B-A,2,reference,128,gf_sqr,11,102,0x54cada71
12,B-A,2,reference,128,gf_sqr,12,102,0x54cada71
12,B-A,2,reference,128,gf_sqr,13,102,0x54cada71
12,B-A,2,reference,128,gf_sqr,14,102,0x54cada71
12,B-A,2,reference,128,gf_sqr,15,102,0x54cada71
12,B-A,2,reference,128,gf_sqr,16,102,0x54cada71
12,B-A,2,reference,128,gf_sqr,17,102,0x54cada71
12,B-A,2,reference,128,gf_sqr,18,102,0x54cada71
12,B-A,2,reference,128,gf_sqr,19,102,0x54cada71
12,B-A,2,reference,128,gf_sqr,20,102,0x54cada71
12,B-A,2,reference,128,gf_sqr,21,102,0x54cada71
12,B-A,2,reference,128,gf_sqr,22,102,0x54cada71
12,B-A,2,reference,128,gf_sqr,23,102,0x54cada71
12,B-A,2,reference,128,gf_sqr,24,102,0x54cada71
12,B-A,2,reference,128,gf_sqr,25,102,0x54cada71
12,B-A,2,reference,128,gf_sqr,26,102,0x54cada71
12,B-A,2,reference,128,gf_sqr,27,102,0x54cada71
12,B-A,2,reference,128,gf_sqr,28,102,0x54cada71
12,B-A,2,reference,128,gf_sqr,29,102,0x54cada71
12,B-A,2,reference,128,gf_sqr,30,102,0x54cada71
12,B-A,2,reference,128,gf_sqr,31,102,0x54cada71
12,B-A,2,reference,128,gf_sqr,32,102,0x54cada71
12,B-A,2,reference,128,gf_sqr,33,102,0x54cada71
12,B-A,2,reference,128,gf_sqr,34,102,0x54cada71
12,B-A,2,reference,128,gf_sqr,35,102,0x54cada71
12,B-A,2,reference,128,gf_sqr,36,102,0x54cada71
12,B-A,2,reference,128,gf_sqr,37,102,0x54cada71
12,B-A,2,reference,128,gf_sqr,38,102,0x54cada71
12,B-A,2,reference,128,gf_sqr,39,102,0x54cada71
12,B-A,2,reference,128,gf_sqr,40,102,0x54cada71
12,B-A,2,reference,128,gf_sqr,41,102,0x54cada71
12,B-A,2,reference,128,gf_sqr,42,102,0x54cada71
12,B-A,2,reference,128,gf_sqr,43,102,0x54cada71
12,B-A,2,reference,128,gf_sqr,44,102,0x54cada71
12,B-A,2,reference,128,gf_sqr,45,102,0x54cada71
12,B-A,2,reference,128,gf_sqr,46,102,0x54cada71
12,B-A,2,reference,128,gf_sqr,47,102,0x54cada71
12,B-A,2,reference,128,gf_sqr,48,102,0x54cada71
12,B-A,2,reference,128,gf_sqr,49,102,0x54cada71
12,B-A,1,optimized,192,gf_mul,0,3927,0x2bf8b731
12,B-A,1,optimized,192,gf_mul,1,3927,0x2bf8b731
12,B-A,1,optimized,192,gf_mul,2,3927,0x2bf8b731
12,B-A,1,optimized,192,gf_mul,3,3926,0x2bf8b731
12,B-A,1,optimized,192,gf_mul,4,3926,0x2bf8b731
12,B-A,1,optimized,192,gf_mul,5,3926,0x2bf8b731
12,B-A,1,optimized,192,gf_mul,6,3926,0x2bf8b731
12,B-A,1,optimized,192,gf_mul,7,3926,0x2bf8b731
12,B-A,1,optimized,192,gf_mul,8,3926,0x2bf8b731
12,B-A,1,optimized,192,gf_mul,9,3926,0x2bf8b731
12,B-A,1,optimized,192,gf_mul,10,3926,0x2bf8b731
12,B-A,1,optimized,192,gf_mul,11,3926,0x2bf8b731
12,B-A,1,optimized,192,gf_mul,12,3926,0x2bf8b731
12,B-A,1,optimized,192,gf_mul,13,3926,0x2bf8b731
12,B-A,1,optimized,192,gf_mul,14,3926,0x2bf8b731
12,B-A,1,optimized,192,gf_mul,15,3926,0x2bf8b731
12,B-A,1,optimized,192,gf_mul,16,3926,0x2bf8b731
12,B-A,1,optimized,192,gf_mul,17,3926,0x2bf8b731
12,B-A,1,optimized,192,gf_mul,18,3926,0x2bf8b731
12,B-A,1,optimized,192,gf_mul,19,3926,0x2bf8b731
12,B-A,1,optimized,192,gf_mul,20,3926,0x2bf8b731
12,B-A,1,optimized,192,gf_mul,21,3926,0x2bf8b731
12,B-A,1,optimized,192,gf_mul,22,3926,0x2bf8b731
12,B-A,1,optimized,192,gf_mul,23,3926,0x2bf8b731
12,B-A,1,optimized,192,gf_mul,24,3926,0x2bf8b731
12,B-A,1,optimized,192,gf_mul,25,3926,0x2bf8b731
12,B-A,1,optimized,192,gf_mul,26,3926,0x2bf8b731
12,B-A,1,optimized,192,gf_mul,27,3926,0x2bf8b731
12,B-A,1,optimized,192,gf_mul,28,3926,0x2bf8b731
12,B-A,1,optimized,192,gf_mul,29,3926,0x2bf8b731
12,B-A,1,optimized,192,gf_mul,30,3926,0x2bf8b731
12,B-A,1,optimized,192,gf_mul,31,3926,0x2bf8b731
12,B-A,1,optimized,192,gf_mul,32,3926,0x2bf8b731
12,B-A,1,optimized,192,gf_mul,33,3926,0x2bf8b731
12,B-A,1,optimized,192,gf_mul,34,3926,0x2bf8b731
12,B-A,1,optimized,192,gf_mul,35,3926,0x2bf8b731
12,B-A,1,optimized,192,gf_mul,36,3926,0x2bf8b731
12,B-A,1,optimized,192,gf_mul,37,3926,0x2bf8b731
12,B-A,1,optimized,192,gf_mul,38,3926,0x2bf8b731
12,B-A,1,optimized,192,gf_mul,39,3926,0x2bf8b731
12,B-A,1,optimized,192,gf_mul,40,3926,0x2bf8b731
12,B-A,1,optimized,192,gf_mul,41,3926,0x2bf8b731
12,B-A,1,optimized,192,gf_mul,42,3926,0x2bf8b731
12,B-A,1,optimized,192,gf_mul,43,3926,0x2bf8b731
12,B-A,1,optimized,192,gf_mul,44,3926,0x2bf8b731
12,B-A,1,optimized,192,gf_mul,45,3926,0x2bf8b731
12,B-A,1,optimized,192,gf_mul,46,3926,0x2bf8b731
12,B-A,1,optimized,192,gf_mul,47,3926,0x2bf8b731
12,B-A,1,optimized,192,gf_mul,48,3926,0x2bf8b731
12,B-A,1,optimized,192,gf_mul,49,3926,0x2bf8b731
12,B-A,1,optimized,192,gf_sqr,0,144,0x2bf8b731
12,B-A,1,optimized,192,gf_sqr,1,144,0x2bf8b731
12,B-A,1,optimized,192,gf_sqr,2,143,0x2bf8b731
12,B-A,1,optimized,192,gf_sqr,3,144,0x2bf8b731
12,B-A,1,optimized,192,gf_sqr,4,144,0x2bf8b731
12,B-A,1,optimized,192,gf_sqr,5,144,0x2bf8b731
12,B-A,1,optimized,192,gf_sqr,6,144,0x2bf8b731
12,B-A,1,optimized,192,gf_sqr,7,144,0x2bf8b731
12,B-A,1,optimized,192,gf_sqr,8,144,0x2bf8b731
12,B-A,1,optimized,192,gf_sqr,9,144,0x2bf8b731
12,B-A,1,optimized,192,gf_sqr,10,144,0x2bf8b731
12,B-A,1,optimized,192,gf_sqr,11,144,0x2bf8b731
12,B-A,1,optimized,192,gf_sqr,12,144,0x2bf8b731
12,B-A,1,optimized,192,gf_sqr,13,144,0x2bf8b731
12,B-A,1,optimized,192,gf_sqr,14,144,0x2bf8b731
12,B-A,1,optimized,192,gf_sqr,15,144,0x2bf8b731
12,B-A,1,optimized,192,gf_sqr,16,144,0x2bf8b731
12,B-A,1,optimized,192,gf_sqr,17,144,0x2bf8b731
12,B-A,1,optimized,192,gf_sqr,18,144,0x2bf8b731
12,B-A,1,optimized,192,gf_sqr,19,144,0x2bf8b731
12,B-A,1,optimized,192,gf_sqr,20,144,0x2bf8b731
12,B-A,1,optimized,192,gf_sqr,21,144,0x2bf8b731
12,B-A,1,optimized,192,gf_sqr,22,144,0x2bf8b731
12,B-A,1,optimized,192,gf_sqr,23,144,0x2bf8b731
12,B-A,1,optimized,192,gf_sqr,24,144,0x2bf8b731
12,B-A,1,optimized,192,gf_sqr,25,144,0x2bf8b731
12,B-A,1,optimized,192,gf_sqr,26,144,0x2bf8b731
12,B-A,1,optimized,192,gf_sqr,27,144,0x2bf8b731
12,B-A,1,optimized,192,gf_sqr,28,144,0x2bf8b731
12,B-A,1,optimized,192,gf_sqr,29,144,0x2bf8b731
12,B-A,1,optimized,192,gf_sqr,30,144,0x2bf8b731
12,B-A,1,optimized,192,gf_sqr,31,144,0x2bf8b731
12,B-A,1,optimized,192,gf_sqr,32,144,0x2bf8b731
12,B-A,1,optimized,192,gf_sqr,33,144,0x2bf8b731
12,B-A,1,optimized,192,gf_sqr,34,144,0x2bf8b731
12,B-A,1,optimized,192,gf_sqr,35,144,0x2bf8b731
12,B-A,1,optimized,192,gf_sqr,36,144,0x2bf8b731
12,B-A,1,optimized,192,gf_sqr,37,144,0x2bf8b731
12,B-A,1,optimized,192,gf_sqr,38,144,0x2bf8b731
12,B-A,1,optimized,192,gf_sqr,39,144,0x2bf8b731
12,B-A,1,optimized,192,gf_sqr,40,144,0x2bf8b731
12,B-A,1,optimized,192,gf_sqr,41,144,0x2bf8b731
12,B-A,1,optimized,192,gf_sqr,42,144,0x2bf8b731
12,B-A,1,optimized,192,gf_sqr,43,144,0x2bf8b731
12,B-A,1,optimized,192,gf_sqr,44,144,0x2bf8b731
12,B-A,1,optimized,192,gf_sqr,45,144,0x2bf8b731
12,B-A,1,optimized,192,gf_sqr,46,144,0x2bf8b731
12,B-A,1,optimized,192,gf_sqr,47,144,0x2bf8b731
12,B-A,1,optimized,192,gf_sqr,48,144,0x2bf8b731
12,B-A,1,optimized,192,gf_sqr,49,144,0x2bf8b731
12,B-A,2,reference,192,gf_mul,0,3927,0x2bf8b731
12,B-A,2,reference,192,gf_mul,1,3927,0x2bf8b731
12,B-A,2,reference,192,gf_mul,2,3927,0x2bf8b731
12,B-A,2,reference,192,gf_mul,3,3926,0x2bf8b731
12,B-A,2,reference,192,gf_mul,4,3926,0x2bf8b731
12,B-A,2,reference,192,gf_mul,5,3926,0x2bf8b731
12,B-A,2,reference,192,gf_mul,6,3926,0x2bf8b731
12,B-A,2,reference,192,gf_mul,7,3926,0x2bf8b731
12,B-A,2,reference,192,gf_mul,8,3926,0x2bf8b731
12,B-A,2,reference,192,gf_mul,9,3926,0x2bf8b731
12,B-A,2,reference,192,gf_mul,10,3926,0x2bf8b731
12,B-A,2,reference,192,gf_mul,11,3926,0x2bf8b731
12,B-A,2,reference,192,gf_mul,12,3926,0x2bf8b731
12,B-A,2,reference,192,gf_mul,13,3926,0x2bf8b731
12,B-A,2,reference,192,gf_mul,14,3926,0x2bf8b731
12,B-A,2,reference,192,gf_mul,15,3926,0x2bf8b731
12,B-A,2,reference,192,gf_mul,16,3926,0x2bf8b731
12,B-A,2,reference,192,gf_mul,17,3926,0x2bf8b731
12,B-A,2,reference,192,gf_mul,18,3926,0x2bf8b731
12,B-A,2,reference,192,gf_mul,19,3926,0x2bf8b731
12,B-A,2,reference,192,gf_mul,20,3926,0x2bf8b731
12,B-A,2,reference,192,gf_mul,21,3926,0x2bf8b731
12,B-A,2,reference,192,gf_mul,22,3926,0x2bf8b731
12,B-A,2,reference,192,gf_mul,23,3926,0x2bf8b731
12,B-A,2,reference,192,gf_mul,24,3926,0x2bf8b731
12,B-A,2,reference,192,gf_mul,25,3926,0x2bf8b731
12,B-A,2,reference,192,gf_mul,26,3926,0x2bf8b731
12,B-A,2,reference,192,gf_mul,27,3926,0x2bf8b731
12,B-A,2,reference,192,gf_mul,28,3926,0x2bf8b731
12,B-A,2,reference,192,gf_mul,29,3926,0x2bf8b731
12,B-A,2,reference,192,gf_mul,30,3926,0x2bf8b731
12,B-A,2,reference,192,gf_mul,31,3926,0x2bf8b731
12,B-A,2,reference,192,gf_mul,32,3926,0x2bf8b731
12,B-A,2,reference,192,gf_mul,33,3926,0x2bf8b731
12,B-A,2,reference,192,gf_mul,34,3926,0x2bf8b731
12,B-A,2,reference,192,gf_mul,35,3926,0x2bf8b731
12,B-A,2,reference,192,gf_mul,36,3926,0x2bf8b731
12,B-A,2,reference,192,gf_mul,37,3926,0x2bf8b731
12,B-A,2,reference,192,gf_mul,38,3926,0x2bf8b731
12,B-A,2,reference,192,gf_mul,39,3926,0x2bf8b731
12,B-A,2,reference,192,gf_mul,40,3926,0x2bf8b731
12,B-A,2,reference,192,gf_mul,41,3926,0x2bf8b731
12,B-A,2,reference,192,gf_mul,42,3926,0x2bf8b731
12,B-A,2,reference,192,gf_mul,43,3926,0x2bf8b731
12,B-A,2,reference,192,gf_mul,44,3926,0x2bf8b731
12,B-A,2,reference,192,gf_mul,45,3926,0x2bf8b731
12,B-A,2,reference,192,gf_mul,46,3926,0x2bf8b731
12,B-A,2,reference,192,gf_mul,47,3926,0x2bf8b731
12,B-A,2,reference,192,gf_mul,48,3926,0x2bf8b731
12,B-A,2,reference,192,gf_mul,49,3926,0x2bf8b731
12,B-A,2,reference,192,gf_sqr,0,144,0x2bf8b731
12,B-A,2,reference,192,gf_sqr,1,144,0x2bf8b731
12,B-A,2,reference,192,gf_sqr,2,143,0x2bf8b731
12,B-A,2,reference,192,gf_sqr,3,144,0x2bf8b731
12,B-A,2,reference,192,gf_sqr,4,144,0x2bf8b731
12,B-A,2,reference,192,gf_sqr,5,144,0x2bf8b731
12,B-A,2,reference,192,gf_sqr,6,144,0x2bf8b731
12,B-A,2,reference,192,gf_sqr,7,144,0x2bf8b731
12,B-A,2,reference,192,gf_sqr,8,144,0x2bf8b731
12,B-A,2,reference,192,gf_sqr,9,144,0x2bf8b731
12,B-A,2,reference,192,gf_sqr,10,144,0x2bf8b731
12,B-A,2,reference,192,gf_sqr,11,144,0x2bf8b731
12,B-A,2,reference,192,gf_sqr,12,144,0x2bf8b731
12,B-A,2,reference,192,gf_sqr,13,144,0x2bf8b731
12,B-A,2,reference,192,gf_sqr,14,144,0x2bf8b731
12,B-A,2,reference,192,gf_sqr,15,144,0x2bf8b731
12,B-A,2,reference,192,gf_sqr,16,144,0x2bf8b731
12,B-A,2,reference,192,gf_sqr,17,144,0x2bf8b731
12,B-A,2,reference,192,gf_sqr,18,144,0x2bf8b731
12,B-A,2,reference,192,gf_sqr,19,144,0x2bf8b731
12,B-A,2,reference,192,gf_sqr,20,144,0x2bf8b731
12,B-A,2,reference,192,gf_sqr,21,144,0x2bf8b731
12,B-A,2,reference,192,gf_sqr,22,144,0x2bf8b731
12,B-A,2,reference,192,gf_sqr,23,144,0x2bf8b731
12,B-A,2,reference,192,gf_sqr,24,144,0x2bf8b731
12,B-A,2,reference,192,gf_sqr,25,144,0x2bf8b731
12,B-A,2,reference,192,gf_sqr,26,144,0x2bf8b731
12,B-A,2,reference,192,gf_sqr,27,144,0x2bf8b731
12,B-A,2,reference,192,gf_sqr,28,144,0x2bf8b731
12,B-A,2,reference,192,gf_sqr,29,144,0x2bf8b731
12,B-A,2,reference,192,gf_sqr,30,144,0x2bf8b731
12,B-A,2,reference,192,gf_sqr,31,144,0x2bf8b731
12,B-A,2,reference,192,gf_sqr,32,144,0x2bf8b731
12,B-A,2,reference,192,gf_sqr,33,144,0x2bf8b731
12,B-A,2,reference,192,gf_sqr,34,144,0x2bf8b731
12,B-A,2,reference,192,gf_sqr,35,144,0x2bf8b731
12,B-A,2,reference,192,gf_sqr,36,144,0x2bf8b731
12,B-A,2,reference,192,gf_sqr,37,144,0x2bf8b731
12,B-A,2,reference,192,gf_sqr,38,144,0x2bf8b731
12,B-A,2,reference,192,gf_sqr,39,144,0x2bf8b731
12,B-A,2,reference,192,gf_sqr,40,144,0x2bf8b731
12,B-A,2,reference,192,gf_sqr,41,144,0x2bf8b731
12,B-A,2,reference,192,gf_sqr,42,144,0x2bf8b731
12,B-A,2,reference,192,gf_sqr,43,144,0x2bf8b731
12,B-A,2,reference,192,gf_sqr,44,144,0x2bf8b731
12,B-A,2,reference,192,gf_sqr,45,144,0x2bf8b731
12,B-A,2,reference,192,gf_sqr,46,144,0x2bf8b731
12,B-A,2,reference,192,gf_sqr,47,144,0x2bf8b731
12,B-A,2,reference,192,gf_sqr,48,144,0x2bf8b731
12,B-A,2,reference,192,gf_sqr,49,144,0x2bf8b731
12,B-A,1,optimized,256,gf_mul,0,5942,0x283807e5
12,B-A,1,optimized,256,gf_mul,1,5940,0x283807e5
12,B-A,1,optimized,256,gf_mul,2,5941,0x283807e5
12,B-A,1,optimized,256,gf_mul,3,5940,0x283807e5
12,B-A,1,optimized,256,gf_mul,4,5940,0x283807e5
12,B-A,1,optimized,256,gf_mul,5,5940,0x283807e5
12,B-A,1,optimized,256,gf_mul,6,5940,0x283807e5
12,B-A,1,optimized,256,gf_mul,7,5940,0x283807e5
12,B-A,1,optimized,256,gf_mul,8,5940,0x283807e5
12,B-A,1,optimized,256,gf_mul,9,5940,0x283807e5
12,B-A,1,optimized,256,gf_mul,10,5940,0x283807e5
12,B-A,1,optimized,256,gf_mul,11,5940,0x283807e5
12,B-A,1,optimized,256,gf_mul,12,5940,0x283807e5
12,B-A,1,optimized,256,gf_mul,13,5940,0x283807e5
12,B-A,1,optimized,256,gf_mul,14,5940,0x283807e5
12,B-A,1,optimized,256,gf_mul,15,5940,0x283807e5
12,B-A,1,optimized,256,gf_mul,16,5940,0x283807e5
12,B-A,1,optimized,256,gf_mul,17,5940,0x283807e5
12,B-A,1,optimized,256,gf_mul,18,5940,0x283807e5
12,B-A,1,optimized,256,gf_mul,19,5940,0x283807e5
12,B-A,1,optimized,256,gf_mul,20,5940,0x283807e5
12,B-A,1,optimized,256,gf_mul,21,5940,0x283807e5
12,B-A,1,optimized,256,gf_mul,22,5940,0x283807e5
12,B-A,1,optimized,256,gf_mul,23,5940,0x283807e5
12,B-A,1,optimized,256,gf_mul,24,5940,0x283807e5
12,B-A,1,optimized,256,gf_mul,25,5940,0x283807e5
12,B-A,1,optimized,256,gf_mul,26,5940,0x283807e5
12,B-A,1,optimized,256,gf_mul,27,5940,0x283807e5
12,B-A,1,optimized,256,gf_mul,28,5940,0x283807e5
12,B-A,1,optimized,256,gf_mul,29,5940,0x283807e5
12,B-A,1,optimized,256,gf_mul,30,5940,0x283807e5
12,B-A,1,optimized,256,gf_mul,31,5940,0x283807e5
12,B-A,1,optimized,256,gf_mul,32,5940,0x283807e5
12,B-A,1,optimized,256,gf_mul,33,5940,0x283807e5
12,B-A,1,optimized,256,gf_mul,34,5940,0x283807e5
12,B-A,1,optimized,256,gf_mul,35,5940,0x283807e5
12,B-A,1,optimized,256,gf_mul,36,5940,0x283807e5
12,B-A,1,optimized,256,gf_mul,37,5940,0x283807e5
12,B-A,1,optimized,256,gf_mul,38,5940,0x283807e5
12,B-A,1,optimized,256,gf_mul,39,5940,0x283807e5
12,B-A,1,optimized,256,gf_mul,40,5940,0x283807e5
12,B-A,1,optimized,256,gf_mul,41,5940,0x283807e5
12,B-A,1,optimized,256,gf_mul,42,5940,0x283807e5
12,B-A,1,optimized,256,gf_mul,43,5940,0x283807e5
12,B-A,1,optimized,256,gf_mul,44,5940,0x283807e5
12,B-A,1,optimized,256,gf_mul,45,5940,0x283807e5
12,B-A,1,optimized,256,gf_mul,46,5940,0x283807e5
12,B-A,1,optimized,256,gf_mul,47,5940,0x283807e5
12,B-A,1,optimized,256,gf_mul,48,5940,0x283807e5
12,B-A,1,optimized,256,gf_mul,49,5940,0x283807e5
12,B-A,1,optimized,256,gf_sqr,0,202,0x283807e5
12,B-A,1,optimized,256,gf_sqr,1,200,0x283807e5
12,B-A,1,optimized,256,gf_sqr,2,201,0x283807e5
12,B-A,1,optimized,256,gf_sqr,3,200,0x283807e5
12,B-A,1,optimized,256,gf_sqr,4,200,0x283807e5
12,B-A,1,optimized,256,gf_sqr,5,200,0x283807e5
12,B-A,1,optimized,256,gf_sqr,6,200,0x283807e5
12,B-A,1,optimized,256,gf_sqr,7,200,0x283807e5
12,B-A,1,optimized,256,gf_sqr,8,200,0x283807e5
12,B-A,1,optimized,256,gf_sqr,9,200,0x283807e5
12,B-A,1,optimized,256,gf_sqr,10,200,0x283807e5
12,B-A,1,optimized,256,gf_sqr,11,200,0x283807e5
12,B-A,1,optimized,256,gf_sqr,12,200,0x283807e5
12,B-A,1,optimized,256,gf_sqr,13,200,0x283807e5
12,B-A,1,optimized,256,gf_sqr,14,200,0x283807e5
12,B-A,1,optimized,256,gf_sqr,15,200,0x283807e5
12,B-A,1,optimized,256,gf_sqr,16,200,0x283807e5
12,B-A,1,optimized,256,gf_sqr,17,200,0x283807e5
12,B-A,1,optimized,256,gf_sqr,18,200,0x283807e5
12,B-A,1,optimized,256,gf_sqr,19,200,0x283807e5
12,B-A,1,optimized,256,gf_sqr,20,200,0x283807e5
12,B-A,1,optimized,256,gf_sqr,21,200,0x283807e5
12,B-A,1,optimized,256,gf_sqr,22,200,0x283807e5
12,B-A,1,optimized,256,gf_sqr,23,200,0x283807e5
12,B-A,1,optimized,256,gf_sqr,24,200,0x283807e5
12,B-A,1,optimized,256,gf_sqr,25,200,0x283807e5
12,B-A,1,optimized,256,gf_sqr,26,200,0x283807e5
12,B-A,1,optimized,256,gf_sqr,27,200,0x283807e5
12,B-A,1,optimized,256,gf_sqr,28,200,0x283807e5
12,B-A,1,optimized,256,gf_sqr,29,200,0x283807e5
12,B-A,1,optimized,256,gf_sqr,30,200,0x283807e5
12,B-A,1,optimized,256,gf_sqr,31,200,0x283807e5
12,B-A,1,optimized,256,gf_sqr,32,200,0x283807e5
12,B-A,1,optimized,256,gf_sqr,33,200,0x283807e5
12,B-A,1,optimized,256,gf_sqr,34,200,0x283807e5
12,B-A,1,optimized,256,gf_sqr,35,200,0x283807e5
12,B-A,1,optimized,256,gf_sqr,36,200,0x283807e5
12,B-A,1,optimized,256,gf_sqr,37,200,0x283807e5
12,B-A,1,optimized,256,gf_sqr,38,200,0x283807e5
12,B-A,1,optimized,256,gf_sqr,39,200,0x283807e5
12,B-A,1,optimized,256,gf_sqr,40,200,0x283807e5
12,B-A,1,optimized,256,gf_sqr,41,200,0x283807e5
12,B-A,1,optimized,256,gf_sqr,42,200,0x283807e5
12,B-A,1,optimized,256,gf_sqr,43,200,0x283807e5
12,B-A,1,optimized,256,gf_sqr,44,200,0x283807e5
12,B-A,1,optimized,256,gf_sqr,45,200,0x283807e5
12,B-A,1,optimized,256,gf_sqr,46,200,0x283807e5
12,B-A,1,optimized,256,gf_sqr,47,200,0x283807e5
12,B-A,1,optimized,256,gf_sqr,48,200,0x283807e5
12,B-A,1,optimized,256,gf_sqr,49,200,0x283807e5
12,B-A,2,reference,256,gf_mul,0,5933,0x283807e5
12,B-A,2,reference,256,gf_mul,1,5932,0x283807e5
12,B-A,2,reference,256,gf_mul,2,5932,0x283807e5
12,B-A,2,reference,256,gf_mul,3,5931,0x283807e5
12,B-A,2,reference,256,gf_mul,4,5931,0x283807e5
12,B-A,2,reference,256,gf_mul,5,5931,0x283807e5
12,B-A,2,reference,256,gf_mul,6,5931,0x283807e5
12,B-A,2,reference,256,gf_mul,7,5931,0x283807e5
12,B-A,2,reference,256,gf_mul,8,5931,0x283807e5
12,B-A,2,reference,256,gf_mul,9,5931,0x283807e5
12,B-A,2,reference,256,gf_mul,10,5931,0x283807e5
12,B-A,2,reference,256,gf_mul,11,5931,0x283807e5
12,B-A,2,reference,256,gf_mul,12,5931,0x283807e5
12,B-A,2,reference,256,gf_mul,13,5931,0x283807e5
12,B-A,2,reference,256,gf_mul,14,5931,0x283807e5
12,B-A,2,reference,256,gf_mul,15,5931,0x283807e5
12,B-A,2,reference,256,gf_mul,16,5931,0x283807e5
12,B-A,2,reference,256,gf_mul,17,5931,0x283807e5
12,B-A,2,reference,256,gf_mul,18,5931,0x283807e5
12,B-A,2,reference,256,gf_mul,19,5931,0x283807e5
12,B-A,2,reference,256,gf_mul,20,5931,0x283807e5
12,B-A,2,reference,256,gf_mul,21,5931,0x283807e5
12,B-A,2,reference,256,gf_mul,22,5931,0x283807e5
12,B-A,2,reference,256,gf_mul,23,5931,0x283807e5
12,B-A,2,reference,256,gf_mul,24,5931,0x283807e5
12,B-A,2,reference,256,gf_mul,25,5931,0x283807e5
12,B-A,2,reference,256,gf_mul,26,5931,0x283807e5
12,B-A,2,reference,256,gf_mul,27,5931,0x283807e5
12,B-A,2,reference,256,gf_mul,28,5931,0x283807e5
12,B-A,2,reference,256,gf_mul,29,5931,0x283807e5
12,B-A,2,reference,256,gf_mul,30,5931,0x283807e5
12,B-A,2,reference,256,gf_mul,31,5931,0x283807e5
12,B-A,2,reference,256,gf_mul,32,5931,0x283807e5
12,B-A,2,reference,256,gf_mul,33,5931,0x283807e5
12,B-A,2,reference,256,gf_mul,34,5931,0x283807e5
12,B-A,2,reference,256,gf_mul,35,5931,0x283807e5
12,B-A,2,reference,256,gf_mul,36,5931,0x283807e5
12,B-A,2,reference,256,gf_mul,37,5931,0x283807e5
12,B-A,2,reference,256,gf_mul,38,5931,0x283807e5
12,B-A,2,reference,256,gf_mul,39,5931,0x283807e5
12,B-A,2,reference,256,gf_mul,40,5931,0x283807e5
12,B-A,2,reference,256,gf_mul,41,5931,0x283807e5
12,B-A,2,reference,256,gf_mul,42,5931,0x283807e5
12,B-A,2,reference,256,gf_mul,43,5931,0x283807e5
12,B-A,2,reference,256,gf_mul,44,5931,0x283807e5
12,B-A,2,reference,256,gf_mul,45,5931,0x283807e5
12,B-A,2,reference,256,gf_mul,46,5931,0x283807e5
12,B-A,2,reference,256,gf_mul,47,5931,0x283807e5
12,B-A,2,reference,256,gf_mul,48,5931,0x283807e5
12,B-A,2,reference,256,gf_mul,49,5931,0x283807e5
12,B-A,2,reference,256,gf_sqr,0,203,0x283807e5
12,B-A,2,reference,256,gf_sqr,1,202,0x283807e5
12,B-A,2,reference,256,gf_sqr,2,203,0x283807e5
12,B-A,2,reference,256,gf_sqr,3,202,0x283807e5
12,B-A,2,reference,256,gf_sqr,4,202,0x283807e5
12,B-A,2,reference,256,gf_sqr,5,202,0x283807e5
12,B-A,2,reference,256,gf_sqr,6,202,0x283807e5
12,B-A,2,reference,256,gf_sqr,7,202,0x283807e5
12,B-A,2,reference,256,gf_sqr,8,202,0x283807e5
12,B-A,2,reference,256,gf_sqr,9,202,0x283807e5
12,B-A,2,reference,256,gf_sqr,10,202,0x283807e5
12,B-A,2,reference,256,gf_sqr,11,202,0x283807e5
12,B-A,2,reference,256,gf_sqr,12,202,0x283807e5
12,B-A,2,reference,256,gf_sqr,13,202,0x283807e5
12,B-A,2,reference,256,gf_sqr,14,202,0x283807e5
12,B-A,2,reference,256,gf_sqr,15,202,0x283807e5
12,B-A,2,reference,256,gf_sqr,16,202,0x283807e5
12,B-A,2,reference,256,gf_sqr,17,202,0x283807e5
12,B-A,2,reference,256,gf_sqr,18,202,0x283807e5
12,B-A,2,reference,256,gf_sqr,19,202,0x283807e5
12,B-A,2,reference,256,gf_sqr,20,202,0x283807e5
12,B-A,2,reference,256,gf_sqr,21,202,0x283807e5
12,B-A,2,reference,256,gf_sqr,22,202,0x283807e5
12,B-A,2,reference,256,gf_sqr,23,202,0x283807e5
12,B-A,2,reference,256,gf_sqr,24,202,0x283807e5
12,B-A,2,reference,256,gf_sqr,25,202,0x283807e5
12,B-A,2,reference,256,gf_sqr,26,202,0x283807e5
12,B-A,2,reference,256,gf_sqr,27,202,0x283807e5
12,B-A,2,reference,256,gf_sqr,28,202,0x283807e5
12,B-A,2,reference,256,gf_sqr,29,202,0x283807e5
12,B-A,2,reference,256,gf_sqr,30,202,0x283807e5
12,B-A,2,reference,256,gf_sqr,31,202,0x283807e5
12,B-A,2,reference,256,gf_sqr,32,202,0x283807e5
12,B-A,2,reference,256,gf_sqr,33,202,0x283807e5
12,B-A,2,reference,256,gf_sqr,34,202,0x283807e5
12,B-A,2,reference,256,gf_sqr,35,202,0x283807e5
12,B-A,2,reference,256,gf_sqr,36,202,0x283807e5
12,B-A,2,reference,256,gf_sqr,37,202,0x283807e5
12,B-A,2,reference,256,gf_sqr,38,202,0x283807e5
12,B-A,2,reference,256,gf_sqr,39,202,0x283807e5
12,B-A,2,reference,256,gf_sqr,40,202,0x283807e5
12,B-A,2,reference,256,gf_sqr,41,202,0x283807e5
12,B-A,2,reference,256,gf_sqr,42,202,0x283807e5
12,B-A,2,reference,256,gf_sqr,43,202,0x283807e5
12,B-A,2,reference,256,gf_sqr,44,202,0x283807e5
12,B-A,2,reference,256,gf_sqr,45,202,0x283807e5
12,B-A,2,reference,256,gf_sqr,46,202,0x283807e5
12,B-A,2,reference,256,gf_sqr,47,202,0x283807e5
12,B-A,2,reference,256,gf_sqr,48,202,0x283807e5
12,B-A,2,reference,256,gf_sqr,49,202,0x283807e5
13,A-B,1,reference,128,gf_mul,0,1969,0x54cada71
13,A-B,1,reference,128,gf_mul,1,1965,0x54cada71
13,A-B,1,reference,128,gf_mul,2,1965,0x54cada71
13,A-B,1,reference,128,gf_mul,3,1964,0x54cada71
13,A-B,1,reference,128,gf_mul,4,1964,0x54cada71
13,A-B,1,reference,128,gf_mul,5,1964,0x54cada71
13,A-B,1,reference,128,gf_mul,6,1964,0x54cada71
13,A-B,1,reference,128,gf_mul,7,1964,0x54cada71
13,A-B,1,reference,128,gf_mul,8,1964,0x54cada71
13,A-B,1,reference,128,gf_mul,9,1964,0x54cada71
13,A-B,1,reference,128,gf_mul,10,1964,0x54cada71
13,A-B,1,reference,128,gf_mul,11,1964,0x54cada71
13,A-B,1,reference,128,gf_mul,12,1964,0x54cada71
13,A-B,1,reference,128,gf_mul,13,1964,0x54cada71
13,A-B,1,reference,128,gf_mul,14,1964,0x54cada71
13,A-B,1,reference,128,gf_mul,15,1964,0x54cada71
13,A-B,1,reference,128,gf_mul,16,1964,0x54cada71
13,A-B,1,reference,128,gf_mul,17,1964,0x54cada71
13,A-B,1,reference,128,gf_mul,18,1964,0x54cada71
13,A-B,1,reference,128,gf_mul,19,1964,0x54cada71
13,A-B,1,reference,128,gf_mul,20,1964,0x54cada71
13,A-B,1,reference,128,gf_mul,21,1964,0x54cada71
13,A-B,1,reference,128,gf_mul,22,1964,0x54cada71
13,A-B,1,reference,128,gf_mul,23,1964,0x54cada71
13,A-B,1,reference,128,gf_mul,24,1964,0x54cada71
13,A-B,1,reference,128,gf_mul,25,1964,0x54cada71
13,A-B,1,reference,128,gf_mul,26,1964,0x54cada71
13,A-B,1,reference,128,gf_mul,27,1964,0x54cada71
13,A-B,1,reference,128,gf_mul,28,1964,0x54cada71
13,A-B,1,reference,128,gf_mul,29,1964,0x54cada71
13,A-B,1,reference,128,gf_mul,30,1964,0x54cada71
13,A-B,1,reference,128,gf_mul,31,1964,0x54cada71
13,A-B,1,reference,128,gf_mul,32,1964,0x54cada71
13,A-B,1,reference,128,gf_mul,33,1964,0x54cada71
13,A-B,1,reference,128,gf_mul,34,1964,0x54cada71
13,A-B,1,reference,128,gf_mul,35,1964,0x54cada71
13,A-B,1,reference,128,gf_mul,36,1964,0x54cada71
13,A-B,1,reference,128,gf_mul,37,1964,0x54cada71
13,A-B,1,reference,128,gf_mul,38,1964,0x54cada71
13,A-B,1,reference,128,gf_mul,39,1964,0x54cada71
13,A-B,1,reference,128,gf_mul,40,1964,0x54cada71
13,A-B,1,reference,128,gf_mul,41,1964,0x54cada71
13,A-B,1,reference,128,gf_mul,42,1964,0x54cada71
13,A-B,1,reference,128,gf_mul,43,1964,0x54cada71
13,A-B,1,reference,128,gf_mul,44,1964,0x54cada71
13,A-B,1,reference,128,gf_mul,45,1964,0x54cada71
13,A-B,1,reference,128,gf_mul,46,1964,0x54cada71
13,A-B,1,reference,128,gf_mul,47,1964,0x54cada71
13,A-B,1,reference,128,gf_mul,48,1964,0x54cada71
13,A-B,1,reference,128,gf_mul,49,1964,0x54cada71
13,A-B,1,reference,128,gf_sqr,0,107,0x54cada71
13,A-B,1,reference,128,gf_sqr,1,103,0x54cada71
13,A-B,1,reference,128,gf_sqr,2,103,0x54cada71
13,A-B,1,reference,128,gf_sqr,3,102,0x54cada71
13,A-B,1,reference,128,gf_sqr,4,102,0x54cada71
13,A-B,1,reference,128,gf_sqr,5,102,0x54cada71
13,A-B,1,reference,128,gf_sqr,6,102,0x54cada71
13,A-B,1,reference,128,gf_sqr,7,102,0x54cada71
13,A-B,1,reference,128,gf_sqr,8,102,0x54cada71
13,A-B,1,reference,128,gf_sqr,9,102,0x54cada71
13,A-B,1,reference,128,gf_sqr,10,102,0x54cada71
13,A-B,1,reference,128,gf_sqr,11,102,0x54cada71
13,A-B,1,reference,128,gf_sqr,12,102,0x54cada71
13,A-B,1,reference,128,gf_sqr,13,102,0x54cada71
13,A-B,1,reference,128,gf_sqr,14,102,0x54cada71
13,A-B,1,reference,128,gf_sqr,15,102,0x54cada71
13,A-B,1,reference,128,gf_sqr,16,102,0x54cada71
13,A-B,1,reference,128,gf_sqr,17,102,0x54cada71
13,A-B,1,reference,128,gf_sqr,18,102,0x54cada71
13,A-B,1,reference,128,gf_sqr,19,102,0x54cada71
13,A-B,1,reference,128,gf_sqr,20,102,0x54cada71
13,A-B,1,reference,128,gf_sqr,21,102,0x54cada71
13,A-B,1,reference,128,gf_sqr,22,102,0x54cada71
13,A-B,1,reference,128,gf_sqr,23,102,0x54cada71
13,A-B,1,reference,128,gf_sqr,24,102,0x54cada71
13,A-B,1,reference,128,gf_sqr,25,102,0x54cada71
13,A-B,1,reference,128,gf_sqr,26,102,0x54cada71
13,A-B,1,reference,128,gf_sqr,27,102,0x54cada71
13,A-B,1,reference,128,gf_sqr,28,102,0x54cada71
13,A-B,1,reference,128,gf_sqr,29,102,0x54cada71
13,A-B,1,reference,128,gf_sqr,30,102,0x54cada71
13,A-B,1,reference,128,gf_sqr,31,102,0x54cada71
13,A-B,1,reference,128,gf_sqr,32,102,0x54cada71
13,A-B,1,reference,128,gf_sqr,33,102,0x54cada71
13,A-B,1,reference,128,gf_sqr,34,102,0x54cada71
13,A-B,1,reference,128,gf_sqr,35,102,0x54cada71
13,A-B,1,reference,128,gf_sqr,36,102,0x54cada71
13,A-B,1,reference,128,gf_sqr,37,102,0x54cada71
13,A-B,1,reference,128,gf_sqr,38,102,0x54cada71
13,A-B,1,reference,128,gf_sqr,39,102,0x54cada71
13,A-B,1,reference,128,gf_sqr,40,102,0x54cada71
13,A-B,1,reference,128,gf_sqr,41,102,0x54cada71
13,A-B,1,reference,128,gf_sqr,42,102,0x54cada71
13,A-B,1,reference,128,gf_sqr,43,102,0x54cada71
13,A-B,1,reference,128,gf_sqr,44,102,0x54cada71
13,A-B,1,reference,128,gf_sqr,45,102,0x54cada71
13,A-B,1,reference,128,gf_sqr,46,102,0x54cada71
13,A-B,1,reference,128,gf_sqr,47,102,0x54cada71
13,A-B,1,reference,128,gf_sqr,48,102,0x54cada71
13,A-B,1,reference,128,gf_sqr,49,102,0x54cada71
13,A-B,2,optimized,128,gf_mul,0,1969,0x54cada71
13,A-B,2,optimized,128,gf_mul,1,1968,0x54cada71
13,A-B,2,optimized,128,gf_mul,2,1968,0x54cada71
13,A-B,2,optimized,128,gf_mul,3,1967,0x54cada71
13,A-B,2,optimized,128,gf_mul,4,1967,0x54cada71
13,A-B,2,optimized,128,gf_mul,5,1967,0x54cada71
13,A-B,2,optimized,128,gf_mul,6,1967,0x54cada71
13,A-B,2,optimized,128,gf_mul,7,1967,0x54cada71
13,A-B,2,optimized,128,gf_mul,8,1967,0x54cada71
13,A-B,2,optimized,128,gf_mul,9,1967,0x54cada71
13,A-B,2,optimized,128,gf_mul,10,1967,0x54cada71
13,A-B,2,optimized,128,gf_mul,11,1967,0x54cada71
13,A-B,2,optimized,128,gf_mul,12,1967,0x54cada71
13,A-B,2,optimized,128,gf_mul,13,1967,0x54cada71
13,A-B,2,optimized,128,gf_mul,14,1967,0x54cada71
13,A-B,2,optimized,128,gf_mul,15,1967,0x54cada71
13,A-B,2,optimized,128,gf_mul,16,1967,0x54cada71
13,A-B,2,optimized,128,gf_mul,17,1967,0x54cada71
13,A-B,2,optimized,128,gf_mul,18,1967,0x54cada71
13,A-B,2,optimized,128,gf_mul,19,1967,0x54cada71
13,A-B,2,optimized,128,gf_mul,20,1967,0x54cada71
13,A-B,2,optimized,128,gf_mul,21,1967,0x54cada71
13,A-B,2,optimized,128,gf_mul,22,1967,0x54cada71
13,A-B,2,optimized,128,gf_mul,23,1967,0x54cada71
13,A-B,2,optimized,128,gf_mul,24,1967,0x54cada71
13,A-B,2,optimized,128,gf_mul,25,1967,0x54cada71
13,A-B,2,optimized,128,gf_mul,26,1967,0x54cada71
13,A-B,2,optimized,128,gf_mul,27,1967,0x54cada71
13,A-B,2,optimized,128,gf_mul,28,1967,0x54cada71
13,A-B,2,optimized,128,gf_mul,29,1967,0x54cada71
13,A-B,2,optimized,128,gf_mul,30,1967,0x54cada71
13,A-B,2,optimized,128,gf_mul,31,1967,0x54cada71
13,A-B,2,optimized,128,gf_mul,32,1967,0x54cada71
13,A-B,2,optimized,128,gf_mul,33,1967,0x54cada71
13,A-B,2,optimized,128,gf_mul,34,1967,0x54cada71
13,A-B,2,optimized,128,gf_mul,35,1967,0x54cada71
13,A-B,2,optimized,128,gf_mul,36,1967,0x54cada71
13,A-B,2,optimized,128,gf_mul,37,1967,0x54cada71
13,A-B,2,optimized,128,gf_mul,38,1967,0x54cada71
13,A-B,2,optimized,128,gf_mul,39,1967,0x54cada71
13,A-B,2,optimized,128,gf_mul,40,1967,0x54cada71
13,A-B,2,optimized,128,gf_mul,41,1967,0x54cada71
13,A-B,2,optimized,128,gf_mul,42,1967,0x54cada71
13,A-B,2,optimized,128,gf_mul,43,1967,0x54cada71
13,A-B,2,optimized,128,gf_mul,44,1967,0x54cada71
13,A-B,2,optimized,128,gf_mul,45,1967,0x54cada71
13,A-B,2,optimized,128,gf_mul,46,1967,0x54cada71
13,A-B,2,optimized,128,gf_mul,47,1967,0x54cada71
13,A-B,2,optimized,128,gf_mul,48,1967,0x54cada71
13,A-B,2,optimized,128,gf_mul,49,1967,0x54cada71
13,A-B,2,optimized,128,gf_sqr,0,107,0x54cada71
13,A-B,2,optimized,128,gf_sqr,1,107,0x54cada71
13,A-B,2,optimized,128,gf_sqr,2,107,0x54cada71
13,A-B,2,optimized,128,gf_sqr,3,106,0x54cada71
13,A-B,2,optimized,128,gf_sqr,4,106,0x54cada71
13,A-B,2,optimized,128,gf_sqr,5,106,0x54cada71
13,A-B,2,optimized,128,gf_sqr,6,106,0x54cada71
13,A-B,2,optimized,128,gf_sqr,7,106,0x54cada71
13,A-B,2,optimized,128,gf_sqr,8,106,0x54cada71
13,A-B,2,optimized,128,gf_sqr,9,106,0x54cada71
13,A-B,2,optimized,128,gf_sqr,10,106,0x54cada71
13,A-B,2,optimized,128,gf_sqr,11,106,0x54cada71
13,A-B,2,optimized,128,gf_sqr,12,106,0x54cada71
13,A-B,2,optimized,128,gf_sqr,13,106,0x54cada71
13,A-B,2,optimized,128,gf_sqr,14,106,0x54cada71
13,A-B,2,optimized,128,gf_sqr,15,106,0x54cada71
13,A-B,2,optimized,128,gf_sqr,16,106,0x54cada71
13,A-B,2,optimized,128,gf_sqr,17,106,0x54cada71
13,A-B,2,optimized,128,gf_sqr,18,106,0x54cada71
13,A-B,2,optimized,128,gf_sqr,19,106,0x54cada71
13,A-B,2,optimized,128,gf_sqr,20,106,0x54cada71
13,A-B,2,optimized,128,gf_sqr,21,106,0x54cada71
13,A-B,2,optimized,128,gf_sqr,22,106,0x54cada71
13,A-B,2,optimized,128,gf_sqr,23,106,0x54cada71
13,A-B,2,optimized,128,gf_sqr,24,106,0x54cada71
13,A-B,2,optimized,128,gf_sqr,25,106,0x54cada71
13,A-B,2,optimized,128,gf_sqr,26,106,0x54cada71
13,A-B,2,optimized,128,gf_sqr,27,106,0x54cada71
13,A-B,2,optimized,128,gf_sqr,28,106,0x54cada71
13,A-B,2,optimized,128,gf_sqr,29,106,0x54cada71
13,A-B,2,optimized,128,gf_sqr,30,106,0x54cada71
13,A-B,2,optimized,128,gf_sqr,31,106,0x54cada71
13,A-B,2,optimized,128,gf_sqr,32,106,0x54cada71
13,A-B,2,optimized,128,gf_sqr,33,106,0x54cada71
13,A-B,2,optimized,128,gf_sqr,34,106,0x54cada71
13,A-B,2,optimized,128,gf_sqr,35,106,0x54cada71
13,A-B,2,optimized,128,gf_sqr,36,106,0x54cada71
13,A-B,2,optimized,128,gf_sqr,37,106,0x54cada71
13,A-B,2,optimized,128,gf_sqr,38,106,0x54cada71
13,A-B,2,optimized,128,gf_sqr,39,106,0x54cada71
13,A-B,2,optimized,128,gf_sqr,40,106,0x54cada71
13,A-B,2,optimized,128,gf_sqr,41,106,0x54cada71
13,A-B,2,optimized,128,gf_sqr,42,106,0x54cada71
13,A-B,2,optimized,128,gf_sqr,43,106,0x54cada71
13,A-B,2,optimized,128,gf_sqr,44,106,0x54cada71
13,A-B,2,optimized,128,gf_sqr,45,106,0x54cada71
13,A-B,2,optimized,128,gf_sqr,46,106,0x54cada71
13,A-B,2,optimized,128,gf_sqr,47,106,0x54cada71
13,A-B,2,optimized,128,gf_sqr,48,106,0x54cada71
13,A-B,2,optimized,128,gf_sqr,49,106,0x54cada71
13,A-B,1,reference,192,gf_mul,0,3927,0x2bf8b731
13,A-B,1,reference,192,gf_mul,1,3927,0x2bf8b731
13,A-B,1,reference,192,gf_mul,2,3927,0x2bf8b731
13,A-B,1,reference,192,gf_mul,3,3926,0x2bf8b731
13,A-B,1,reference,192,gf_mul,4,3926,0x2bf8b731
13,A-B,1,reference,192,gf_mul,5,3926,0x2bf8b731
13,A-B,1,reference,192,gf_mul,6,3926,0x2bf8b731
13,A-B,1,reference,192,gf_mul,7,3926,0x2bf8b731
13,A-B,1,reference,192,gf_mul,8,3926,0x2bf8b731
13,A-B,1,reference,192,gf_mul,9,3926,0x2bf8b731
13,A-B,1,reference,192,gf_mul,10,3926,0x2bf8b731
13,A-B,1,reference,192,gf_mul,11,3926,0x2bf8b731
13,A-B,1,reference,192,gf_mul,12,3926,0x2bf8b731
13,A-B,1,reference,192,gf_mul,13,3926,0x2bf8b731
13,A-B,1,reference,192,gf_mul,14,3926,0x2bf8b731
13,A-B,1,reference,192,gf_mul,15,3926,0x2bf8b731
13,A-B,1,reference,192,gf_mul,16,3926,0x2bf8b731
13,A-B,1,reference,192,gf_mul,17,3926,0x2bf8b731
13,A-B,1,reference,192,gf_mul,18,3926,0x2bf8b731
13,A-B,1,reference,192,gf_mul,19,3926,0x2bf8b731
13,A-B,1,reference,192,gf_mul,20,3926,0x2bf8b731
13,A-B,1,reference,192,gf_mul,21,3926,0x2bf8b731
13,A-B,1,reference,192,gf_mul,22,3926,0x2bf8b731
13,A-B,1,reference,192,gf_mul,23,3926,0x2bf8b731
13,A-B,1,reference,192,gf_mul,24,3926,0x2bf8b731
13,A-B,1,reference,192,gf_mul,25,3926,0x2bf8b731
13,A-B,1,reference,192,gf_mul,26,3926,0x2bf8b731
13,A-B,1,reference,192,gf_mul,27,3926,0x2bf8b731
13,A-B,1,reference,192,gf_mul,28,3926,0x2bf8b731
13,A-B,1,reference,192,gf_mul,29,3926,0x2bf8b731
13,A-B,1,reference,192,gf_mul,30,3926,0x2bf8b731
13,A-B,1,reference,192,gf_mul,31,3926,0x2bf8b731
13,A-B,1,reference,192,gf_mul,32,3926,0x2bf8b731
13,A-B,1,reference,192,gf_mul,33,3926,0x2bf8b731
13,A-B,1,reference,192,gf_mul,34,3926,0x2bf8b731
13,A-B,1,reference,192,gf_mul,35,3926,0x2bf8b731
13,A-B,1,reference,192,gf_mul,36,3926,0x2bf8b731
13,A-B,1,reference,192,gf_mul,37,3926,0x2bf8b731
13,A-B,1,reference,192,gf_mul,38,3926,0x2bf8b731
13,A-B,1,reference,192,gf_mul,39,3926,0x2bf8b731
13,A-B,1,reference,192,gf_mul,40,3926,0x2bf8b731
13,A-B,1,reference,192,gf_mul,41,3926,0x2bf8b731
13,A-B,1,reference,192,gf_mul,42,3926,0x2bf8b731
13,A-B,1,reference,192,gf_mul,43,3926,0x2bf8b731
13,A-B,1,reference,192,gf_mul,44,3926,0x2bf8b731
13,A-B,1,reference,192,gf_mul,45,3926,0x2bf8b731
13,A-B,1,reference,192,gf_mul,46,3926,0x2bf8b731
13,A-B,1,reference,192,gf_mul,47,3926,0x2bf8b731
13,A-B,1,reference,192,gf_mul,48,3926,0x2bf8b731
13,A-B,1,reference,192,gf_mul,49,3926,0x2bf8b731
13,A-B,1,reference,192,gf_sqr,0,144,0x2bf8b731
13,A-B,1,reference,192,gf_sqr,1,144,0x2bf8b731
13,A-B,1,reference,192,gf_sqr,2,143,0x2bf8b731
13,A-B,1,reference,192,gf_sqr,3,144,0x2bf8b731
13,A-B,1,reference,192,gf_sqr,4,144,0x2bf8b731
13,A-B,1,reference,192,gf_sqr,5,144,0x2bf8b731
13,A-B,1,reference,192,gf_sqr,6,144,0x2bf8b731
13,A-B,1,reference,192,gf_sqr,7,144,0x2bf8b731
13,A-B,1,reference,192,gf_sqr,8,144,0x2bf8b731
13,A-B,1,reference,192,gf_sqr,9,144,0x2bf8b731
13,A-B,1,reference,192,gf_sqr,10,144,0x2bf8b731
13,A-B,1,reference,192,gf_sqr,11,144,0x2bf8b731
13,A-B,1,reference,192,gf_sqr,12,144,0x2bf8b731
13,A-B,1,reference,192,gf_sqr,13,144,0x2bf8b731
13,A-B,1,reference,192,gf_sqr,14,144,0x2bf8b731
13,A-B,1,reference,192,gf_sqr,15,144,0x2bf8b731
13,A-B,1,reference,192,gf_sqr,16,144,0x2bf8b731
13,A-B,1,reference,192,gf_sqr,17,144,0x2bf8b731
13,A-B,1,reference,192,gf_sqr,18,144,0x2bf8b731
13,A-B,1,reference,192,gf_sqr,19,144,0x2bf8b731
13,A-B,1,reference,192,gf_sqr,20,144,0x2bf8b731
13,A-B,1,reference,192,gf_sqr,21,144,0x2bf8b731
13,A-B,1,reference,192,gf_sqr,22,144,0x2bf8b731
13,A-B,1,reference,192,gf_sqr,23,144,0x2bf8b731
13,A-B,1,reference,192,gf_sqr,24,144,0x2bf8b731
13,A-B,1,reference,192,gf_sqr,25,144,0x2bf8b731
13,A-B,1,reference,192,gf_sqr,26,144,0x2bf8b731
13,A-B,1,reference,192,gf_sqr,27,144,0x2bf8b731
13,A-B,1,reference,192,gf_sqr,28,144,0x2bf8b731
13,A-B,1,reference,192,gf_sqr,29,144,0x2bf8b731
13,A-B,1,reference,192,gf_sqr,30,144,0x2bf8b731
13,A-B,1,reference,192,gf_sqr,31,144,0x2bf8b731
13,A-B,1,reference,192,gf_sqr,32,144,0x2bf8b731
13,A-B,1,reference,192,gf_sqr,33,144,0x2bf8b731
13,A-B,1,reference,192,gf_sqr,34,144,0x2bf8b731
13,A-B,1,reference,192,gf_sqr,35,144,0x2bf8b731
13,A-B,1,reference,192,gf_sqr,36,144,0x2bf8b731
13,A-B,1,reference,192,gf_sqr,37,144,0x2bf8b731
13,A-B,1,reference,192,gf_sqr,38,144,0x2bf8b731
13,A-B,1,reference,192,gf_sqr,39,144,0x2bf8b731
13,A-B,1,reference,192,gf_sqr,40,144,0x2bf8b731
13,A-B,1,reference,192,gf_sqr,41,144,0x2bf8b731
13,A-B,1,reference,192,gf_sqr,42,144,0x2bf8b731
13,A-B,1,reference,192,gf_sqr,43,144,0x2bf8b731
13,A-B,1,reference,192,gf_sqr,44,144,0x2bf8b731
13,A-B,1,reference,192,gf_sqr,45,144,0x2bf8b731
13,A-B,1,reference,192,gf_sqr,46,144,0x2bf8b731
13,A-B,1,reference,192,gf_sqr,47,144,0x2bf8b731
13,A-B,1,reference,192,gf_sqr,48,144,0x2bf8b731
13,A-B,1,reference,192,gf_sqr,49,144,0x2bf8b731
13,A-B,2,optimized,192,gf_mul,0,3927,0x2bf8b731
13,A-B,2,optimized,192,gf_mul,1,3927,0x2bf8b731
13,A-B,2,optimized,192,gf_mul,2,3927,0x2bf8b731
13,A-B,2,optimized,192,gf_mul,3,3926,0x2bf8b731
13,A-B,2,optimized,192,gf_mul,4,3926,0x2bf8b731
13,A-B,2,optimized,192,gf_mul,5,3926,0x2bf8b731
13,A-B,2,optimized,192,gf_mul,6,3926,0x2bf8b731
13,A-B,2,optimized,192,gf_mul,7,3926,0x2bf8b731
13,A-B,2,optimized,192,gf_mul,8,3926,0x2bf8b731
13,A-B,2,optimized,192,gf_mul,9,3926,0x2bf8b731
13,A-B,2,optimized,192,gf_mul,10,3926,0x2bf8b731
13,A-B,2,optimized,192,gf_mul,11,3926,0x2bf8b731
13,A-B,2,optimized,192,gf_mul,12,3926,0x2bf8b731
13,A-B,2,optimized,192,gf_mul,13,3926,0x2bf8b731
13,A-B,2,optimized,192,gf_mul,14,3926,0x2bf8b731
13,A-B,2,optimized,192,gf_mul,15,3926,0x2bf8b731
13,A-B,2,optimized,192,gf_mul,16,3926,0x2bf8b731
13,A-B,2,optimized,192,gf_mul,17,3926,0x2bf8b731
13,A-B,2,optimized,192,gf_mul,18,3926,0x2bf8b731
13,A-B,2,optimized,192,gf_mul,19,3926,0x2bf8b731
13,A-B,2,optimized,192,gf_mul,20,3926,0x2bf8b731
13,A-B,2,optimized,192,gf_mul,21,3926,0x2bf8b731
13,A-B,2,optimized,192,gf_mul,22,3926,0x2bf8b731
13,A-B,2,optimized,192,gf_mul,23,3926,0x2bf8b731
13,A-B,2,optimized,192,gf_mul,24,3926,0x2bf8b731
13,A-B,2,optimized,192,gf_mul,25,3926,0x2bf8b731
13,A-B,2,optimized,192,gf_mul,26,3926,0x2bf8b731
13,A-B,2,optimized,192,gf_mul,27,3926,0x2bf8b731
13,A-B,2,optimized,192,gf_mul,28,3926,0x2bf8b731
13,A-B,2,optimized,192,gf_mul,29,3926,0x2bf8b731
13,A-B,2,optimized,192,gf_mul,30,3926,0x2bf8b731
13,A-B,2,optimized,192,gf_mul,31,3926,0x2bf8b731
13,A-B,2,optimized,192,gf_mul,32,3926,0x2bf8b731
13,A-B,2,optimized,192,gf_mul,33,3926,0x2bf8b731
13,A-B,2,optimized,192,gf_mul,34,3926,0x2bf8b731
13,A-B,2,optimized,192,gf_mul,35,3926,0x2bf8b731
13,A-B,2,optimized,192,gf_mul,36,3926,0x2bf8b731
13,A-B,2,optimized,192,gf_mul,37,3926,0x2bf8b731
13,A-B,2,optimized,192,gf_mul,38,3926,0x2bf8b731
13,A-B,2,optimized,192,gf_mul,39,3926,0x2bf8b731
13,A-B,2,optimized,192,gf_mul,40,3926,0x2bf8b731
13,A-B,2,optimized,192,gf_mul,41,3926,0x2bf8b731
13,A-B,2,optimized,192,gf_mul,42,3926,0x2bf8b731
13,A-B,2,optimized,192,gf_mul,43,3926,0x2bf8b731
13,A-B,2,optimized,192,gf_mul,44,3926,0x2bf8b731
13,A-B,2,optimized,192,gf_mul,45,3926,0x2bf8b731
13,A-B,2,optimized,192,gf_mul,46,3926,0x2bf8b731
13,A-B,2,optimized,192,gf_mul,47,3926,0x2bf8b731
13,A-B,2,optimized,192,gf_mul,48,3926,0x2bf8b731
13,A-B,2,optimized,192,gf_mul,49,3926,0x2bf8b731
13,A-B,2,optimized,192,gf_sqr,0,144,0x2bf8b731
13,A-B,2,optimized,192,gf_sqr,1,144,0x2bf8b731
13,A-B,2,optimized,192,gf_sqr,2,143,0x2bf8b731
13,A-B,2,optimized,192,gf_sqr,3,144,0x2bf8b731
13,A-B,2,optimized,192,gf_sqr,4,144,0x2bf8b731
13,A-B,2,optimized,192,gf_sqr,5,144,0x2bf8b731
13,A-B,2,optimized,192,gf_sqr,6,144,0x2bf8b731
13,A-B,2,optimized,192,gf_sqr,7,144,0x2bf8b731
13,A-B,2,optimized,192,gf_sqr,8,144,0x2bf8b731
13,A-B,2,optimized,192,gf_sqr,9,144,0x2bf8b731
13,A-B,2,optimized,192,gf_sqr,10,144,0x2bf8b731
13,A-B,2,optimized,192,gf_sqr,11,144,0x2bf8b731
13,A-B,2,optimized,192,gf_sqr,12,144,0x2bf8b731
13,A-B,2,optimized,192,gf_sqr,13,144,0x2bf8b731
13,A-B,2,optimized,192,gf_sqr,14,144,0x2bf8b731
13,A-B,2,optimized,192,gf_sqr,15,144,0x2bf8b731
13,A-B,2,optimized,192,gf_sqr,16,144,0x2bf8b731
13,A-B,2,optimized,192,gf_sqr,17,144,0x2bf8b731
13,A-B,2,optimized,192,gf_sqr,18,144,0x2bf8b731
13,A-B,2,optimized,192,gf_sqr,19,144,0x2bf8b731
13,A-B,2,optimized,192,gf_sqr,20,144,0x2bf8b731
13,A-B,2,optimized,192,gf_sqr,21,144,0x2bf8b731
13,A-B,2,optimized,192,gf_sqr,22,144,0x2bf8b731
13,A-B,2,optimized,192,gf_sqr,23,144,0x2bf8b731
13,A-B,2,optimized,192,gf_sqr,24,144,0x2bf8b731
13,A-B,2,optimized,192,gf_sqr,25,144,0x2bf8b731
13,A-B,2,optimized,192,gf_sqr,26,144,0x2bf8b731
13,A-B,2,optimized,192,gf_sqr,27,144,0x2bf8b731
13,A-B,2,optimized,192,gf_sqr,28,144,0x2bf8b731
13,A-B,2,optimized,192,gf_sqr,29,144,0x2bf8b731
13,A-B,2,optimized,192,gf_sqr,30,144,0x2bf8b731
13,A-B,2,optimized,192,gf_sqr,31,144,0x2bf8b731
13,A-B,2,optimized,192,gf_sqr,32,144,0x2bf8b731
13,A-B,2,optimized,192,gf_sqr,33,144,0x2bf8b731
13,A-B,2,optimized,192,gf_sqr,34,144,0x2bf8b731
13,A-B,2,optimized,192,gf_sqr,35,144,0x2bf8b731
13,A-B,2,optimized,192,gf_sqr,36,144,0x2bf8b731
13,A-B,2,optimized,192,gf_sqr,37,144,0x2bf8b731
13,A-B,2,optimized,192,gf_sqr,38,144,0x2bf8b731
13,A-B,2,optimized,192,gf_sqr,39,144,0x2bf8b731
13,A-B,2,optimized,192,gf_sqr,40,144,0x2bf8b731
13,A-B,2,optimized,192,gf_sqr,41,144,0x2bf8b731
13,A-B,2,optimized,192,gf_sqr,42,144,0x2bf8b731
13,A-B,2,optimized,192,gf_sqr,43,144,0x2bf8b731
13,A-B,2,optimized,192,gf_sqr,44,144,0x2bf8b731
13,A-B,2,optimized,192,gf_sqr,45,144,0x2bf8b731
13,A-B,2,optimized,192,gf_sqr,46,144,0x2bf8b731
13,A-B,2,optimized,192,gf_sqr,47,144,0x2bf8b731
13,A-B,2,optimized,192,gf_sqr,48,144,0x2bf8b731
13,A-B,2,optimized,192,gf_sqr,49,144,0x2bf8b731
13,A-B,1,reference,256,gf_mul,0,5933,0x283807e5
13,A-B,1,reference,256,gf_mul,1,5932,0x283807e5
13,A-B,1,reference,256,gf_mul,2,5932,0x283807e5
13,A-B,1,reference,256,gf_mul,3,5931,0x283807e5
13,A-B,1,reference,256,gf_mul,4,5931,0x283807e5
13,A-B,1,reference,256,gf_mul,5,5931,0x283807e5
13,A-B,1,reference,256,gf_mul,6,5931,0x283807e5
13,A-B,1,reference,256,gf_mul,7,5931,0x283807e5
13,A-B,1,reference,256,gf_mul,8,5931,0x283807e5
13,A-B,1,reference,256,gf_mul,9,5931,0x283807e5
13,A-B,1,reference,256,gf_mul,10,5931,0x283807e5
13,A-B,1,reference,256,gf_mul,11,5931,0x283807e5
13,A-B,1,reference,256,gf_mul,12,5931,0x283807e5
13,A-B,1,reference,256,gf_mul,13,5931,0x283807e5
13,A-B,1,reference,256,gf_mul,14,5931,0x283807e5
13,A-B,1,reference,256,gf_mul,15,5931,0x283807e5
13,A-B,1,reference,256,gf_mul,16,5931,0x283807e5
13,A-B,1,reference,256,gf_mul,17,5931,0x283807e5
13,A-B,1,reference,256,gf_mul,18,5931,0x283807e5
13,A-B,1,reference,256,gf_mul,19,5931,0x283807e5
13,A-B,1,reference,256,gf_mul,20,5931,0x283807e5
13,A-B,1,reference,256,gf_mul,21,5931,0x283807e5
13,A-B,1,reference,256,gf_mul,22,5931,0x283807e5
13,A-B,1,reference,256,gf_mul,23,5931,0x283807e5
13,A-B,1,reference,256,gf_mul,24,5931,0x283807e5
13,A-B,1,reference,256,gf_mul,25,5931,0x283807e5
13,A-B,1,reference,256,gf_mul,26,5931,0x283807e5
13,A-B,1,reference,256,gf_mul,27,5931,0x283807e5
13,A-B,1,reference,256,gf_mul,28,5931,0x283807e5
13,A-B,1,reference,256,gf_mul,29,5931,0x283807e5
13,A-B,1,reference,256,gf_mul,30,5931,0x283807e5
13,A-B,1,reference,256,gf_mul,31,5931,0x283807e5
13,A-B,1,reference,256,gf_mul,32,5931,0x283807e5
13,A-B,1,reference,256,gf_mul,33,5931,0x283807e5
13,A-B,1,reference,256,gf_mul,34,5931,0x283807e5
13,A-B,1,reference,256,gf_mul,35,5931,0x283807e5
13,A-B,1,reference,256,gf_mul,36,5931,0x283807e5
13,A-B,1,reference,256,gf_mul,37,5931,0x283807e5
13,A-B,1,reference,256,gf_mul,38,5931,0x283807e5
13,A-B,1,reference,256,gf_mul,39,5931,0x283807e5
13,A-B,1,reference,256,gf_mul,40,5931,0x283807e5
13,A-B,1,reference,256,gf_mul,41,5931,0x283807e5
13,A-B,1,reference,256,gf_mul,42,5931,0x283807e5
13,A-B,1,reference,256,gf_mul,43,5931,0x283807e5
13,A-B,1,reference,256,gf_mul,44,5931,0x283807e5
13,A-B,1,reference,256,gf_mul,45,5931,0x283807e5
13,A-B,1,reference,256,gf_mul,46,5931,0x283807e5
13,A-B,1,reference,256,gf_mul,47,5931,0x283807e5
13,A-B,1,reference,256,gf_mul,48,5931,0x283807e5
13,A-B,1,reference,256,gf_mul,49,5931,0x283807e5
13,A-B,1,reference,256,gf_sqr,0,203,0x283807e5
13,A-B,1,reference,256,gf_sqr,1,202,0x283807e5
13,A-B,1,reference,256,gf_sqr,2,203,0x283807e5
13,A-B,1,reference,256,gf_sqr,3,202,0x283807e5
13,A-B,1,reference,256,gf_sqr,4,202,0x283807e5
13,A-B,1,reference,256,gf_sqr,5,202,0x283807e5
13,A-B,1,reference,256,gf_sqr,6,202,0x283807e5
13,A-B,1,reference,256,gf_sqr,7,202,0x283807e5
13,A-B,1,reference,256,gf_sqr,8,202,0x283807e5
13,A-B,1,reference,256,gf_sqr,9,202,0x283807e5
13,A-B,1,reference,256,gf_sqr,10,202,0x283807e5
13,A-B,1,reference,256,gf_sqr,11,202,0x283807e5
13,A-B,1,reference,256,gf_sqr,12,202,0x283807e5
13,A-B,1,reference,256,gf_sqr,13,202,0x283807e5
13,A-B,1,reference,256,gf_sqr,14,202,0x283807e5
13,A-B,1,reference,256,gf_sqr,15,202,0x283807e5
13,A-B,1,reference,256,gf_sqr,16,202,0x283807e5
13,A-B,1,reference,256,gf_sqr,17,202,0x283807e5
13,A-B,1,reference,256,gf_sqr,18,202,0x283807e5
13,A-B,1,reference,256,gf_sqr,19,202,0x283807e5
13,A-B,1,reference,256,gf_sqr,20,202,0x283807e5
13,A-B,1,reference,256,gf_sqr,21,202,0x283807e5
13,A-B,1,reference,256,gf_sqr,22,202,0x283807e5
13,A-B,1,reference,256,gf_sqr,23,202,0x283807e5
13,A-B,1,reference,256,gf_sqr,24,202,0x283807e5
13,A-B,1,reference,256,gf_sqr,25,202,0x283807e5
13,A-B,1,reference,256,gf_sqr,26,202,0x283807e5
13,A-B,1,reference,256,gf_sqr,27,202,0x283807e5
13,A-B,1,reference,256,gf_sqr,28,202,0x283807e5
13,A-B,1,reference,256,gf_sqr,29,202,0x283807e5
13,A-B,1,reference,256,gf_sqr,30,202,0x283807e5
13,A-B,1,reference,256,gf_sqr,31,202,0x283807e5
13,A-B,1,reference,256,gf_sqr,32,202,0x283807e5
13,A-B,1,reference,256,gf_sqr,33,202,0x283807e5
13,A-B,1,reference,256,gf_sqr,34,202,0x283807e5
13,A-B,1,reference,256,gf_sqr,35,202,0x283807e5
13,A-B,1,reference,256,gf_sqr,36,202,0x283807e5
13,A-B,1,reference,256,gf_sqr,37,202,0x283807e5
13,A-B,1,reference,256,gf_sqr,38,202,0x283807e5
13,A-B,1,reference,256,gf_sqr,39,202,0x283807e5
13,A-B,1,reference,256,gf_sqr,40,202,0x283807e5
13,A-B,1,reference,256,gf_sqr,41,202,0x283807e5
13,A-B,1,reference,256,gf_sqr,42,202,0x283807e5
13,A-B,1,reference,256,gf_sqr,43,202,0x283807e5
13,A-B,1,reference,256,gf_sqr,44,202,0x283807e5
13,A-B,1,reference,256,gf_sqr,45,202,0x283807e5
13,A-B,1,reference,256,gf_sqr,46,202,0x283807e5
13,A-B,1,reference,256,gf_sqr,47,202,0x283807e5
13,A-B,1,reference,256,gf_sqr,48,202,0x283807e5
13,A-B,1,reference,256,gf_sqr,49,202,0x283807e5
13,A-B,2,optimized,256,gf_mul,0,5942,0x283807e5
13,A-B,2,optimized,256,gf_mul,1,5940,0x283807e5
13,A-B,2,optimized,256,gf_mul,2,5941,0x283807e5
13,A-B,2,optimized,256,gf_mul,3,5940,0x283807e5
13,A-B,2,optimized,256,gf_mul,4,5940,0x283807e5
13,A-B,2,optimized,256,gf_mul,5,5940,0x283807e5
13,A-B,2,optimized,256,gf_mul,6,5940,0x283807e5
13,A-B,2,optimized,256,gf_mul,7,5940,0x283807e5
13,A-B,2,optimized,256,gf_mul,8,5940,0x283807e5
13,A-B,2,optimized,256,gf_mul,9,5940,0x283807e5
13,A-B,2,optimized,256,gf_mul,10,5940,0x283807e5
13,A-B,2,optimized,256,gf_mul,11,5940,0x283807e5
13,A-B,2,optimized,256,gf_mul,12,5940,0x283807e5
13,A-B,2,optimized,256,gf_mul,13,5940,0x283807e5
13,A-B,2,optimized,256,gf_mul,14,5940,0x283807e5
13,A-B,2,optimized,256,gf_mul,15,5940,0x283807e5
13,A-B,2,optimized,256,gf_mul,16,5940,0x283807e5
13,A-B,2,optimized,256,gf_mul,17,5940,0x283807e5
13,A-B,2,optimized,256,gf_mul,18,5940,0x283807e5
13,A-B,2,optimized,256,gf_mul,19,5940,0x283807e5
13,A-B,2,optimized,256,gf_mul,20,5940,0x283807e5
13,A-B,2,optimized,256,gf_mul,21,5940,0x283807e5
13,A-B,2,optimized,256,gf_mul,22,5940,0x283807e5
13,A-B,2,optimized,256,gf_mul,23,5940,0x283807e5
13,A-B,2,optimized,256,gf_mul,24,5940,0x283807e5
13,A-B,2,optimized,256,gf_mul,25,5940,0x283807e5
13,A-B,2,optimized,256,gf_mul,26,5940,0x283807e5
13,A-B,2,optimized,256,gf_mul,27,5940,0x283807e5
13,A-B,2,optimized,256,gf_mul,28,5940,0x283807e5
13,A-B,2,optimized,256,gf_mul,29,5940,0x283807e5
13,A-B,2,optimized,256,gf_mul,30,5940,0x283807e5
13,A-B,2,optimized,256,gf_mul,31,5940,0x283807e5
13,A-B,2,optimized,256,gf_mul,32,5940,0x283807e5
13,A-B,2,optimized,256,gf_mul,33,5940,0x283807e5
13,A-B,2,optimized,256,gf_mul,34,5940,0x283807e5
13,A-B,2,optimized,256,gf_mul,35,5940,0x283807e5
13,A-B,2,optimized,256,gf_mul,36,5940,0x283807e5
13,A-B,2,optimized,256,gf_mul,37,5940,0x283807e5
13,A-B,2,optimized,256,gf_mul,38,5940,0x283807e5
13,A-B,2,optimized,256,gf_mul,39,5940,0x283807e5
13,A-B,2,optimized,256,gf_mul,40,5940,0x283807e5
13,A-B,2,optimized,256,gf_mul,41,5940,0x283807e5
13,A-B,2,optimized,256,gf_mul,42,5940,0x283807e5
13,A-B,2,optimized,256,gf_mul,43,5940,0x283807e5
13,A-B,2,optimized,256,gf_mul,44,5940,0x283807e5
13,A-B,2,optimized,256,gf_mul,45,5940,0x283807e5
13,A-B,2,optimized,256,gf_mul,46,5940,0x283807e5
13,A-B,2,optimized,256,gf_mul,47,5940,0x283807e5
13,A-B,2,optimized,256,gf_mul,48,5940,0x283807e5
13,A-B,2,optimized,256,gf_mul,49,5940,0x283807e5
13,A-B,2,optimized,256,gf_sqr,0,202,0x283807e5
13,A-B,2,optimized,256,gf_sqr,1,200,0x283807e5
13,A-B,2,optimized,256,gf_sqr,2,201,0x283807e5
13,A-B,2,optimized,256,gf_sqr,3,200,0x283807e5
13,A-B,2,optimized,256,gf_sqr,4,200,0x283807e5
13,A-B,2,optimized,256,gf_sqr,5,200,0x283807e5
13,A-B,2,optimized,256,gf_sqr,6,200,0x283807e5
13,A-B,2,optimized,256,gf_sqr,7,200,0x283807e5
13,A-B,2,optimized,256,gf_sqr,8,200,0x283807e5
13,A-B,2,optimized,256,gf_sqr,9,200,0x283807e5
13,A-B,2,optimized,256,gf_sqr,10,200,0x283807e5
13,A-B,2,optimized,256,gf_sqr,11,200,0x283807e5
13,A-B,2,optimized,256,gf_sqr,12,200,0x283807e5
13,A-B,2,optimized,256,gf_sqr,13,200,0x283807e5
13,A-B,2,optimized,256,gf_sqr,14,200,0x283807e5
13,A-B,2,optimized,256,gf_sqr,15,200,0x283807e5
13,A-B,2,optimized,256,gf_sqr,16,200,0x283807e5
13,A-B,2,optimized,256,gf_sqr,17,200,0x283807e5
13,A-B,2,optimized,256,gf_sqr,18,200,0x283807e5
13,A-B,2,optimized,256,gf_sqr,19,200,0x283807e5
13,A-B,2,optimized,256,gf_sqr,20,200,0x283807e5
13,A-B,2,optimized,256,gf_sqr,21,200,0x283807e5
13,A-B,2,optimized,256,gf_sqr,22,200,0x283807e5
13,A-B,2,optimized,256,gf_sqr,23,200,0x283807e5
13,A-B,2,optimized,256,gf_sqr,24,200,0x283807e5
13,A-B,2,optimized,256,gf_sqr,25,200,0x283807e5
13,A-B,2,optimized,256,gf_sqr,26,200,0x283807e5
13,A-B,2,optimized,256,gf_sqr,27,200,0x283807e5
13,A-B,2,optimized,256,gf_sqr,28,200,0x283807e5
13,A-B,2,optimized,256,gf_sqr,29,200,0x283807e5
13,A-B,2,optimized,256,gf_sqr,30,200,0x283807e5
13,A-B,2,optimized,256,gf_sqr,31,200,0x283807e5
13,A-B,2,optimized,256,gf_sqr,32,200,0x283807e5
13,A-B,2,optimized,256,gf_sqr,33,200,0x283807e5
13,A-B,2,optimized,256,gf_sqr,34,200,0x283807e5
13,A-B,2,optimized,256,gf_sqr,35,200,0x283807e5
13,A-B,2,optimized,256,gf_sqr,36,200,0x283807e5
13,A-B,2,optimized,256,gf_sqr,37,200,0x283807e5
13,A-B,2,optimized,256,gf_sqr,38,200,0x283807e5
13,A-B,2,optimized,256,gf_sqr,39,200,0x283807e5
13,A-B,2,optimized,256,gf_sqr,40,200,0x283807e5
13,A-B,2,optimized,256,gf_sqr,41,200,0x283807e5
13,A-B,2,optimized,256,gf_sqr,42,200,0x283807e5
13,A-B,2,optimized,256,gf_sqr,43,200,0x283807e5
13,A-B,2,optimized,256,gf_sqr,44,200,0x283807e5
13,A-B,2,optimized,256,gf_sqr,45,200,0x283807e5
13,A-B,2,optimized,256,gf_sqr,46,200,0x283807e5
13,A-B,2,optimized,256,gf_sqr,47,200,0x283807e5
13,A-B,2,optimized,256,gf_sqr,48,200,0x283807e5
13,A-B,2,optimized,256,gf_sqr,49,200,0x283807e5
14,B-A,1,optimized,128,gf_mul,0,1969,0x54cada71
14,B-A,1,optimized,128,gf_mul,1,1968,0x54cada71
14,B-A,1,optimized,128,gf_mul,2,1968,0x54cada71
14,B-A,1,optimized,128,gf_mul,3,1967,0x54cada71
14,B-A,1,optimized,128,gf_mul,4,1967,0x54cada71
14,B-A,1,optimized,128,gf_mul,5,1967,0x54cada71
14,B-A,1,optimized,128,gf_mul,6,1967,0x54cada71
14,B-A,1,optimized,128,gf_mul,7,1967,0x54cada71
14,B-A,1,optimized,128,gf_mul,8,1967,0x54cada71
14,B-A,1,optimized,128,gf_mul,9,1967,0x54cada71
14,B-A,1,optimized,128,gf_mul,10,1967,0x54cada71
14,B-A,1,optimized,128,gf_mul,11,1967,0x54cada71
14,B-A,1,optimized,128,gf_mul,12,1967,0x54cada71
14,B-A,1,optimized,128,gf_mul,13,1967,0x54cada71
14,B-A,1,optimized,128,gf_mul,14,1967,0x54cada71
14,B-A,1,optimized,128,gf_mul,15,1967,0x54cada71
14,B-A,1,optimized,128,gf_mul,16,1967,0x54cada71
14,B-A,1,optimized,128,gf_mul,17,1967,0x54cada71
14,B-A,1,optimized,128,gf_mul,18,1967,0x54cada71
14,B-A,1,optimized,128,gf_mul,19,1967,0x54cada71
14,B-A,1,optimized,128,gf_mul,20,1967,0x54cada71
14,B-A,1,optimized,128,gf_mul,21,1967,0x54cada71
14,B-A,1,optimized,128,gf_mul,22,1967,0x54cada71
14,B-A,1,optimized,128,gf_mul,23,1967,0x54cada71
14,B-A,1,optimized,128,gf_mul,24,1967,0x54cada71
14,B-A,1,optimized,128,gf_mul,25,1967,0x54cada71
14,B-A,1,optimized,128,gf_mul,26,1967,0x54cada71
14,B-A,1,optimized,128,gf_mul,27,1967,0x54cada71
14,B-A,1,optimized,128,gf_mul,28,1967,0x54cada71
14,B-A,1,optimized,128,gf_mul,29,1967,0x54cada71
14,B-A,1,optimized,128,gf_mul,30,1967,0x54cada71
14,B-A,1,optimized,128,gf_mul,31,1967,0x54cada71
14,B-A,1,optimized,128,gf_mul,32,1967,0x54cada71
14,B-A,1,optimized,128,gf_mul,33,1967,0x54cada71
14,B-A,1,optimized,128,gf_mul,34,1967,0x54cada71
14,B-A,1,optimized,128,gf_mul,35,1967,0x54cada71
14,B-A,1,optimized,128,gf_mul,36,1967,0x54cada71
14,B-A,1,optimized,128,gf_mul,37,1967,0x54cada71
14,B-A,1,optimized,128,gf_mul,38,1967,0x54cada71
14,B-A,1,optimized,128,gf_mul,39,1967,0x54cada71
14,B-A,1,optimized,128,gf_mul,40,1967,0x54cada71
14,B-A,1,optimized,128,gf_mul,41,1967,0x54cada71
14,B-A,1,optimized,128,gf_mul,42,1967,0x54cada71
14,B-A,1,optimized,128,gf_mul,43,1967,0x54cada71
14,B-A,1,optimized,128,gf_mul,44,1967,0x54cada71
14,B-A,1,optimized,128,gf_mul,45,1967,0x54cada71
14,B-A,1,optimized,128,gf_mul,46,1967,0x54cada71
14,B-A,1,optimized,128,gf_mul,47,1967,0x54cada71
14,B-A,1,optimized,128,gf_mul,48,1967,0x54cada71
14,B-A,1,optimized,128,gf_mul,49,1967,0x54cada71
14,B-A,1,optimized,128,gf_sqr,0,107,0x54cada71
14,B-A,1,optimized,128,gf_sqr,1,107,0x54cada71
14,B-A,1,optimized,128,gf_sqr,2,107,0x54cada71
14,B-A,1,optimized,128,gf_sqr,3,106,0x54cada71
14,B-A,1,optimized,128,gf_sqr,4,106,0x54cada71
14,B-A,1,optimized,128,gf_sqr,5,106,0x54cada71
14,B-A,1,optimized,128,gf_sqr,6,106,0x54cada71
14,B-A,1,optimized,128,gf_sqr,7,106,0x54cada71
14,B-A,1,optimized,128,gf_sqr,8,106,0x54cada71
14,B-A,1,optimized,128,gf_sqr,9,106,0x54cada71
14,B-A,1,optimized,128,gf_sqr,10,106,0x54cada71
14,B-A,1,optimized,128,gf_sqr,11,106,0x54cada71
14,B-A,1,optimized,128,gf_sqr,12,106,0x54cada71
14,B-A,1,optimized,128,gf_sqr,13,106,0x54cada71
14,B-A,1,optimized,128,gf_sqr,14,106,0x54cada71
14,B-A,1,optimized,128,gf_sqr,15,106,0x54cada71
14,B-A,1,optimized,128,gf_sqr,16,106,0x54cada71
14,B-A,1,optimized,128,gf_sqr,17,106,0x54cada71
14,B-A,1,optimized,128,gf_sqr,18,106,0x54cada71
14,B-A,1,optimized,128,gf_sqr,19,106,0x54cada71
14,B-A,1,optimized,128,gf_sqr,20,106,0x54cada71
14,B-A,1,optimized,128,gf_sqr,21,106,0x54cada71
14,B-A,1,optimized,128,gf_sqr,22,106,0x54cada71
14,B-A,1,optimized,128,gf_sqr,23,106,0x54cada71
14,B-A,1,optimized,128,gf_sqr,24,106,0x54cada71
14,B-A,1,optimized,128,gf_sqr,25,106,0x54cada71
14,B-A,1,optimized,128,gf_sqr,26,106,0x54cada71
14,B-A,1,optimized,128,gf_sqr,27,106,0x54cada71
14,B-A,1,optimized,128,gf_sqr,28,106,0x54cada71
14,B-A,1,optimized,128,gf_sqr,29,106,0x54cada71
14,B-A,1,optimized,128,gf_sqr,30,106,0x54cada71
14,B-A,1,optimized,128,gf_sqr,31,106,0x54cada71
14,B-A,1,optimized,128,gf_sqr,32,106,0x54cada71
14,B-A,1,optimized,128,gf_sqr,33,106,0x54cada71
14,B-A,1,optimized,128,gf_sqr,34,106,0x54cada71
14,B-A,1,optimized,128,gf_sqr,35,106,0x54cada71
14,B-A,1,optimized,128,gf_sqr,36,106,0x54cada71
14,B-A,1,optimized,128,gf_sqr,37,106,0x54cada71
14,B-A,1,optimized,128,gf_sqr,38,106,0x54cada71
14,B-A,1,optimized,128,gf_sqr,39,106,0x54cada71
14,B-A,1,optimized,128,gf_sqr,40,106,0x54cada71
14,B-A,1,optimized,128,gf_sqr,41,106,0x54cada71
14,B-A,1,optimized,128,gf_sqr,42,106,0x54cada71
14,B-A,1,optimized,128,gf_sqr,43,106,0x54cada71
14,B-A,1,optimized,128,gf_sqr,44,106,0x54cada71
14,B-A,1,optimized,128,gf_sqr,45,106,0x54cada71
14,B-A,1,optimized,128,gf_sqr,46,106,0x54cada71
14,B-A,1,optimized,128,gf_sqr,47,106,0x54cada71
14,B-A,1,optimized,128,gf_sqr,48,106,0x54cada71
14,B-A,1,optimized,128,gf_sqr,49,106,0x54cada71
14,B-A,2,reference,128,gf_mul,0,1969,0x54cada71
14,B-A,2,reference,128,gf_mul,1,1965,0x54cada71
14,B-A,2,reference,128,gf_mul,2,1965,0x54cada71
14,B-A,2,reference,128,gf_mul,3,1964,0x54cada71
14,B-A,2,reference,128,gf_mul,4,1964,0x54cada71
14,B-A,2,reference,128,gf_mul,5,1964,0x54cada71
14,B-A,2,reference,128,gf_mul,6,1964,0x54cada71
14,B-A,2,reference,128,gf_mul,7,1964,0x54cada71
14,B-A,2,reference,128,gf_mul,8,1964,0x54cada71
14,B-A,2,reference,128,gf_mul,9,1964,0x54cada71
14,B-A,2,reference,128,gf_mul,10,1964,0x54cada71
14,B-A,2,reference,128,gf_mul,11,1964,0x54cada71
14,B-A,2,reference,128,gf_mul,12,1964,0x54cada71
14,B-A,2,reference,128,gf_mul,13,1964,0x54cada71
14,B-A,2,reference,128,gf_mul,14,1964,0x54cada71
14,B-A,2,reference,128,gf_mul,15,1964,0x54cada71
14,B-A,2,reference,128,gf_mul,16,1964,0x54cada71
14,B-A,2,reference,128,gf_mul,17,1964,0x54cada71
14,B-A,2,reference,128,gf_mul,18,1964,0x54cada71
14,B-A,2,reference,128,gf_mul,19,1964,0x54cada71
14,B-A,2,reference,128,gf_mul,20,1964,0x54cada71
14,B-A,2,reference,128,gf_mul,21,1964,0x54cada71
14,B-A,2,reference,128,gf_mul,22,1964,0x54cada71
14,B-A,2,reference,128,gf_mul,23,1964,0x54cada71
14,B-A,2,reference,128,gf_mul,24,1964,0x54cada71
14,B-A,2,reference,128,gf_mul,25,1964,0x54cada71
14,B-A,2,reference,128,gf_mul,26,1964,0x54cada71
14,B-A,2,reference,128,gf_mul,27,1964,0x54cada71
14,B-A,2,reference,128,gf_mul,28,1964,0x54cada71
14,B-A,2,reference,128,gf_mul,29,1964,0x54cada71
14,B-A,2,reference,128,gf_mul,30,1964,0x54cada71
14,B-A,2,reference,128,gf_mul,31,1964,0x54cada71
14,B-A,2,reference,128,gf_mul,32,1964,0x54cada71
14,B-A,2,reference,128,gf_mul,33,1964,0x54cada71
14,B-A,2,reference,128,gf_mul,34,1964,0x54cada71
14,B-A,2,reference,128,gf_mul,35,1964,0x54cada71
14,B-A,2,reference,128,gf_mul,36,1964,0x54cada71
14,B-A,2,reference,128,gf_mul,37,1964,0x54cada71
14,B-A,2,reference,128,gf_mul,38,1964,0x54cada71
14,B-A,2,reference,128,gf_mul,39,1964,0x54cada71
14,B-A,2,reference,128,gf_mul,40,1964,0x54cada71
14,B-A,2,reference,128,gf_mul,41,1964,0x54cada71
14,B-A,2,reference,128,gf_mul,42,1964,0x54cada71
14,B-A,2,reference,128,gf_mul,43,1964,0x54cada71
14,B-A,2,reference,128,gf_mul,44,1964,0x54cada71
14,B-A,2,reference,128,gf_mul,45,1964,0x54cada71
14,B-A,2,reference,128,gf_mul,46,1964,0x54cada71
14,B-A,2,reference,128,gf_mul,47,1964,0x54cada71
14,B-A,2,reference,128,gf_mul,48,1964,0x54cada71
14,B-A,2,reference,128,gf_mul,49,1964,0x54cada71
14,B-A,2,reference,128,gf_sqr,0,107,0x54cada71
14,B-A,2,reference,128,gf_sqr,1,103,0x54cada71
14,B-A,2,reference,128,gf_sqr,2,103,0x54cada71
14,B-A,2,reference,128,gf_sqr,3,102,0x54cada71
14,B-A,2,reference,128,gf_sqr,4,102,0x54cada71
14,B-A,2,reference,128,gf_sqr,5,102,0x54cada71
14,B-A,2,reference,128,gf_sqr,6,102,0x54cada71
14,B-A,2,reference,128,gf_sqr,7,102,0x54cada71
14,B-A,2,reference,128,gf_sqr,8,102,0x54cada71
14,B-A,2,reference,128,gf_sqr,9,102,0x54cada71
14,B-A,2,reference,128,gf_sqr,10,102,0x54cada71
14,B-A,2,reference,128,gf_sqr,11,102,0x54cada71
14,B-A,2,reference,128,gf_sqr,12,102,0x54cada71
14,B-A,2,reference,128,gf_sqr,13,102,0x54cada71
14,B-A,2,reference,128,gf_sqr,14,102,0x54cada71
14,B-A,2,reference,128,gf_sqr,15,102,0x54cada71
14,B-A,2,reference,128,gf_sqr,16,102,0x54cada71
14,B-A,2,reference,128,gf_sqr,17,102,0x54cada71
14,B-A,2,reference,128,gf_sqr,18,102,0x54cada71
14,B-A,2,reference,128,gf_sqr,19,102,0x54cada71
14,B-A,2,reference,128,gf_sqr,20,102,0x54cada71
14,B-A,2,reference,128,gf_sqr,21,102,0x54cada71
14,B-A,2,reference,128,gf_sqr,22,102,0x54cada71
14,B-A,2,reference,128,gf_sqr,23,102,0x54cada71
14,B-A,2,reference,128,gf_sqr,24,102,0x54cada71
14,B-A,2,reference,128,gf_sqr,25,102,0x54cada71
14,B-A,2,reference,128,gf_sqr,26,102,0x54cada71
14,B-A,2,reference,128,gf_sqr,27,102,0x54cada71
14,B-A,2,reference,128,gf_sqr,28,102,0x54cada71
14,B-A,2,reference,128,gf_sqr,29,102,0x54cada71
14,B-A,2,reference,128,gf_sqr,30,102,0x54cada71
14,B-A,2,reference,128,gf_sqr,31,102,0x54cada71
14,B-A,2,reference,128,gf_sqr,32,102,0x54cada71
14,B-A,2,reference,128,gf_sqr,33,102,0x54cada71
14,B-A,2,reference,128,gf_sqr,34,102,0x54cada71
14,B-A,2,reference,128,gf_sqr,35,102,0x54cada71
14,B-A,2,reference,128,gf_sqr,36,102,0x54cada71
14,B-A,2,reference,128,gf_sqr,37,102,0x54cada71
14,B-A,2,reference,128,gf_sqr,38,102,0x54cada71
14,B-A,2,reference,128,gf_sqr,39,102,0x54cada71
14,B-A,2,reference,128,gf_sqr,40,102,0x54cada71
14,B-A,2,reference,128,gf_sqr,41,102,0x54cada71
14,B-A,2,reference,128,gf_sqr,42,102,0x54cada71
14,B-A,2,reference,128,gf_sqr,43,102,0x54cada71
14,B-A,2,reference,128,gf_sqr,44,102,0x54cada71
14,B-A,2,reference,128,gf_sqr,45,102,0x54cada71
14,B-A,2,reference,128,gf_sqr,46,102,0x54cada71
14,B-A,2,reference,128,gf_sqr,47,102,0x54cada71
14,B-A,2,reference,128,gf_sqr,48,102,0x54cada71
14,B-A,2,reference,128,gf_sqr,49,102,0x54cada71
14,B-A,1,optimized,192,gf_mul,0,3927,0x2bf8b731
14,B-A,1,optimized,192,gf_mul,1,3927,0x2bf8b731
14,B-A,1,optimized,192,gf_mul,2,3927,0x2bf8b731
14,B-A,1,optimized,192,gf_mul,3,3926,0x2bf8b731
14,B-A,1,optimized,192,gf_mul,4,3926,0x2bf8b731
14,B-A,1,optimized,192,gf_mul,5,3926,0x2bf8b731
14,B-A,1,optimized,192,gf_mul,6,3926,0x2bf8b731
14,B-A,1,optimized,192,gf_mul,7,3926,0x2bf8b731
14,B-A,1,optimized,192,gf_mul,8,3926,0x2bf8b731
14,B-A,1,optimized,192,gf_mul,9,3926,0x2bf8b731
14,B-A,1,optimized,192,gf_mul,10,3926,0x2bf8b731
14,B-A,1,optimized,192,gf_mul,11,3926,0x2bf8b731
14,B-A,1,optimized,192,gf_mul,12,3926,0x2bf8b731
14,B-A,1,optimized,192,gf_mul,13,3926,0x2bf8b731
14,B-A,1,optimized,192,gf_mul,14,3926,0x2bf8b731
14,B-A,1,optimized,192,gf_mul,15,3926,0x2bf8b731
14,B-A,1,optimized,192,gf_mul,16,3926,0x2bf8b731
14,B-A,1,optimized,192,gf_mul,17,3926,0x2bf8b731
14,B-A,1,optimized,192,gf_mul,18,3926,0x2bf8b731
14,B-A,1,optimized,192,gf_mul,19,3926,0x2bf8b731
14,B-A,1,optimized,192,gf_mul,20,3926,0x2bf8b731
14,B-A,1,optimized,192,gf_mul,21,3926,0x2bf8b731
14,B-A,1,optimized,192,gf_mul,22,3926,0x2bf8b731
14,B-A,1,optimized,192,gf_mul,23,3926,0x2bf8b731
14,B-A,1,optimized,192,gf_mul,24,3926,0x2bf8b731
14,B-A,1,optimized,192,gf_mul,25,3926,0x2bf8b731
14,B-A,1,optimized,192,gf_mul,26,3926,0x2bf8b731
14,B-A,1,optimized,192,gf_mul,27,3926,0x2bf8b731
14,B-A,1,optimized,192,gf_mul,28,3926,0x2bf8b731
14,B-A,1,optimized,192,gf_mul,29,3926,0x2bf8b731
14,B-A,1,optimized,192,gf_mul,30,3926,0x2bf8b731
14,B-A,1,optimized,192,gf_mul,31,3926,0x2bf8b731
14,B-A,1,optimized,192,gf_mul,32,3926,0x2bf8b731
14,B-A,1,optimized,192,gf_mul,33,3926,0x2bf8b731
14,B-A,1,optimized,192,gf_mul,34,3926,0x2bf8b731
14,B-A,1,optimized,192,gf_mul,35,3926,0x2bf8b731
14,B-A,1,optimized,192,gf_mul,36,3926,0x2bf8b731
14,B-A,1,optimized,192,gf_mul,37,3926,0x2bf8b731
14,B-A,1,optimized,192,gf_mul,38,3926,0x2bf8b731
14,B-A,1,optimized,192,gf_mul,39,3926,0x2bf8b731
14,B-A,1,optimized,192,gf_mul,40,3926,0x2bf8b731
14,B-A,1,optimized,192,gf_mul,41,3926,0x2bf8b731
14,B-A,1,optimized,192,gf_mul,42,3926,0x2bf8b731
14,B-A,1,optimized,192,gf_mul,43,3926,0x2bf8b731
14,B-A,1,optimized,192,gf_mul,44,3926,0x2bf8b731
14,B-A,1,optimized,192,gf_mul,45,3926,0x2bf8b731
14,B-A,1,optimized,192,gf_mul,46,3926,0x2bf8b731
14,B-A,1,optimized,192,gf_mul,47,3926,0x2bf8b731
14,B-A,1,optimized,192,gf_mul,48,3926,0x2bf8b731
14,B-A,1,optimized,192,gf_mul,49,3926,0x2bf8b731
14,B-A,1,optimized,192,gf_sqr,0,144,0x2bf8b731
14,B-A,1,optimized,192,gf_sqr,1,144,0x2bf8b731
14,B-A,1,optimized,192,gf_sqr,2,143,0x2bf8b731
14,B-A,1,optimized,192,gf_sqr,3,144,0x2bf8b731
14,B-A,1,optimized,192,gf_sqr,4,144,0x2bf8b731
14,B-A,1,optimized,192,gf_sqr,5,144,0x2bf8b731
14,B-A,1,optimized,192,gf_sqr,6,144,0x2bf8b731
14,B-A,1,optimized,192,gf_sqr,7,144,0x2bf8b731
14,B-A,1,optimized,192,gf_sqr,8,144,0x2bf8b731
14,B-A,1,optimized,192,gf_sqr,9,144,0x2bf8b731
14,B-A,1,optimized,192,gf_sqr,10,144,0x2bf8b731
14,B-A,1,optimized,192,gf_sqr,11,144,0x2bf8b731
14,B-A,1,optimized,192,gf_sqr,12,144,0x2bf8b731
14,B-A,1,optimized,192,gf_sqr,13,144,0x2bf8b731
14,B-A,1,optimized,192,gf_sqr,14,144,0x2bf8b731
14,B-A,1,optimized,192,gf_sqr,15,144,0x2bf8b731
14,B-A,1,optimized,192,gf_sqr,16,144,0x2bf8b731
14,B-A,1,optimized,192,gf_sqr,17,144,0x2bf8b731
14,B-A,1,optimized,192,gf_sqr,18,144,0x2bf8b731
14,B-A,1,optimized,192,gf_sqr,19,144,0x2bf8b731
14,B-A,1,optimized,192,gf_sqr,20,144,0x2bf8b731
14,B-A,1,optimized,192,gf_sqr,21,144,0x2bf8b731
14,B-A,1,optimized,192,gf_sqr,22,144,0x2bf8b731
14,B-A,1,optimized,192,gf_sqr,23,144,0x2bf8b731
14,B-A,1,optimized,192,gf_sqr,24,144,0x2bf8b731
14,B-A,1,optimized,192,gf_sqr,25,144,0x2bf8b731
14,B-A,1,optimized,192,gf_sqr,26,144,0x2bf8b731
14,B-A,1,optimized,192,gf_sqr,27,144,0x2bf8b731
14,B-A,1,optimized,192,gf_sqr,28,144,0x2bf8b731
14,B-A,1,optimized,192,gf_sqr,29,144,0x2bf8b731
14,B-A,1,optimized,192,gf_sqr,30,144,0x2bf8b731
14,B-A,1,optimized,192,gf_sqr,31,144,0x2bf8b731
14,B-A,1,optimized,192,gf_sqr,32,144,0x2bf8b731
14,B-A,1,optimized,192,gf_sqr,33,144,0x2bf8b731
14,B-A,1,optimized,192,gf_sqr,34,144,0x2bf8b731
14,B-A,1,optimized,192,gf_sqr,35,144,0x2bf8b731
14,B-A,1,optimized,192,gf_sqr,36,144,0x2bf8b731
14,B-A,1,optimized,192,gf_sqr,37,144,0x2bf8b731
14,B-A,1,optimized,192,gf_sqr,38,144,0x2bf8b731
14,B-A,1,optimized,192,gf_sqr,39,144,0x2bf8b731
14,B-A,1,optimized,192,gf_sqr,40,144,0x2bf8b731
14,B-A,1,optimized,192,gf_sqr,41,144,0x2bf8b731
14,B-A,1,optimized,192,gf_sqr,42,144,0x2bf8b731
14,B-A,1,optimized,192,gf_sqr,43,144,0x2bf8b731
14,B-A,1,optimized,192,gf_sqr,44,144,0x2bf8b731
14,B-A,1,optimized,192,gf_sqr,45,144,0x2bf8b731
14,B-A,1,optimized,192,gf_sqr,46,144,0x2bf8b731
14,B-A,1,optimized,192,gf_sqr,47,144,0x2bf8b731
14,B-A,1,optimized,192,gf_sqr,48,144,0x2bf8b731
14,B-A,1,optimized,192,gf_sqr,49,144,0x2bf8b731
14,B-A,2,reference,192,gf_mul,0,3927,0x2bf8b731
14,B-A,2,reference,192,gf_mul,1,3927,0x2bf8b731
14,B-A,2,reference,192,gf_mul,2,3927,0x2bf8b731
14,B-A,2,reference,192,gf_mul,3,3926,0x2bf8b731
14,B-A,2,reference,192,gf_mul,4,3926,0x2bf8b731
14,B-A,2,reference,192,gf_mul,5,3926,0x2bf8b731
14,B-A,2,reference,192,gf_mul,6,3926,0x2bf8b731
14,B-A,2,reference,192,gf_mul,7,3926,0x2bf8b731
14,B-A,2,reference,192,gf_mul,8,3926,0x2bf8b731
14,B-A,2,reference,192,gf_mul,9,3926,0x2bf8b731
14,B-A,2,reference,192,gf_mul,10,3926,0x2bf8b731
14,B-A,2,reference,192,gf_mul,11,3926,0x2bf8b731
14,B-A,2,reference,192,gf_mul,12,3926,0x2bf8b731
14,B-A,2,reference,192,gf_mul,13,3926,0x2bf8b731
14,B-A,2,reference,192,gf_mul,14,3926,0x2bf8b731
14,B-A,2,reference,192,gf_mul,15,3926,0x2bf8b731
14,B-A,2,reference,192,gf_mul,16,3926,0x2bf8b731
14,B-A,2,reference,192,gf_mul,17,3926,0x2bf8b731
14,B-A,2,reference,192,gf_mul,18,3926,0x2bf8b731
14,B-A,2,reference,192,gf_mul,19,3926,0x2bf8b731
14,B-A,2,reference,192,gf_mul,20,3926,0x2bf8b731
14,B-A,2,reference,192,gf_mul,21,3926,0x2bf8b731
14,B-A,2,reference,192,gf_mul,22,3926,0x2bf8b731
14,B-A,2,reference,192,gf_mul,23,3926,0x2bf8b731
14,B-A,2,reference,192,gf_mul,24,3926,0x2bf8b731
14,B-A,2,reference,192,gf_mul,25,3926,0x2bf8b731
14,B-A,2,reference,192,gf_mul,26,3926,0x2bf8b731
14,B-A,2,reference,192,gf_mul,27,3926,0x2bf8b731
14,B-A,2,reference,192,gf_mul,28,3926,0x2bf8b731
14,B-A,2,reference,192,gf_mul,29,3926,0x2bf8b731
14,B-A,2,reference,192,gf_mul,30,3926,0x2bf8b731
14,B-A,2,reference,192,gf_mul,31,3926,0x2bf8b731
14,B-A,2,reference,192,gf_mul,32,3926,0x2bf8b731
14,B-A,2,reference,192,gf_mul,33,3926,0x2bf8b731
14,B-A,2,reference,192,gf_mul,34,3926,0x2bf8b731
14,B-A,2,reference,192,gf_mul,35,3926,0x2bf8b731
14,B-A,2,reference,192,gf_mul,36,3926,0x2bf8b731
14,B-A,2,reference,192,gf_mul,37,3926,0x2bf8b731
14,B-A,2,reference,192,gf_mul,38,3926,0x2bf8b731
14,B-A,2,reference,192,gf_mul,39,3926,0x2bf8b731
14,B-A,2,reference,192,gf_mul,40,3926,0x2bf8b731
14,B-A,2,reference,192,gf_mul,41,3926,0x2bf8b731
14,B-A,2,reference,192,gf_mul,42,3926,0x2bf8b731
14,B-A,2,reference,192,gf_mul,43,3926,0x2bf8b731
14,B-A,2,reference,192,gf_mul,44,3926,0x2bf8b731
14,B-A,2,reference,192,gf_mul,45,3926,0x2bf8b731
14,B-A,2,reference,192,gf_mul,46,3926,0x2bf8b731
14,B-A,2,reference,192,gf_mul,47,3926,0x2bf8b731
14,B-A,2,reference,192,gf_mul,48,3926,0x2bf8b731
14,B-A,2,reference,192,gf_mul,49,3926,0x2bf8b731
14,B-A,2,reference,192,gf_sqr,0,144,0x2bf8b731
14,B-A,2,reference,192,gf_sqr,1,144,0x2bf8b731
14,B-A,2,reference,192,gf_sqr,2,143,0x2bf8b731
14,B-A,2,reference,192,gf_sqr,3,144,0x2bf8b731
14,B-A,2,reference,192,gf_sqr,4,144,0x2bf8b731
14,B-A,2,reference,192,gf_sqr,5,144,0x2bf8b731
14,B-A,2,reference,192,gf_sqr,6,144,0x2bf8b731
14,B-A,2,reference,192,gf_sqr,7,144,0x2bf8b731
14,B-A,2,reference,192,gf_sqr,8,144,0x2bf8b731
14,B-A,2,reference,192,gf_sqr,9,144,0x2bf8b731
14,B-A,2,reference,192,gf_sqr,10,144,0x2bf8b731
14,B-A,2,reference,192,gf_sqr,11,144,0x2bf8b731
14,B-A,2,reference,192,gf_sqr,12,144,0x2bf8b731
14,B-A,2,reference,192,gf_sqr,13,144,0x2bf8b731
14,B-A,2,reference,192,gf_sqr,14,144,0x2bf8b731
14,B-A,2,reference,192,gf_sqr,15,144,0x2bf8b731
14,B-A,2,reference,192,gf_sqr,16,144,0x2bf8b731
14,B-A,2,reference,192,gf_sqr,17,144,0x2bf8b731
14,B-A,2,reference,192,gf_sqr,18,144,0x2bf8b731
14,B-A,2,reference,192,gf_sqr,19,144,0x2bf8b731
14,B-A,2,reference,192,gf_sqr,20,144,0x2bf8b731
14,B-A,2,reference,192,gf_sqr,21,144,0x2bf8b731
14,B-A,2,reference,192,gf_sqr,22,144,0x2bf8b731
14,B-A,2,reference,192,gf_sqr,23,144,0x2bf8b731
14,B-A,2,reference,192,gf_sqr,24,144,0x2bf8b731
14,B-A,2,reference,192,gf_sqr,25,144,0x2bf8b731
14,B-A,2,reference,192,gf_sqr,26,144,0x2bf8b731
14,B-A,2,reference,192,gf_sqr,27,144,0x2bf8b731
14,B-A,2,reference,192,gf_sqr,28,144,0x2bf8b731
14,B-A,2,reference,192,gf_sqr,29,144,0x2bf8b731
14,B-A,2,reference,192,gf_sqr,30,144,0x2bf8b731
14,B-A,2,reference,192,gf_sqr,31,144,0x2bf8b731
14,B-A,2,reference,192,gf_sqr,32,144,0x2bf8b731
14,B-A,2,reference,192,gf_sqr,33,144,0x2bf8b731
14,B-A,2,reference,192,gf_sqr,34,144,0x2bf8b731
14,B-A,2,reference,192,gf_sqr,35,144,0x2bf8b731
14,B-A,2,reference,192,gf_sqr,36,144,0x2bf8b731
14,B-A,2,reference,192,gf_sqr,37,144,0x2bf8b731
14,B-A,2,reference,192,gf_sqr,38,144,0x2bf8b731
14,B-A,2,reference,192,gf_sqr,39,144,0x2bf8b731
14,B-A,2,reference,192,gf_sqr,40,144,0x2bf8b731
14,B-A,2,reference,192,gf_sqr,41,144,0x2bf8b731
14,B-A,2,reference,192,gf_sqr,42,144,0x2bf8b731
14,B-A,2,reference,192,gf_sqr,43,144,0x2bf8b731
14,B-A,2,reference,192,gf_sqr,44,144,0x2bf8b731
14,B-A,2,reference,192,gf_sqr,45,144,0x2bf8b731
14,B-A,2,reference,192,gf_sqr,46,144,0x2bf8b731
14,B-A,2,reference,192,gf_sqr,47,144,0x2bf8b731
14,B-A,2,reference,192,gf_sqr,48,144,0x2bf8b731
14,B-A,2,reference,192,gf_sqr,49,144,0x2bf8b731
14,B-A,1,optimized,256,gf_mul,0,5942,0x283807e5
14,B-A,1,optimized,256,gf_mul,1,5940,0x283807e5
14,B-A,1,optimized,256,gf_mul,2,5941,0x283807e5
14,B-A,1,optimized,256,gf_mul,3,5940,0x283807e5
14,B-A,1,optimized,256,gf_mul,4,5940,0x283807e5
14,B-A,1,optimized,256,gf_mul,5,5940,0x283807e5
14,B-A,1,optimized,256,gf_mul,6,5940,0x283807e5
14,B-A,1,optimized,256,gf_mul,7,5940,0x283807e5
14,B-A,1,optimized,256,gf_mul,8,5940,0x283807e5
14,B-A,1,optimized,256,gf_mul,9,5940,0x283807e5
14,B-A,1,optimized,256,gf_mul,10,5940,0x283807e5
14,B-A,1,optimized,256,gf_mul,11,5940,0x283807e5
14,B-A,1,optimized,256,gf_mul,12,5940,0x283807e5
14,B-A,1,optimized,256,gf_mul,13,5940,0x283807e5
14,B-A,1,optimized,256,gf_mul,14,5940,0x283807e5
14,B-A,1,optimized,256,gf_mul,15,5940,0x283807e5
14,B-A,1,optimized,256,gf_mul,16,5940,0x283807e5
14,B-A,1,optimized,256,gf_mul,17,5940,0x283807e5
14,B-A,1,optimized,256,gf_mul,18,5940,0x283807e5
14,B-A,1,optimized,256,gf_mul,19,5940,0x283807e5
14,B-A,1,optimized,256,gf_mul,20,5940,0x283807e5
14,B-A,1,optimized,256,gf_mul,21,5940,0x283807e5
14,B-A,1,optimized,256,gf_mul,22,5940,0x283807e5
14,B-A,1,optimized,256,gf_mul,23,5940,0x283807e5
14,B-A,1,optimized,256,gf_mul,24,5940,0x283807e5
14,B-A,1,optimized,256,gf_mul,25,5940,0x283807e5
14,B-A,1,optimized,256,gf_mul,26,5940,0x283807e5
14,B-A,1,optimized,256,gf_mul,27,5940,0x283807e5
14,B-A,1,optimized,256,gf_mul,28,5940,0x283807e5
14,B-A,1,optimized,256,gf_mul,29,5940,0x283807e5
14,B-A,1,optimized,256,gf_mul,30,5940,0x283807e5
14,B-A,1,optimized,256,gf_mul,31,5940,0x283807e5
14,B-A,1,optimized,256,gf_mul,32,5940,0x283807e5
14,B-A,1,optimized,256,gf_mul,33,5940,0x283807e5
14,B-A,1,optimized,256,gf_mul,34,5940,0x283807e5
14,B-A,1,optimized,256,gf_mul,35,5940,0x283807e5
14,B-A,1,optimized,256,gf_mul,36,5940,0x283807e5
14,B-A,1,optimized,256,gf_mul,37,5940,0x283807e5
14,B-A,1,optimized,256,gf_mul,38,5940,0x283807e5
14,B-A,1,optimized,256,gf_mul,39,5940,0x283807e5
14,B-A,1,optimized,256,gf_mul,40,5940,0x283807e5
14,B-A,1,optimized,256,gf_mul,41,5940,0x283807e5
14,B-A,1,optimized,256,gf_mul,42,5940,0x283807e5
14,B-A,1,optimized,256,gf_mul,43,5940,0x283807e5
14,B-A,1,optimized,256,gf_mul,44,5940,0x283807e5
14,B-A,1,optimized,256,gf_mul,45,5940,0x283807e5
14,B-A,1,optimized,256,gf_mul,46,5940,0x283807e5
14,B-A,1,optimized,256,gf_mul,47,5940,0x283807e5
14,B-A,1,optimized,256,gf_mul,48,5940,0x283807e5
14,B-A,1,optimized,256,gf_mul,49,5940,0x283807e5
14,B-A,1,optimized,256,gf_sqr,0,202,0x283807e5
14,B-A,1,optimized,256,gf_sqr,1,200,0x283807e5
14,B-A,1,optimized,256,gf_sqr,2,201,0x283807e5
14,B-A,1,optimized,256,gf_sqr,3,200,0x283807e5
14,B-A,1,optimized,256,gf_sqr,4,200,0x283807e5
14,B-A,1,optimized,256,gf_sqr,5,200,0x283807e5
14,B-A,1,optimized,256,gf_sqr,6,200,0x283807e5
14,B-A,1,optimized,256,gf_sqr,7,200,0x283807e5
14,B-A,1,optimized,256,gf_sqr,8,200,0x283807e5
14,B-A,1,optimized,256,gf_sqr,9,200,0x283807e5
14,B-A,1,optimized,256,gf_sqr,10,200,0x283807e5
14,B-A,1,optimized,256,gf_sqr,11,200,0x283807e5
14,B-A,1,optimized,256,gf_sqr,12,200,0x283807e5
14,B-A,1,optimized,256,gf_sqr,13,200,0x283807e5
14,B-A,1,optimized,256,gf_sqr,14,200,0x283807e5
14,B-A,1,optimized,256,gf_sqr,15,200,0x283807e5
14,B-A,1,optimized,256,gf_sqr,16,200,0x283807e5
14,B-A,1,optimized,256,gf_sqr,17,200,0x283807e5
14,B-A,1,optimized,256,gf_sqr,18,200,0x283807e5
14,B-A,1,optimized,256,gf_sqr,19,200,0x283807e5
14,B-A,1,optimized,256,gf_sqr,20,200,0x283807e5
14,B-A,1,optimized,256,gf_sqr,21,200,0x283807e5
14,B-A,1,optimized,256,gf_sqr,22,200,0x283807e5
14,B-A,1,optimized,256,gf_sqr,23,200,0x283807e5
14,B-A,1,optimized,256,gf_sqr,24,200,0x283807e5
14,B-A,1,optimized,256,gf_sqr,25,200,0x283807e5
14,B-A,1,optimized,256,gf_sqr,26,200,0x283807e5
14,B-A,1,optimized,256,gf_sqr,27,200,0x283807e5
14,B-A,1,optimized,256,gf_sqr,28,200,0x283807e5
14,B-A,1,optimized,256,gf_sqr,29,200,0x283807e5
14,B-A,1,optimized,256,gf_sqr,30,200,0x283807e5
14,B-A,1,optimized,256,gf_sqr,31,200,0x283807e5
14,B-A,1,optimized,256,gf_sqr,32,200,0x283807e5
14,B-A,1,optimized,256,gf_sqr,33,200,0x283807e5
14,B-A,1,optimized,256,gf_sqr,34,200,0x283807e5
14,B-A,1,optimized,256,gf_sqr,35,200,0x283807e5
14,B-A,1,optimized,256,gf_sqr,36,200,0x283807e5
14,B-A,1,optimized,256,gf_sqr,37,200,0x283807e5
14,B-A,1,optimized,256,gf_sqr,38,200,0x283807e5
14,B-A,1,optimized,256,gf_sqr,39,200,0x283807e5
14,B-A,1,optimized,256,gf_sqr,40,200,0x283807e5
14,B-A,1,optimized,256,gf_sqr,41,200,0x283807e5
14,B-A,1,optimized,256,gf_sqr,42,200,0x283807e5
14,B-A,1,optimized,256,gf_sqr,43,200,0x283807e5
14,B-A,1,optimized,256,gf_sqr,44,200,0x283807e5
14,B-A,1,optimized,256,gf_sqr,45,200,0x283807e5
14,B-A,1,optimized,256,gf_sqr,46,200,0x283807e5
14,B-A,1,optimized,256,gf_sqr,47,200,0x283807e5
14,B-A,1,optimized,256,gf_sqr,48,200,0x283807e5
14,B-A,1,optimized,256,gf_sqr,49,200,0x283807e5
14,B-A,2,reference,256,gf_mul,0,5933,0x283807e5
14,B-A,2,reference,256,gf_mul,1,5932,0x283807e5
14,B-A,2,reference,256,gf_mul,2,5932,0x283807e5
14,B-A,2,reference,256,gf_mul,3,5931,0x283807e5
14,B-A,2,reference,256,gf_mul,4,5931,0x283807e5
14,B-A,2,reference,256,gf_mul,5,5931,0x283807e5
14,B-A,2,reference,256,gf_mul,6,5931,0x283807e5
14,B-A,2,reference,256,gf_mul,7,5931,0x283807e5
14,B-A,2,reference,256,gf_mul,8,5931,0x283807e5
14,B-A,2,reference,256,gf_mul,9,5931,0x283807e5
14,B-A,2,reference,256,gf_mul,10,5931,0x283807e5
14,B-A,2,reference,256,gf_mul,11,5931,0x283807e5
14,B-A,2,reference,256,gf_mul,12,5931,0x283807e5
14,B-A,2,reference,256,gf_mul,13,5931,0x283807e5
14,B-A,2,reference,256,gf_mul,14,5931,0x283807e5
14,B-A,2,reference,256,gf_mul,15,5931,0x283807e5
14,B-A,2,reference,256,gf_mul,16,5931,0x283807e5
14,B-A,2,reference,256,gf_mul,17,5931,0x283807e5
14,B-A,2,reference,256,gf_mul,18,5931,0x283807e5
14,B-A,2,reference,256,gf_mul,19,5931,0x283807e5
14,B-A,2,reference,256,gf_mul,20,5931,0x283807e5
14,B-A,2,reference,256,gf_mul,21,5931,0x283807e5
14,B-A,2,reference,256,gf_mul,22,5931,0x283807e5
14,B-A,2,reference,256,gf_mul,23,5931,0x283807e5
14,B-A,2,reference,256,gf_mul,24,5931,0x283807e5
14,B-A,2,reference,256,gf_mul,25,5931,0x283807e5
14,B-A,2,reference,256,gf_mul,26,5931,0x283807e5
14,B-A,2,reference,256,gf_mul,27,5931,0x283807e5
14,B-A,2,reference,256,gf_mul,28,5931,0x283807e5
14,B-A,2,reference,256,gf_mul,29,5931,0x283807e5
14,B-A,2,reference,256,gf_mul,30,5931,0x283807e5
14,B-A,2,reference,256,gf_mul,31,5931,0x283807e5
14,B-A,2,reference,256,gf_mul,32,5931,0x283807e5
14,B-A,2,reference,256,gf_mul,33,5931,0x283807e5
14,B-A,2,reference,256,gf_mul,34,5931,0x283807e5
14,B-A,2,reference,256,gf_mul,35,5931,0x283807e5
14,B-A,2,reference,256,gf_mul,36,5931,0x283807e5
14,B-A,2,reference,256,gf_mul,37,5931,0x283807e5
14,B-A,2,reference,256,gf_mul,38,5931,0x283807e5
14,B-A,2,reference,256,gf_mul,39,5931,0x283807e5
14,B-A,2,reference,256,gf_mul,40,5931,0x283807e5
14,B-A,2,reference,256,gf_mul,41,5931,0x283807e5
14,B-A,2,reference,256,gf_mul,42,5931,0x283807e5
14,B-A,2,reference,256,gf_mul,43,5931,0x283807e5
14,B-A,2,reference,256,gf_mul,44,5931,0x283807e5
14,B-A,2,reference,256,gf_mul,45,5931,0x283807e5
14,B-A,2,reference,256,gf_mul,46,5931,0x283807e5
14,B-A,2,reference,256,gf_mul,47,5931,0x283807e5
14,B-A,2,reference,256,gf_mul,48,5931,0x283807e5
14,B-A,2,reference,256,gf_mul,49,5931,0x283807e5
14,B-A,2,reference,256,gf_sqr,0,203,0x283807e5
14,B-A,2,reference,256,gf_sqr,1,202,0x283807e5
14,B-A,2,reference,256,gf_sqr,2,203,0x283807e5
14,B-A,2,reference,256,gf_sqr,3,202,0x283807e5
14,B-A,2,reference,256,gf_sqr,4,202,0x283807e5
14,B-A,2,reference,256,gf_sqr,5,202,0x283807e5
14,B-A,2,reference,256,gf_sqr,6,202,0x283807e5
14,B-A,2,reference,256,gf_sqr,7,202,0x283807e5
14,B-A,2,reference,256,gf_sqr,8,202,0x283807e5
14,B-A,2,reference,256,gf_sqr,9,202,0x283807e5
14,B-A,2,reference,256,gf_sqr,10,202,0x283807e5
14,B-A,2,reference,256,gf_sqr,11,202,0x283807e5
14,B-A,2,reference,256,gf_sqr,12,202,0x283807e5
14,B-A,2,reference,256,gf_sqr,13,202,0x283807e5
14,B-A,2,reference,256,gf_sqr,14,202,0x283807e5
14,B-A,2,reference,256,gf_sqr,15,202,0x283807e5
14,B-A,2,reference,256,gf_sqr,16,202,0x283807e5
14,B-A,2,reference,256,gf_sqr,17,202,0x283807e5
14,B-A,2,reference,256,gf_sqr,18,202,0x283807e5
14,B-A,2,reference,256,gf_sqr,19,202,0x283807e5
14,B-A,2,reference,256,gf_sqr,20,202,0x283807e5
14,B-A,2,reference,256,gf_sqr,21,202,0x283807e5
14,B-A,2,reference,256,gf_sqr,22,202,0x283807e5
14,B-A,2,reference,256,gf_sqr,23,202,0x283807e5
14,B-A,2,reference,256,gf_sqr,24,202,0x283807e5
14,B-A,2,reference,256,gf_sqr,25,202,0x283807e5
14,B-A,2,reference,256,gf_sqr,26,202,0x283807e5
14,B-A,2,reference,256,gf_sqr,27,202,0x283807e5
14,B-A,2,reference,256,gf_sqr,28,202,0x283807e5
14,B-A,2,reference,256,gf_sqr,29,202,0x283807e5
14,B-A,2,reference,256,gf_sqr,30,202,0x283807e5
14,B-A,2,reference,256,gf_sqr,31,202,0x283807e5
14,B-A,2,reference,256,gf_sqr,32,202,0x283807e5
14,B-A,2,reference,256,gf_sqr,33,202,0x283807e5
14,B-A,2,reference,256,gf_sqr,34,202,0x283807e5
14,B-A,2,reference,256,gf_sqr,35,202,0x283807e5
14,B-A,2,reference,256,gf_sqr,36,202,0x283807e5
14,B-A,2,reference,256,gf_sqr,37,202,0x283807e5
14,B-A,2,reference,256,gf_sqr,38,202,0x283807e5
14,B-A,2,reference,256,gf_sqr,39,202,0x283807e5
14,B-A,2,reference,256,gf_sqr,40,202,0x283807e5
14,B-A,2,reference,256,gf_sqr,41,202,0x283807e5
14,B-A,2,reference,256,gf_sqr,42,202,0x283807e5
14,B-A,2,reference,256,gf_sqr,43,202,0x283807e5
14,B-A,2,reference,256,gf_sqr,44,202,0x283807e5
14,B-A,2,reference,256,gf_sqr,45,202,0x283807e5
14,B-A,2,reference,256,gf_sqr,46,202,0x283807e5
14,B-A,2,reference,256,gf_sqr,47,202,0x283807e5
14,B-A,2,reference,256,gf_sqr,48,202,0x283807e5
14,B-A,2,reference,256,gf_sqr,49,202,0x283807e5
15,A-B,1,reference,128,gf_mul,0,1969,0x54cada71
15,A-B,1,reference,128,gf_mul,1,1965,0x54cada71
15,A-B,1,reference,128,gf_mul,2,1965,0x54cada71
15,A-B,1,reference,128,gf_mul,3,1964,0x54cada71
15,A-B,1,reference,128,gf_mul,4,1964,0x54cada71
15,A-B,1,reference,128,gf_mul,5,1964,0x54cada71
15,A-B,1,reference,128,gf_mul,6,1964,0x54cada71
15,A-B,1,reference,128,gf_mul,7,1964,0x54cada71
15,A-B,1,reference,128,gf_mul,8,1964,0x54cada71
15,A-B,1,reference,128,gf_mul,9,1964,0x54cada71
15,A-B,1,reference,128,gf_mul,10,1964,0x54cada71
15,A-B,1,reference,128,gf_mul,11,1964,0x54cada71
15,A-B,1,reference,128,gf_mul,12,1964,0x54cada71
15,A-B,1,reference,128,gf_mul,13,1964,0x54cada71
15,A-B,1,reference,128,gf_mul,14,1964,0x54cada71
15,A-B,1,reference,128,gf_mul,15,1964,0x54cada71
15,A-B,1,reference,128,gf_mul,16,1964,0x54cada71
15,A-B,1,reference,128,gf_mul,17,1964,0x54cada71
15,A-B,1,reference,128,gf_mul,18,1964,0x54cada71
15,A-B,1,reference,128,gf_mul,19,1964,0x54cada71
15,A-B,1,reference,128,gf_mul,20,1964,0x54cada71
15,A-B,1,reference,128,gf_mul,21,1964,0x54cada71
15,A-B,1,reference,128,gf_mul,22,1964,0x54cada71
15,A-B,1,reference,128,gf_mul,23,1964,0x54cada71
15,A-B,1,reference,128,gf_mul,24,1964,0x54cada71
15,A-B,1,reference,128,gf_mul,25,1964,0x54cada71
15,A-B,1,reference,128,gf_mul,26,1964,0x54cada71
15,A-B,1,reference,128,gf_mul,27,1964,0x54cada71
15,A-B,1,reference,128,gf_mul,28,1964,0x54cada71
15,A-B,1,reference,128,gf_mul,29,1964,0x54cada71
15,A-B,1,reference,128,gf_mul,30,1964,0x54cada71
15,A-B,1,reference,128,gf_mul,31,1964,0x54cada71
15,A-B,1,reference,128,gf_mul,32,1964,0x54cada71
15,A-B,1,reference,128,gf_mul,33,1964,0x54cada71
15,A-B,1,reference,128,gf_mul,34,1964,0x54cada71
15,A-B,1,reference,128,gf_mul,35,1964,0x54cada71
15,A-B,1,reference,128,gf_mul,36,1964,0x54cada71
15,A-B,1,reference,128,gf_mul,37,1964,0x54cada71
15,A-B,1,reference,128,gf_mul,38,1964,0x54cada71
15,A-B,1,reference,128,gf_mul,39,1964,0x54cada71
15,A-B,1,reference,128,gf_mul,40,1964,0x54cada71
15,A-B,1,reference,128,gf_mul,41,1964,0x54cada71
15,A-B,1,reference,128,gf_mul,42,1964,0x54cada71
15,A-B,1,reference,128,gf_mul,43,1964,0x54cada71
15,A-B,1,reference,128,gf_mul,44,1964,0x54cada71
15,A-B,1,reference,128,gf_mul,45,1964,0x54cada71
15,A-B,1,reference,128,gf_mul,46,1964,0x54cada71
15,A-B,1,reference,128,gf_mul,47,1964,0x54cada71
15,A-B,1,reference,128,gf_mul,48,1964,0x54cada71
15,A-B,1,reference,128,gf_mul,49,1964,0x54cada71
15,A-B,1,reference,128,gf_sqr,0,107,0x54cada71
15,A-B,1,reference,128,gf_sqr,1,103,0x54cada71
15,A-B,1,reference,128,gf_sqr,2,103,0x54cada71
15,A-B,1,reference,128,gf_sqr,3,102,0x54cada71
15,A-B,1,reference,128,gf_sqr,4,102,0x54cada71
15,A-B,1,reference,128,gf_sqr,5,102,0x54cada71
15,A-B,1,reference,128,gf_sqr,6,102,0x54cada71
15,A-B,1,reference,128,gf_sqr,7,102,0x54cada71
15,A-B,1,reference,128,gf_sqr,8,102,0x54cada71
15,A-B,1,reference,128,gf_sqr,9,102,0x54cada71
15,A-B,1,reference,128,gf_sqr,10,102,0x54cada71
15,A-B,1,reference,128,gf_sqr,11,102,0x54cada71
15,A-B,1,reference,128,gf_sqr,12,102,0x54cada71
15,A-B,1,reference,128,gf_sqr,13,102,0x54cada71
15,A-B,1,reference,128,gf_sqr,14,102,0x54cada71
15,A-B,1,reference,128,gf_sqr,15,102,0x54cada71
15,A-B,1,reference,128,gf_sqr,16,102,0x54cada71
15,A-B,1,reference,128,gf_sqr,17,102,0x54cada71
15,A-B,1,reference,128,gf_sqr,18,102,0x54cada71
15,A-B,1,reference,128,gf_sqr,19,102,0x54cada71
15,A-B,1,reference,128,gf_sqr,20,102,0x54cada71
15,A-B,1,reference,128,gf_sqr,21,102,0x54cada71
15,A-B,1,reference,128,gf_sqr,22,102,0x54cada71
15,A-B,1,reference,128,gf_sqr,23,102,0x54cada71
15,A-B,1,reference,128,gf_sqr,24,102,0x54cada71
15,A-B,1,reference,128,gf_sqr,25,102,0x54cada71
15,A-B,1,reference,128,gf_sqr,26,102,0x54cada71
15,A-B,1,reference,128,gf_sqr,27,102,0x54cada71
15,A-B,1,reference,128,gf_sqr,28,102,0x54cada71
15,A-B,1,reference,128,gf_sqr,29,102,0x54cada71
15,A-B,1,reference,128,gf_sqr,30,102,0x54cada71
15,A-B,1,reference,128,gf_sqr,31,102,0x54cada71
15,A-B,1,reference,128,gf_sqr,32,102,0x54cada71
15,A-B,1,reference,128,gf_sqr,33,102,0x54cada71
15,A-B,1,reference,128,gf_sqr,34,102,0x54cada71
15,A-B,1,reference,128,gf_sqr,35,102,0x54cada71
15,A-B,1,reference,128,gf_sqr,36,102,0x54cada71
15,A-B,1,reference,128,gf_sqr,37,102,0x54cada71
15,A-B,1,reference,128,gf_sqr,38,102,0x54cada71
15,A-B,1,reference,128,gf_sqr,39,102,0x54cada71
15,A-B,1,reference,128,gf_sqr,40,102,0x54cada71
15,A-B,1,reference,128,gf_sqr,41,102,0x54cada71
15,A-B,1,reference,128,gf_sqr,42,102,0x54cada71
15,A-B,1,reference,128,gf_sqr,43,102,0x54cada71
15,A-B,1,reference,128,gf_sqr,44,102,0x54cada71
15,A-B,1,reference,128,gf_sqr,45,102,0x54cada71
15,A-B,1,reference,128,gf_sqr,46,102,0x54cada71
15,A-B,1,reference,128,gf_sqr,47,102,0x54cada71
15,A-B,1,reference,128,gf_sqr,48,102,0x54cada71
15,A-B,1,reference,128,gf_sqr,49,102,0x54cada71
15,A-B,2,optimized,128,gf_mul,0,1969,0x54cada71
15,A-B,2,optimized,128,gf_mul,1,1968,0x54cada71
15,A-B,2,optimized,128,gf_mul,2,1968,0x54cada71
15,A-B,2,optimized,128,gf_mul,3,1967,0x54cada71
15,A-B,2,optimized,128,gf_mul,4,1967,0x54cada71
15,A-B,2,optimized,128,gf_mul,5,1967,0x54cada71
15,A-B,2,optimized,128,gf_mul,6,1967,0x54cada71
15,A-B,2,optimized,128,gf_mul,7,1967,0x54cada71
15,A-B,2,optimized,128,gf_mul,8,1967,0x54cada71
15,A-B,2,optimized,128,gf_mul,9,1967,0x54cada71
15,A-B,2,optimized,128,gf_mul,10,1967,0x54cada71
15,A-B,2,optimized,128,gf_mul,11,1967,0x54cada71
15,A-B,2,optimized,128,gf_mul,12,1967,0x54cada71
15,A-B,2,optimized,128,gf_mul,13,1967,0x54cada71
15,A-B,2,optimized,128,gf_mul,14,1967,0x54cada71
15,A-B,2,optimized,128,gf_mul,15,1967,0x54cada71
15,A-B,2,optimized,128,gf_mul,16,1967,0x54cada71
15,A-B,2,optimized,128,gf_mul,17,1967,0x54cada71
15,A-B,2,optimized,128,gf_mul,18,1967,0x54cada71
15,A-B,2,optimized,128,gf_mul,19,1967,0x54cada71
15,A-B,2,optimized,128,gf_mul,20,1967,0x54cada71
15,A-B,2,optimized,128,gf_mul,21,1967,0x54cada71
15,A-B,2,optimized,128,gf_mul,22,1967,0x54cada71
15,A-B,2,optimized,128,gf_mul,23,1967,0x54cada71
15,A-B,2,optimized,128,gf_mul,24,1967,0x54cada71
15,A-B,2,optimized,128,gf_mul,25,1967,0x54cada71
15,A-B,2,optimized,128,gf_mul,26,1967,0x54cada71
15,A-B,2,optimized,128,gf_mul,27,1967,0x54cada71
15,A-B,2,optimized,128,gf_mul,28,1967,0x54cada71
15,A-B,2,optimized,128,gf_mul,29,1967,0x54cada71
15,A-B,2,optimized,128,gf_mul,30,1967,0x54cada71
15,A-B,2,optimized,128,gf_mul,31,1967,0x54cada71
15,A-B,2,optimized,128,gf_mul,32,1967,0x54cada71
15,A-B,2,optimized,128,gf_mul,33,1967,0x54cada71
15,A-B,2,optimized,128,gf_mul,34,1967,0x54cada71
15,A-B,2,optimized,128,gf_mul,35,1967,0x54cada71
15,A-B,2,optimized,128,gf_mul,36,1967,0x54cada71
15,A-B,2,optimized,128,gf_mul,37,1967,0x54cada71
15,A-B,2,optimized,128,gf_mul,38,1967,0x54cada71
15,A-B,2,optimized,128,gf_mul,39,1967,0x54cada71
15,A-B,2,optimized,128,gf_mul,40,1967,0x54cada71
15,A-B,2,optimized,128,gf_mul,41,1967,0x54cada71
15,A-B,2,optimized,128,gf_mul,42,1967,0x54cada71
15,A-B,2,optimized,128,gf_mul,43,1967,0x54cada71
15,A-B,2,optimized,128,gf_mul,44,1967,0x54cada71
15,A-B,2,optimized,128,gf_mul,45,1967,0x54cada71
15,A-B,2,optimized,128,gf_mul,46,1967,0x54cada71
15,A-B,2,optimized,128,gf_mul,47,1967,0x54cada71
15,A-B,2,optimized,128,gf_mul,48,1967,0x54cada71
15,A-B,2,optimized,128,gf_mul,49,1967,0x54cada71
15,A-B,2,optimized,128,gf_sqr,0,107,0x54cada71
15,A-B,2,optimized,128,gf_sqr,1,107,0x54cada71
15,A-B,2,optimized,128,gf_sqr,2,107,0x54cada71
15,A-B,2,optimized,128,gf_sqr,3,106,0x54cada71
15,A-B,2,optimized,128,gf_sqr,4,106,0x54cada71
15,A-B,2,optimized,128,gf_sqr,5,106,0x54cada71
15,A-B,2,optimized,128,gf_sqr,6,106,0x54cada71
15,A-B,2,optimized,128,gf_sqr,7,106,0x54cada71
15,A-B,2,optimized,128,gf_sqr,8,106,0x54cada71
15,A-B,2,optimized,128,gf_sqr,9,106,0x54cada71
15,A-B,2,optimized,128,gf_sqr,10,106,0x54cada71
15,A-B,2,optimized,128,gf_sqr,11,106,0x54cada71
15,A-B,2,optimized,128,gf_sqr,12,106,0x54cada71
15,A-B,2,optimized,128,gf_sqr,13,106,0x54cada71
15,A-B,2,optimized,128,gf_sqr,14,106,0x54cada71
15,A-B,2,optimized,128,gf_sqr,15,106,0x54cada71
15,A-B,2,optimized,128,gf_sqr,16,106,0x54cada71
15,A-B,2,optimized,128,gf_sqr,17,106,0x54cada71
15,A-B,2,optimized,128,gf_sqr,18,106,0x54cada71
15,A-B,2,optimized,128,gf_sqr,19,106,0x54cada71
15,A-B,2,optimized,128,gf_sqr,20,106,0x54cada71
15,A-B,2,optimized,128,gf_sqr,21,106,0x54cada71
15,A-B,2,optimized,128,gf_sqr,22,106,0x54cada71
15,A-B,2,optimized,128,gf_sqr,23,106,0x54cada71
15,A-B,2,optimized,128,gf_sqr,24,106,0x54cada71
15,A-B,2,optimized,128,gf_sqr,25,106,0x54cada71
15,A-B,2,optimized,128,gf_sqr,26,106,0x54cada71
15,A-B,2,optimized,128,gf_sqr,27,106,0x54cada71
15,A-B,2,optimized,128,gf_sqr,28,106,0x54cada71
15,A-B,2,optimized,128,gf_sqr,29,106,0x54cada71
15,A-B,2,optimized,128,gf_sqr,30,106,0x54cada71
15,A-B,2,optimized,128,gf_sqr,31,106,0x54cada71
15,A-B,2,optimized,128,gf_sqr,32,106,0x54cada71
15,A-B,2,optimized,128,gf_sqr,33,106,0x54cada71
15,A-B,2,optimized,128,gf_sqr,34,106,0x54cada71
15,A-B,2,optimized,128,gf_sqr,35,106,0x54cada71
15,A-B,2,optimized,128,gf_sqr,36,106,0x54cada71
15,A-B,2,optimized,128,gf_sqr,37,106,0x54cada71
15,A-B,2,optimized,128,gf_sqr,38,106,0x54cada71
15,A-B,2,optimized,128,gf_sqr,39,106,0x54cada71
15,A-B,2,optimized,128,gf_sqr,40,106,0x54cada71
15,A-B,2,optimized,128,gf_sqr,41,106,0x54cada71
15,A-B,2,optimized,128,gf_sqr,42,106,0x54cada71
15,A-B,2,optimized,128,gf_sqr,43,106,0x54cada71
15,A-B,2,optimized,128,gf_sqr,44,106,0x54cada71
15,A-B,2,optimized,128,gf_sqr,45,106,0x54cada71
15,A-B,2,optimized,128,gf_sqr,46,106,0x54cada71
15,A-B,2,optimized,128,gf_sqr,47,106,0x54cada71
15,A-B,2,optimized,128,gf_sqr,48,106,0x54cada71
15,A-B,2,optimized,128,gf_sqr,49,106,0x54cada71
15,A-B,1,reference,192,gf_mul,0,3927,0x2bf8b731
15,A-B,1,reference,192,gf_mul,1,3927,0x2bf8b731
15,A-B,1,reference,192,gf_mul,2,3927,0x2bf8b731
15,A-B,1,reference,192,gf_mul,3,3926,0x2bf8b731
15,A-B,1,reference,192,gf_mul,4,3926,0x2bf8b731
15,A-B,1,reference,192,gf_mul,5,3926,0x2bf8b731
15,A-B,1,reference,192,gf_mul,6,3926,0x2bf8b731
15,A-B,1,reference,192,gf_mul,7,3926,0x2bf8b731
15,A-B,1,reference,192,gf_mul,8,3926,0x2bf8b731
15,A-B,1,reference,192,gf_mul,9,3926,0x2bf8b731
15,A-B,1,reference,192,gf_mul,10,3926,0x2bf8b731
15,A-B,1,reference,192,gf_mul,11,3926,0x2bf8b731
15,A-B,1,reference,192,gf_mul,12,3926,0x2bf8b731
15,A-B,1,reference,192,gf_mul,13,3926,0x2bf8b731
15,A-B,1,reference,192,gf_mul,14,3926,0x2bf8b731
15,A-B,1,reference,192,gf_mul,15,3926,0x2bf8b731
15,A-B,1,reference,192,gf_mul,16,3926,0x2bf8b731
15,A-B,1,reference,192,gf_mul,17,3926,0x2bf8b731
15,A-B,1,reference,192,gf_mul,18,3926,0x2bf8b731
15,A-B,1,reference,192,gf_mul,19,3926,0x2bf8b731
15,A-B,1,reference,192,gf_mul,20,3926,0x2bf8b731
15,A-B,1,reference,192,gf_mul,21,3926,0x2bf8b731
15,A-B,1,reference,192,gf_mul,22,3926,0x2bf8b731
15,A-B,1,reference,192,gf_mul,23,3926,0x2bf8b731
15,A-B,1,reference,192,gf_mul,24,3926,0x2bf8b731
15,A-B,1,reference,192,gf_mul,25,3926,0x2bf8b731
15,A-B,1,reference,192,gf_mul,26,3926,0x2bf8b731
15,A-B,1,reference,192,gf_mul,27,3926,0x2bf8b731
15,A-B,1,reference,192,gf_mul,28,3926,0x2bf8b731
15,A-B,1,reference,192,gf_mul,29,3926,0x2bf8b731
15,A-B,1,reference,192,gf_mul,30,3926,0x2bf8b731
15,A-B,1,reference,192,gf_mul,31,3926,0x2bf8b731
15,A-B,1,reference,192,gf_mul,32,3926,0x2bf8b731
15,A-B,1,reference,192,gf_mul,33,3926,0x2bf8b731
15,A-B,1,reference,192,gf_mul,34,3926,0x2bf8b731
15,A-B,1,reference,192,gf_mul,35,3926,0x2bf8b731
15,A-B,1,reference,192,gf_mul,36,3926,0x2bf8b731
15,A-B,1,reference,192,gf_mul,37,3926,0x2bf8b731
15,A-B,1,reference,192,gf_mul,38,3926,0x2bf8b731
15,A-B,1,reference,192,gf_mul,39,3926,0x2bf8b731
15,A-B,1,reference,192,gf_mul,40,3926,0x2bf8b731
15,A-B,1,reference,192,gf_mul,41,3926,0x2bf8b731
15,A-B,1,reference,192,gf_mul,42,3926,0x2bf8b731
15,A-B,1,reference,192,gf_mul,43,3926,0x2bf8b731
15,A-B,1,reference,192,gf_mul,44,3926,0x2bf8b731
15,A-B,1,reference,192,gf_mul,45,3926,0x2bf8b731
15,A-B,1,reference,192,gf_mul,46,3926,0x2bf8b731
15,A-B,1,reference,192,gf_mul,47,3926,0x2bf8b731
15,A-B,1,reference,192,gf_mul,48,3926,0x2bf8b731
15,A-B,1,reference,192,gf_mul,49,3926,0x2bf8b731
15,A-B,1,reference,192,gf_sqr,0,144,0x2bf8b731
15,A-B,1,reference,192,gf_sqr,1,144,0x2bf8b731
15,A-B,1,reference,192,gf_sqr,2,143,0x2bf8b731
15,A-B,1,reference,192,gf_sqr,3,144,0x2bf8b731
15,A-B,1,reference,192,gf_sqr,4,144,0x2bf8b731
15,A-B,1,reference,192,gf_sqr,5,144,0x2bf8b731
15,A-B,1,reference,192,gf_sqr,6,144,0x2bf8b731
15,A-B,1,reference,192,gf_sqr,7,144,0x2bf8b731
15,A-B,1,reference,192,gf_sqr,8,144,0x2bf8b731
15,A-B,1,reference,192,gf_sqr,9,144,0x2bf8b731
15,A-B,1,reference,192,gf_sqr,10,144,0x2bf8b731
15,A-B,1,reference,192,gf_sqr,11,144,0x2bf8b731
15,A-B,1,reference,192,gf_sqr,12,144,0x2bf8b731
15,A-B,1,reference,192,gf_sqr,13,144,0x2bf8b731
15,A-B,1,reference,192,gf_sqr,14,144,0x2bf8b731
15,A-B,1,reference,192,gf_sqr,15,144,0x2bf8b731
15,A-B,1,reference,192,gf_sqr,16,144,0x2bf8b731
15,A-B,1,reference,192,gf_sqr,17,144,0x2bf8b731
15,A-B,1,reference,192,gf_sqr,18,144,0x2bf8b731
15,A-B,1,reference,192,gf_sqr,19,144,0x2bf8b731
15,A-B,1,reference,192,gf_sqr,20,144,0x2bf8b731
15,A-B,1,reference,192,gf_sqr,21,144,0x2bf8b731
15,A-B,1,reference,192,gf_sqr,22,144,0x2bf8b731
15,A-B,1,reference,192,gf_sqr,23,144,0x2bf8b731
15,A-B,1,reference,192,gf_sqr,24,144,0x2bf8b731
15,A-B,1,reference,192,gf_sqr,25,144,0x2bf8b731
15,A-B,1,reference,192,gf_sqr,26,144,0x2bf8b731
15,A-B,1,reference,192,gf_sqr,27,144,0x2bf8b731
15,A-B,1,reference,192,gf_sqr,28,144,0x2bf8b731
15,A-B,1,reference,192,gf_sqr,29,144,0x2bf8b731
15,A-B,1,reference,192,gf_sqr,30,144,0x2bf8b731
15,A-B,1,reference,192,gf_sqr,31,144,0x2bf8b731
15,A-B,1,reference,192,gf_sqr,32,144,0x2bf8b731
15,A-B,1,reference,192,gf_sqr,33,144,0x2bf8b731
15,A-B,1,reference,192,gf_sqr,34,144,0x2bf8b731
15,A-B,1,reference,192,gf_sqr,35,144,0x2bf8b731
15,A-B,1,reference,192,gf_sqr,36,144,0x2bf8b731
15,A-B,1,reference,192,gf_sqr,37,144,0x2bf8b731
15,A-B,1,reference,192,gf_sqr,38,144,0x2bf8b731
15,A-B,1,reference,192,gf_sqr,39,144,0x2bf8b731
15,A-B,1,reference,192,gf_sqr,40,144,0x2bf8b731
15,A-B,1,reference,192,gf_sqr,41,144,0x2bf8b731
15,A-B,1,reference,192,gf_sqr,42,144,0x2bf8b731
15,A-B,1,reference,192,gf_sqr,43,144,0x2bf8b731
15,A-B,1,reference,192,gf_sqr,44,144,0x2bf8b731
15,A-B,1,reference,192,gf_sqr,45,144,0x2bf8b731
15,A-B,1,reference,192,gf_sqr,46,144,0x2bf8b731
15,A-B,1,reference,192,gf_sqr,47,144,0x2bf8b731
15,A-B,1,reference,192,gf_sqr,48,144,0x2bf8b731
15,A-B,1,reference,192,gf_sqr,49,144,0x2bf8b731
15,A-B,2,optimized,192,gf_mul,0,3927,0x2bf8b731
15,A-B,2,optimized,192,gf_mul,1,3927,0x2bf8b731
15,A-B,2,optimized,192,gf_mul,2,3927,0x2bf8b731
15,A-B,2,optimized,192,gf_mul,3,3926,0x2bf8b731
15,A-B,2,optimized,192,gf_mul,4,3926,0x2bf8b731
15,A-B,2,optimized,192,gf_mul,5,3926,0x2bf8b731
15,A-B,2,optimized,192,gf_mul,6,3926,0x2bf8b731
15,A-B,2,optimized,192,gf_mul,7,3926,0x2bf8b731
15,A-B,2,optimized,192,gf_mul,8,3926,0x2bf8b731
15,A-B,2,optimized,192,gf_mul,9,3926,0x2bf8b731
15,A-B,2,optimized,192,gf_mul,10,3926,0x2bf8b731
15,A-B,2,optimized,192,gf_mul,11,3926,0x2bf8b731
15,A-B,2,optimized,192,gf_mul,12,3926,0x2bf8b731
15,A-B,2,optimized,192,gf_mul,13,3926,0x2bf8b731
15,A-B,2,optimized,192,gf_mul,14,3926,0x2bf8b731
15,A-B,2,optimized,192,gf_mul,15,3926,0x2bf8b731
15,A-B,2,optimized,192,gf_mul,16,3926,0x2bf8b731
15,A-B,2,optimized,192,gf_mul,17,3926,0x2bf8b731
15,A-B,2,optimized,192,gf_mul,18,3926,0x2bf8b731
15,A-B,2,optimized,192,gf_mul,19,3926,0x2bf8b731
15,A-B,2,optimized,192,gf_mul,20,3926,0x2bf8b731
15,A-B,2,optimized,192,gf_mul,21,3926,0x2bf8b731
15,A-B,2,optimized,192,gf_mul,22,3926,0x2bf8b731
15,A-B,2,optimized,192,gf_mul,23,3926,0x2bf8b731
15,A-B,2,optimized,192,gf_mul,24,3926,0x2bf8b731
15,A-B,2,optimized,192,gf_mul,25,3926,0x2bf8b731
15,A-B,2,optimized,192,gf_mul,26,3926,0x2bf8b731
15,A-B,2,optimized,192,gf_mul,27,3926,0x2bf8b731
15,A-B,2,optimized,192,gf_mul,28,3926,0x2bf8b731
15,A-B,2,optimized,192,gf_mul,29,3926,0x2bf8b731
15,A-B,2,optimized,192,gf_mul,30,3926,0x2bf8b731
15,A-B,2,optimized,192,gf_mul,31,3926,0x2bf8b731
15,A-B,2,optimized,192,gf_mul,32,3926,0x2bf8b731
15,A-B,2,optimized,192,gf_mul,33,3926,0x2bf8b731
15,A-B,2,optimized,192,gf_mul,34,3926,0x2bf8b731
15,A-B,2,optimized,192,gf_mul,35,3926,0x2bf8b731
15,A-B,2,optimized,192,gf_mul,36,3926,0x2bf8b731
15,A-B,2,optimized,192,gf_mul,37,3926,0x2bf8b731
15,A-B,2,optimized,192,gf_mul,38,3926,0x2bf8b731
15,A-B,2,optimized,192,gf_mul,39,3926,0x2bf8b731
15,A-B,2,optimized,192,gf_mul,40,3926,0x2bf8b731
15,A-B,2,optimized,192,gf_mul,41,3926,0x2bf8b731
15,A-B,2,optimized,192,gf_mul,42,3926,0x2bf8b731
15,A-B,2,optimized,192,gf_mul,43,3926,0x2bf8b731
15,A-B,2,optimized,192,gf_mul,44,3926,0x2bf8b731
15,A-B,2,optimized,192,gf_mul,45,3926,0x2bf8b731
15,A-B,2,optimized,192,gf_mul,46,3926,0x2bf8b731
15,A-B,2,optimized,192,gf_mul,47,3926,0x2bf8b731
15,A-B,2,optimized,192,gf_mul,48,3926,0x2bf8b731
15,A-B,2,optimized,192,gf_mul,49,3926,0x2bf8b731
15,A-B,2,optimized,192,gf_sqr,0,144,0x2bf8b731
15,A-B,2,optimized,192,gf_sqr,1,144,0x2bf8b731
15,A-B,2,optimized,192,gf_sqr,2,143,0x2bf8b731
15,A-B,2,optimized,192,gf_sqr,3,144,0x2bf8b731
15,A-B,2,optimized,192,gf_sqr,4,144,0x2bf8b731
15,A-B,2,optimized,192,gf_sqr,5,144,0x2bf8b731
15,A-B,2,optimized,192,gf_sqr,6,144,0x2bf8b731
15,A-B,2,optimized,192,gf_sqr,7,144,0x2bf8b731
15,A-B,2,optimized,192,gf_sqr,8,144,0x2bf8b731
15,A-B,2,optimized,192,gf_sqr,9,144,0x2bf8b731
15,A-B,2,optimized,192,gf_sqr,10,144,0x2bf8b731
15,A-B,2,optimized,192,gf_sqr,11,144,0x2bf8b731
15,A-B,2,optimized,192,gf_sqr,12,144,0x2bf8b731
15,A-B,2,optimized,192,gf_sqr,13,144,0x2bf8b731
15,A-B,2,optimized,192,gf_sqr,14,144,0x2bf8b731
15,A-B,2,optimized,192,gf_sqr,15,144,0x2bf8b731
15,A-B,2,optimized,192,gf_sqr,16,144,0x2bf8b731
15,A-B,2,optimized,192,gf_sqr,17,144,0x2bf8b731
15,A-B,2,optimized,192,gf_sqr,18,144,0x2bf8b731
15,A-B,2,optimized,192,gf_sqr,19,144,0x2bf8b731
15,A-B,2,optimized,192,gf_sqr,20,144,0x2bf8b731
15,A-B,2,optimized,192,gf_sqr,21,144,0x2bf8b731
15,A-B,2,optimized,192,gf_sqr,22,144,0x2bf8b731
15,A-B,2,optimized,192,gf_sqr,23,144,0x2bf8b731
15,A-B,2,optimized,192,gf_sqr,24,144,0x2bf8b731
15,A-B,2,optimized,192,gf_sqr,25,144,0x2bf8b731
15,A-B,2,optimized,192,gf_sqr,26,144,0x2bf8b731
15,A-B,2,optimized,192,gf_sqr,27,144,0x2bf8b731
15,A-B,2,optimized,192,gf_sqr,28,144,0x2bf8b731
15,A-B,2,optimized,192,gf_sqr,29,144,0x2bf8b731
15,A-B,2,optimized,192,gf_sqr,30,144,0x2bf8b731
15,A-B,2,optimized,192,gf_sqr,31,144,0x2bf8b731
15,A-B,2,optimized,192,gf_sqr,32,144,0x2bf8b731
15,A-B,2,optimized,192,gf_sqr,33,144,0x2bf8b731
15,A-B,2,optimized,192,gf_sqr,34,144,0x2bf8b731
15,A-B,2,optimized,192,gf_sqr,35,144,0x2bf8b731
15,A-B,2,optimized,192,gf_sqr,36,144,0x2bf8b731
15,A-B,2,optimized,192,gf_sqr,37,144,0x2bf8b731
15,A-B,2,optimized,192,gf_sqr,38,144,0x2bf8b731
15,A-B,2,optimized,192,gf_sqr,39,144,0x2bf8b731
15,A-B,2,optimized,192,gf_sqr,40,144,0x2bf8b731
15,A-B,2,optimized,192,gf_sqr,41,144,0x2bf8b731
15,A-B,2,optimized,192,gf_sqr,42,144,0x2bf8b731
15,A-B,2,optimized,192,gf_sqr,43,144,0x2bf8b731
15,A-B,2,optimized,192,gf_sqr,44,144,0x2bf8b731
15,A-B,2,optimized,192,gf_sqr,45,144,0x2bf8b731
15,A-B,2,optimized,192,gf_sqr,46,144,0x2bf8b731
15,A-B,2,optimized,192,gf_sqr,47,144,0x2bf8b731
15,A-B,2,optimized,192,gf_sqr,48,144,0x2bf8b731
15,A-B,2,optimized,192,gf_sqr,49,144,0x2bf8b731
15,A-B,1,reference,256,gf_mul,0,5933,0x283807e5
15,A-B,1,reference,256,gf_mul,1,5932,0x283807e5
15,A-B,1,reference,256,gf_mul,2,5932,0x283807e5
15,A-B,1,reference,256,gf_mul,3,5931,0x283807e5
15,A-B,1,reference,256,gf_mul,4,5931,0x283807e5
15,A-B,1,reference,256,gf_mul,5,5931,0x283807e5
15,A-B,1,reference,256,gf_mul,6,5931,0x283807e5
15,A-B,1,reference,256,gf_mul,7,5931,0x283807e5
15,A-B,1,reference,256,gf_mul,8,5931,0x283807e5
15,A-B,1,reference,256,gf_mul,9,5931,0x283807e5
15,A-B,1,reference,256,gf_mul,10,5931,0x283807e5
15,A-B,1,reference,256,gf_mul,11,5931,0x283807e5
15,A-B,1,reference,256,gf_mul,12,5931,0x283807e5
15,A-B,1,reference,256,gf_mul,13,5931,0x283807e5
15,A-B,1,reference,256,gf_mul,14,5931,0x283807e5
15,A-B,1,reference,256,gf_mul,15,5931,0x283807e5
15,A-B,1,reference,256,gf_mul,16,5931,0x283807e5
15,A-B,1,reference,256,gf_mul,17,5931,0x283807e5
15,A-B,1,reference,256,gf_mul,18,5931,0x283807e5
15,A-B,1,reference,256,gf_mul,19,5931,0x283807e5
15,A-B,1,reference,256,gf_mul,20,5931,0x283807e5
15,A-B,1,reference,256,gf_mul,21,5931,0x283807e5
15,A-B,1,reference,256,gf_mul,22,5931,0x283807e5
15,A-B,1,reference,256,gf_mul,23,5931,0x283807e5
15,A-B,1,reference,256,gf_mul,24,5931,0x283807e5
15,A-B,1,reference,256,gf_mul,25,5931,0x283807e5
15,A-B,1,reference,256,gf_mul,26,5931,0x283807e5
15,A-B,1,reference,256,gf_mul,27,5931,0x283807e5
15,A-B,1,reference,256,gf_mul,28,5931,0x283807e5
15,A-B,1,reference,256,gf_mul,29,5931,0x283807e5
15,A-B,1,reference,256,gf_mul,30,5931,0x283807e5
15,A-B,1,reference,256,gf_mul,31,5931,0x283807e5
15,A-B,1,reference,256,gf_mul,32,5931,0x283807e5
15,A-B,1,reference,256,gf_mul,33,5931,0x283807e5
15,A-B,1,reference,256,gf_mul,34,5931,0x283807e5
15,A-B,1,reference,256,gf_mul,35,5931,0x283807e5
15,A-B,1,reference,256,gf_mul,36,5931,0x283807e5
15,A-B,1,reference,256,gf_mul,37,5931,0x283807e5
15,A-B,1,reference,256,gf_mul,38,5931,0x283807e5
15,A-B,1,reference,256,gf_mul,39,5931,0x283807e5
15,A-B,1,reference,256,gf_mul,40,5931,0x283807e5
15,A-B,1,reference,256,gf_mul,41,5931,0x283807e5
15,A-B,1,reference,256,gf_mul,42,5931,0x283807e5
15,A-B,1,reference,256,gf_mul,43,5931,0x283807e5
15,A-B,1,reference,256,gf_mul,44,5931,0x283807e5
15,A-B,1,reference,256,gf_mul,45,5931,0x283807e5
15,A-B,1,reference,256,gf_mul,46,5931,0x283807e5
15,A-B,1,reference,256,gf_mul,47,5931,0x283807e5
15,A-B,1,reference,256,gf_mul,48,5931,0x283807e5
15,A-B,1,reference,256,gf_mul,49,5931,0x283807e5
15,A-B,1,reference,256,gf_sqr,0,203,0x283807e5
15,A-B,1,reference,256,gf_sqr,1,202,0x283807e5
15,A-B,1,reference,256,gf_sqr,2,203,0x283807e5
15,A-B,1,reference,256,gf_sqr,3,202,0x283807e5
15,A-B,1,reference,256,gf_sqr,4,202,0x283807e5
15,A-B,1,reference,256,gf_sqr,5,202,0x283807e5
15,A-B,1,reference,256,gf_sqr,6,202,0x283807e5
15,A-B,1,reference,256,gf_sqr,7,202,0x283807e5
15,A-B,1,reference,256,gf_sqr,8,202,0x283807e5
15,A-B,1,reference,256,gf_sqr,9,202,0x283807e5
15,A-B,1,reference,256,gf_sqr,10,202,0x283807e5
15,A-B,1,reference,256,gf_sqr,11,202,0x283807e5
15,A-B,1,reference,256,gf_sqr,12,202,0x283807e5
15,A-B,1,reference,256,gf_sqr,13,202,0x283807e5
15,A-B,1,reference,256,gf_sqr,14,202,0x283807e5
15,A-B,1,reference,256,gf_sqr,15,202,0x283807e5
15,A-B,1,reference,256,gf_sqr,16,202,0x283807e5
15,A-B,1,reference,256,gf_sqr,17,202,0x283807e5
15,A-B,1,reference,256,gf_sqr,18,202,0x283807e5
15,A-B,1,reference,256,gf_sqr,19,202,0x283807e5
15,A-B,1,reference,256,gf_sqr,20,202,0x283807e5
15,A-B,1,reference,256,gf_sqr,21,202,0x283807e5
15,A-B,1,reference,256,gf_sqr,22,202,0x283807e5
15,A-B,1,reference,256,gf_sqr,23,202,0x283807e5
15,A-B,1,reference,256,gf_sqr,24,202,0x283807e5
15,A-B,1,reference,256,gf_sqr,25,202,0x283807e5
15,A-B,1,reference,256,gf_sqr,26,202,0x283807e5
15,A-B,1,reference,256,gf_sqr,27,202,0x283807e5
15,A-B,1,reference,256,gf_sqr,28,202,0x283807e5
15,A-B,1,reference,256,gf_sqr,29,202,0x283807e5
15,A-B,1,reference,256,gf_sqr,30,202,0x283807e5
15,A-B,1,reference,256,gf_sqr,31,202,0x283807e5
15,A-B,1,reference,256,gf_sqr,32,202,0x283807e5
15,A-B,1,reference,256,gf_sqr,33,202,0x283807e5
15,A-B,1,reference,256,gf_sqr,34,202,0x283807e5
15,A-B,1,reference,256,gf_sqr,35,202,0x283807e5
15,A-B,1,reference,256,gf_sqr,36,202,0x283807e5
15,A-B,1,reference,256,gf_sqr,37,202,0x283807e5
15,A-B,1,reference,256,gf_sqr,38,202,0x283807e5
15,A-B,1,reference,256,gf_sqr,39,202,0x283807e5
15,A-B,1,reference,256,gf_sqr,40,202,0x283807e5
15,A-B,1,reference,256,gf_sqr,41,202,0x283807e5
15,A-B,1,reference,256,gf_sqr,42,202,0x283807e5
15,A-B,1,reference,256,gf_sqr,43,202,0x283807e5
15,A-B,1,reference,256,gf_sqr,44,202,0x283807e5
15,A-B,1,reference,256,gf_sqr,45,202,0x283807e5
15,A-B,1,reference,256,gf_sqr,46,202,0x283807e5
15,A-B,1,reference,256,gf_sqr,47,202,0x283807e5
15,A-B,1,reference,256,gf_sqr,48,202,0x283807e5
15,A-B,1,reference,256,gf_sqr,49,202,0x283807e5
15,A-B,2,optimized,256,gf_mul,0,5942,0x283807e5
15,A-B,2,optimized,256,gf_mul,1,5940,0x283807e5
15,A-B,2,optimized,256,gf_mul,2,5941,0x283807e5
15,A-B,2,optimized,256,gf_mul,3,5940,0x283807e5
15,A-B,2,optimized,256,gf_mul,4,5940,0x283807e5
15,A-B,2,optimized,256,gf_mul,5,5940,0x283807e5
15,A-B,2,optimized,256,gf_mul,6,5940,0x283807e5
15,A-B,2,optimized,256,gf_mul,7,5940,0x283807e5
15,A-B,2,optimized,256,gf_mul,8,5940,0x283807e5
15,A-B,2,optimized,256,gf_mul,9,5940,0x283807e5
15,A-B,2,optimized,256,gf_mul,10,5940,0x283807e5
15,A-B,2,optimized,256,gf_mul,11,5940,0x283807e5
15,A-B,2,optimized,256,gf_mul,12,5940,0x283807e5
15,A-B,2,optimized,256,gf_mul,13,5940,0x283807e5
15,A-B,2,optimized,256,gf_mul,14,5940,0x283807e5
15,A-B,2,optimized,256,gf_mul,15,5940,0x283807e5
15,A-B,2,optimized,256,gf_mul,16,5940,0x283807e5
15,A-B,2,optimized,256,gf_mul,17,5940,0x283807e5
15,A-B,2,optimized,256,gf_mul,18,5940,0x283807e5
15,A-B,2,optimized,256,gf_mul,19,5940,0x283807e5
15,A-B,2,optimized,256,gf_mul,20,5940,0x283807e5
15,A-B,2,optimized,256,gf_mul,21,5940,0x283807e5
15,A-B,2,optimized,256,gf_mul,22,5940,0x283807e5
15,A-B,2,optimized,256,gf_mul,23,5940,0x283807e5
15,A-B,2,optimized,256,gf_mul,24,5940,0x283807e5
15,A-B,2,optimized,256,gf_mul,25,5940,0x283807e5
15,A-B,2,optimized,256,gf_mul,26,5940,0x283807e5
15,A-B,2,optimized,256,gf_mul,27,5940,0x283807e5
15,A-B,2,optimized,256,gf_mul,28,5940,0x283807e5
15,A-B,2,optimized,256,gf_mul,29,5940,0x283807e5
15,A-B,2,optimized,256,gf_mul,30,5940,0x283807e5
15,A-B,2,optimized,256,gf_mul,31,5940,0x283807e5
15,A-B,2,optimized,256,gf_mul,32,5940,0x283807e5
15,A-B,2,optimized,256,gf_mul,33,5940,0x283807e5
15,A-B,2,optimized,256,gf_mul,34,5940,0x283807e5
15,A-B,2,optimized,256,gf_mul,35,5940,0x283807e5
15,A-B,2,optimized,256,gf_mul,36,5940,0x283807e5
15,A-B,2,optimized,256,gf_mul,37,5940,0x283807e5
15,A-B,2,optimized,256,gf_mul,38,5940,0x283807e5
15,A-B,2,optimized,256,gf_mul,39,5940,0x283807e5
15,A-B,2,optimized,256,gf_mul,40,5940,0x283807e5
15,A-B,2,optimized,256,gf_mul,41,5940,0x283807e5
15,A-B,2,optimized,256,gf_mul,42,5940,0x283807e5
15,A-B,2,optimized,256,gf_mul,43,5940,0x283807e5
15,A-B,2,optimized,256,gf_mul,44,5940,0x283807e5
15,A-B,2,optimized,256,gf_mul,45,5940,0x283807e5
15,A-B,2,optimized,256,gf_mul,46,5940,0x283807e5
15,A-B,2,optimized,256,gf_mul,47,5940,0x283807e5
15,A-B,2,optimized,256,gf_mul,48,5940,0x283807e5
15,A-B,2,optimized,256,gf_mul,49,5940,0x283807e5
15,A-B,2,optimized,256,gf_sqr,0,202,0x283807e5
15,A-B,2,optimized,256,gf_sqr,1,200,0x283807e5
15,A-B,2,optimized,256,gf_sqr,2,201,0x283807e5
15,A-B,2,optimized,256,gf_sqr,3,200,0x283807e5
15,A-B,2,optimized,256,gf_sqr,4,200,0x283807e5
15,A-B,2,optimized,256,gf_sqr,5,200,0x283807e5
15,A-B,2,optimized,256,gf_sqr,6,200,0x283807e5
15,A-B,2,optimized,256,gf_sqr,7,200,0x283807e5
15,A-B,2,optimized,256,gf_sqr,8,200,0x283807e5
15,A-B,2,optimized,256,gf_sqr,9,200,0x283807e5
15,A-B,2,optimized,256,gf_sqr,10,200,0x283807e5
15,A-B,2,optimized,256,gf_sqr,11,200,0x283807e5
15,A-B,2,optimized,256,gf_sqr,12,200,0x283807e5
15,A-B,2,optimized,256,gf_sqr,13,200,0x283807e5
15,A-B,2,optimized,256,gf_sqr,14,200,0x283807e5
15,A-B,2,optimized,256,gf_sqr,15,200,0x283807e5
15,A-B,2,optimized,256,gf_sqr,16,200,0x283807e5
15,A-B,2,optimized,256,gf_sqr,17,200,0x283807e5
15,A-B,2,optimized,256,gf_sqr,18,200,0x283807e5
15,A-B,2,optimized,256,gf_sqr,19,200,0x283807e5
15,A-B,2,optimized,256,gf_sqr,20,200,0x283807e5
15,A-B,2,optimized,256,gf_sqr,21,200,0x283807e5
15,A-B,2,optimized,256,gf_sqr,22,200,0x283807e5
15,A-B,2,optimized,256,gf_sqr,23,200,0x283807e5
15,A-B,2,optimized,256,gf_sqr,24,200,0x283807e5
15,A-B,2,optimized,256,gf_sqr,25,200,0x283807e5
15,A-B,2,optimized,256,gf_sqr,26,200,0x283807e5
15,A-B,2,optimized,256,gf_sqr,27,200,0x283807e5
15,A-B,2,optimized,256,gf_sqr,28,200,0x283807e5
15,A-B,2,optimized,256,gf_sqr,29,200,0x283807e5
15,A-B,2,optimized,256,gf_sqr,30,200,0x283807e5
15,A-B,2,optimized,256,gf_sqr,31,200,0x283807e5
15,A-B,2,optimized,256,gf_sqr,32,200,0x283807e5
15,A-B,2,optimized,256,gf_sqr,33,200,0x283807e5
15,A-B,2,optimized,256,gf_sqr,34,200,0x283807e5
15,A-B,2,optimized,256,gf_sqr,35,200,0x283807e5
15,A-B,2,optimized,256,gf_sqr,36,200,0x283807e5
15,A-B,2,optimized,256,gf_sqr,37,200,0x283807e5
15,A-B,2,optimized,256,gf_sqr,38,200,0x283807e5
15,A-B,2,optimized,256,gf_sqr,39,200,0x283807e5
15,A-B,2,optimized,256,gf_sqr,40,200,0x283807e5
15,A-B,2,optimized,256,gf_sqr,41,200,0x283807e5
15,A-B,2,optimized,256,gf_sqr,42,200,0x283807e5
15,A-B,2,optimized,256,gf_sqr,43,200,0x283807e5
15,A-B,2,optimized,256,gf_sqr,44,200,0x283807e5
15,A-B,2,optimized,256,gf_sqr,45,200,0x283807e5
15,A-B,2,optimized,256,gf_sqr,46,200,0x283807e5
15,A-B,2,optimized,256,gf_sqr,47,200,0x283807e5
15,A-B,2,optimized,256,gf_sqr,48,200,0x283807e5
15,A-B,2,optimized,256,gf_sqr,49,200,0x283807e5
16,B-A,1,optimized,128,gf_mul,0,1969,0x54cada71
16,B-A,1,optimized,128,gf_mul,1,1968,0x54cada71
16,B-A,1,optimized,128,gf_mul,2,1968,0x54cada71
16,B-A,1,optimized,128,gf_mul,3,1967,0x54cada71
16,B-A,1,optimized,128,gf_mul,4,1967,0x54cada71
16,B-A,1,optimized,128,gf_mul,5,1967,0x54cada71
16,B-A,1,optimized,128,gf_mul,6,1967,0x54cada71
16,B-A,1,optimized,128,gf_mul,7,1967,0x54cada71
16,B-A,1,optimized,128,gf_mul,8,1967,0x54cada71
16,B-A,1,optimized,128,gf_mul,9,1967,0x54cada71
16,B-A,1,optimized,128,gf_mul,10,1967,0x54cada71
16,B-A,1,optimized,128,gf_mul,11,1967,0x54cada71
16,B-A,1,optimized,128,gf_mul,12,1967,0x54cada71
16,B-A,1,optimized,128,gf_mul,13,1967,0x54cada71
16,B-A,1,optimized,128,gf_mul,14,1967,0x54cada71
16,B-A,1,optimized,128,gf_mul,15,1967,0x54cada71
16,B-A,1,optimized,128,gf_mul,16,1967,0x54cada71
16,B-A,1,optimized,128,gf_mul,17,1967,0x54cada71
16,B-A,1,optimized,128,gf_mul,18,1967,0x54cada71
16,B-A,1,optimized,128,gf_mul,19,1967,0x54cada71
16,B-A,1,optimized,128,gf_mul,20,1967,0x54cada71
16,B-A,1,optimized,128,gf_mul,21,1967,0x54cada71
16,B-A,1,optimized,128,gf_mul,22,1967,0x54cada71
16,B-A,1,optimized,128,gf_mul,23,1967,0x54cada71
16,B-A,1,optimized,128,gf_mul,24,1967,0x54cada71
16,B-A,1,optimized,128,gf_mul,25,1967,0x54cada71
16,B-A,1,optimized,128,gf_mul,26,1967,0x54cada71
16,B-A,1,optimized,128,gf_mul,27,1967,0x54cada71
16,B-A,1,optimized,128,gf_mul,28,1967,0x54cada71
16,B-A,1,optimized,128,gf_mul,29,1967,0x54cada71
16,B-A,1,optimized,128,gf_mul,30,1967,0x54cada71
16,B-A,1,optimized,128,gf_mul,31,1967,0x54cada71
16,B-A,1,optimized,128,gf_mul,32,1967,0x54cada71
16,B-A,1,optimized,128,gf_mul,33,1967,0x54cada71
16,B-A,1,optimized,128,gf_mul,34,1967,0x54cada71
16,B-A,1,optimized,128,gf_mul,35,1967,0x54cada71
16,B-A,1,optimized,128,gf_mul,36,1967,0x54cada71
16,B-A,1,optimized,128,gf_mul,37,1967,0x54cada71
16,B-A,1,optimized,128,gf_mul,38,1967,0x54cada71
16,B-A,1,optimized,128,gf_mul,39,1967,0x54cada71
16,B-A,1,optimized,128,gf_mul,40,1967,0x54cada71
16,B-A,1,optimized,128,gf_mul,41,1967,0x54cada71
16,B-A,1,optimized,128,gf_mul,42,1967,0x54cada71
16,B-A,1,optimized,128,gf_mul,43,1967,0x54cada71
16,B-A,1,optimized,128,gf_mul,44,1967,0x54cada71
16,B-A,1,optimized,128,gf_mul,45,1967,0x54cada71
16,B-A,1,optimized,128,gf_mul,46,1967,0x54cada71
16,B-A,1,optimized,128,gf_mul,47,1967,0x54cada71
16,B-A,1,optimized,128,gf_mul,48,1967,0x54cada71
16,B-A,1,optimized,128,gf_mul,49,1967,0x54cada71
16,B-A,1,optimized,128,gf_sqr,0,107,0x54cada71
16,B-A,1,optimized,128,gf_sqr,1,107,0x54cada71
16,B-A,1,optimized,128,gf_sqr,2,107,0x54cada71
16,B-A,1,optimized,128,gf_sqr,3,106,0x54cada71
16,B-A,1,optimized,128,gf_sqr,4,106,0x54cada71
16,B-A,1,optimized,128,gf_sqr,5,106,0x54cada71
16,B-A,1,optimized,128,gf_sqr,6,106,0x54cada71
16,B-A,1,optimized,128,gf_sqr,7,106,0x54cada71
16,B-A,1,optimized,128,gf_sqr,8,106,0x54cada71
16,B-A,1,optimized,128,gf_sqr,9,106,0x54cada71
16,B-A,1,optimized,128,gf_sqr,10,106,0x54cada71
16,B-A,1,optimized,128,gf_sqr,11,106,0x54cada71
16,B-A,1,optimized,128,gf_sqr,12,106,0x54cada71
16,B-A,1,optimized,128,gf_sqr,13,106,0x54cada71
16,B-A,1,optimized,128,gf_sqr,14,106,0x54cada71
16,B-A,1,optimized,128,gf_sqr,15,106,0x54cada71
16,B-A,1,optimized,128,gf_sqr,16,106,0x54cada71
16,B-A,1,optimized,128,gf_sqr,17,106,0x54cada71
16,B-A,1,optimized,128,gf_sqr,18,106,0x54cada71
16,B-A,1,optimized,128,gf_sqr,19,106,0x54cada71
16,B-A,1,optimized,128,gf_sqr,20,106,0x54cada71
16,B-A,1,optimized,128,gf_sqr,21,106,0x54cada71
16,B-A,1,optimized,128,gf_sqr,22,106,0x54cada71
16,B-A,1,optimized,128,gf_sqr,23,106,0x54cada71
16,B-A,1,optimized,128,gf_sqr,24,106,0x54cada71
16,B-A,1,optimized,128,gf_sqr,25,106,0x54cada71
16,B-A,1,optimized,128,gf_sqr,26,106,0x54cada71
16,B-A,1,optimized,128,gf_sqr,27,106,0x54cada71
16,B-A,1,optimized,128,gf_sqr,28,106,0x54cada71
16,B-A,1,optimized,128,gf_sqr,29,106,0x54cada71
16,B-A,1,optimized,128,gf_sqr,30,106,0x54cada71
16,B-A,1,optimized,128,gf_sqr,31,106,0x54cada71
16,B-A,1,optimized,128,gf_sqr,32,106,0x54cada71
16,B-A,1,optimized,128,gf_sqr,33,106,0x54cada71
16,B-A,1,optimized,128,gf_sqr,34,106,0x54cada71
16,B-A,1,optimized,128,gf_sqr,35,106,0x54cada71
16,B-A,1,optimized,128,gf_sqr,36,106,0x54cada71
16,B-A,1,optimized,128,gf_sqr,37,106,0x54cada71
16,B-A,1,optimized,128,gf_sqr,38,106,0x54cada71
16,B-A,1,optimized,128,gf_sqr,39,106,0x54cada71
16,B-A,1,optimized,128,gf_sqr,40,106,0x54cada71
16,B-A,1,optimized,128,gf_sqr,41,106,0x54cada71
16,B-A,1,optimized,128,gf_sqr,42,106,0x54cada71
16,B-A,1,optimized,128,gf_sqr,43,106,0x54cada71
16,B-A,1,optimized,128,gf_sqr,44,106,0x54cada71
16,B-A,1,optimized,128,gf_sqr,45,106,0x54cada71
16,B-A,1,optimized,128,gf_sqr,46,106,0x54cada71
16,B-A,1,optimized,128,gf_sqr,47,106,0x54cada71
16,B-A,1,optimized,128,gf_sqr,48,106,0x54cada71
16,B-A,1,optimized,128,gf_sqr,49,106,0x54cada71
16,B-A,2,reference,128,gf_mul,0,1969,0x54cada71
16,B-A,2,reference,128,gf_mul,1,1965,0x54cada71
16,B-A,2,reference,128,gf_mul,2,1965,0x54cada71
16,B-A,2,reference,128,gf_mul,3,1964,0x54cada71
16,B-A,2,reference,128,gf_mul,4,1964,0x54cada71
16,B-A,2,reference,128,gf_mul,5,1964,0x54cada71
16,B-A,2,reference,128,gf_mul,6,1964,0x54cada71
16,B-A,2,reference,128,gf_mul,7,1964,0x54cada71
16,B-A,2,reference,128,gf_mul,8,1964,0x54cada71
16,B-A,2,reference,128,gf_mul,9,1964,0x54cada71
16,B-A,2,reference,128,gf_mul,10,1964,0x54cada71
16,B-A,2,reference,128,gf_mul,11,1964,0x54cada71
16,B-A,2,reference,128,gf_mul,12,1964,0x54cada71
16,B-A,2,reference,128,gf_mul,13,1964,0x54cada71
16,B-A,2,reference,128,gf_mul,14,1964,0x54cada71
16,B-A,2,reference,128,gf_mul,15,1964,0x54cada71
16,B-A,2,reference,128,gf_mul,16,1964,0x54cada71
16,B-A,2,reference,128,gf_mul,17,1964,0x54cada71
16,B-A,2,reference,128,gf_mul,18,1964,0x54cada71
16,B-A,2,reference,128,gf_mul,19,1964,0x54cada71
16,B-A,2,reference,128,gf_mul,20,1964,0x54cada71
16,B-A,2,reference,128,gf_mul,21,1964,0x54cada71
16,B-A,2,reference,128,gf_mul,22,1964,0x54cada71
16,B-A,2,reference,128,gf_mul,23,1964,0x54cada71
16,B-A,2,reference,128,gf_mul,24,1964,0x54cada71
16,B-A,2,reference,128,gf_mul,25,1964,0x54cada71
16,B-A,2,reference,128,gf_mul,26,1964,0x54cada71
16,B-A,2,reference,128,gf_mul,27,1964,0x54cada71
16,B-A,2,reference,128,gf_mul,28,1964,0x54cada71
16,B-A,2,reference,128,gf_mul,29,1964,0x54cada71
16,B-A,2,reference,128,gf_mul,30,1964,0x54cada71
16,B-A,2,reference,128,gf_mul,31,1964,0x54cada71
16,B-A,2,reference,128,gf_mul,32,1964,0x54cada71
16,B-A,2,reference,128,gf_mul,33,1964,0x54cada71
16,B-A,2,reference,128,gf_mul,34,1964,0x54cada71
16,B-A,2,reference,128,gf_mul,35,1964,0x54cada71
16,B-A,2,reference,128,gf_mul,36,1964,0x54cada71
16,B-A,2,reference,128,gf_mul,37,1964,0x54cada71
16,B-A,2,reference,128,gf_mul,38,1964,0x54cada71
16,B-A,2,reference,128,gf_mul,39,1964,0x54cada71
16,B-A,2,reference,128,gf_mul,40,1964,0x54cada71
16,B-A,2,reference,128,gf_mul,41,1964,0x54cada71
16,B-A,2,reference,128,gf_mul,42,1964,0x54cada71
16,B-A,2,reference,128,gf_mul,43,1964,0x54cada71
16,B-A,2,reference,128,gf_mul,44,1964,0x54cada71
16,B-A,2,reference,128,gf_mul,45,1964,0x54cada71
16,B-A,2,reference,128,gf_mul,46,1964,0x54cada71
16,B-A,2,reference,128,gf_mul,47,1964,0x54cada71
16,B-A,2,reference,128,gf_mul,48,1964,0x54cada71
16,B-A,2,reference,128,gf_mul,49,1964,0x54cada71
16,B-A,2,reference,128,gf_sqr,0,107,0x54cada71
16,B-A,2,reference,128,gf_sqr,1,103,0x54cada71
16,B-A,2,reference,128,gf_sqr,2,103,0x54cada71
16,B-A,2,reference,128,gf_sqr,3,102,0x54cada71
16,B-A,2,reference,128,gf_sqr,4,102,0x54cada71
16,B-A,2,reference,128,gf_sqr,5,102,0x54cada71
16,B-A,2,reference,128,gf_sqr,6,102,0x54cada71
16,B-A,2,reference,128,gf_sqr,7,102,0x54cada71
16,B-A,2,reference,128,gf_sqr,8,102,0x54cada71
16,B-A,2,reference,128,gf_sqr,9,102,0x54cada71
16,B-A,2,reference,128,gf_sqr,10,102,0x54cada71
16,B-A,2,reference,128,gf_sqr,11,102,0x54cada71
16,B-A,2,reference,128,gf_sqr,12,102,0x54cada71
16,B-A,2,reference,128,gf_sqr,13,102,0x54cada71
16,B-A,2,reference,128,gf_sqr,14,102,0x54cada71
16,B-A,2,reference,128,gf_sqr,15,102,0x54cada71
16,B-A,2,reference,128,gf_sqr,16,102,0x54cada71
16,B-A,2,reference,128,gf_sqr,17,102,0x54cada71
16,B-A,2,reference,128,gf_sqr,18,102,0x54cada71
16,B-A,2,reference,128,gf_sqr,19,102,0x54cada71
16,B-A,2,reference,128,gf_sqr,20,102,0x54cada71
16,B-A,2,reference,128,gf_sqr,21,102,0x54cada71
16,B-A,2,reference,128,gf_sqr,22,102,0x54cada71
16,B-A,2,reference,128,gf_sqr,23,102,0x54cada71
16,B-A,2,reference,128,gf_sqr,24,102,0x54cada71
16,B-A,2,reference,128,gf_sqr,25,102,0x54cada71
16,B-A,2,reference,128,gf_sqr,26,102,0x54cada71
16,B-A,2,reference,128,gf_sqr,27,102,0x54cada71
16,B-A,2,reference,128,gf_sqr,28,102,0x54cada71
16,B-A,2,reference,128,gf_sqr,29,102,0x54cada71
16,B-A,2,reference,128,gf_sqr,30,102,0x54cada71
16,B-A,2,reference,128,gf_sqr,31,102,0x54cada71
16,B-A,2,reference,128,gf_sqr,32,102,0x54cada71
16,B-A,2,reference,128,gf_sqr,33,102,0x54cada71
16,B-A,2,reference,128,gf_sqr,34,102,0x54cada71
16,B-A,2,reference,128,gf_sqr,35,102,0x54cada71
16,B-A,2,reference,128,gf_sqr,36,102,0x54cada71
16,B-A,2,reference,128,gf_sqr,37,102,0x54cada71
16,B-A,2,reference,128,gf_sqr,38,102,0x54cada71
16,B-A,2,reference,128,gf_sqr,39,102,0x54cada71
16,B-A,2,reference,128,gf_sqr,40,102,0x54cada71
16,B-A,2,reference,128,gf_sqr,41,102,0x54cada71
16,B-A,2,reference,128,gf_sqr,42,102,0x54cada71
16,B-A,2,reference,128,gf_sqr,43,102,0x54cada71
16,B-A,2,reference,128,gf_sqr,44,102,0x54cada71
16,B-A,2,reference,128,gf_sqr,45,102,0x54cada71
16,B-A,2,reference,128,gf_sqr,46,102,0x54cada71
16,B-A,2,reference,128,gf_sqr,47,102,0x54cada71
16,B-A,2,reference,128,gf_sqr,48,102,0x54cada71
16,B-A,2,reference,128,gf_sqr,49,102,0x54cada71
16,B-A,1,optimized,192,gf_mul,0,3927,0x2bf8b731
16,B-A,1,optimized,192,gf_mul,1,3927,0x2bf8b731
16,B-A,1,optimized,192,gf_mul,2,3927,0x2bf8b731
16,B-A,1,optimized,192,gf_mul,3,3926,0x2bf8b731
16,B-A,1,optimized,192,gf_mul,4,3926,0x2bf8b731
16,B-A,1,optimized,192,gf_mul,5,3926,0x2bf8b731
16,B-A,1,optimized,192,gf_mul,6,3926,0x2bf8b731
16,B-A,1,optimized,192,gf_mul,7,3926,0x2bf8b731
16,B-A,1,optimized,192,gf_mul,8,3926,0x2bf8b731
16,B-A,1,optimized,192,gf_mul,9,3926,0x2bf8b731
16,B-A,1,optimized,192,gf_mul,10,3926,0x2bf8b731
16,B-A,1,optimized,192,gf_mul,11,3926,0x2bf8b731
16,B-A,1,optimized,192,gf_mul,12,3926,0x2bf8b731
16,B-A,1,optimized,192,gf_mul,13,3926,0x2bf8b731
16,B-A,1,optimized,192,gf_mul,14,3926,0x2bf8b731
16,B-A,1,optimized,192,gf_mul,15,3926,0x2bf8b731
16,B-A,1,optimized,192,gf_mul,16,3926,0x2bf8b731
16,B-A,1,optimized,192,gf_mul,17,3926,0x2bf8b731
16,B-A,1,optimized,192,gf_mul,18,3926,0x2bf8b731
16,B-A,1,optimized,192,gf_mul,19,3926,0x2bf8b731
16,B-A,1,optimized,192,gf_mul,20,3926,0x2bf8b731
16,B-A,1,optimized,192,gf_mul,21,3926,0x2bf8b731
16,B-A,1,optimized,192,gf_mul,22,3926,0x2bf8b731
16,B-A,1,optimized,192,gf_mul,23,3926,0x2bf8b731
16,B-A,1,optimized,192,gf_mul,24,3926,0x2bf8b731
16,B-A,1,optimized,192,gf_mul,25,3926,0x2bf8b731
16,B-A,1,optimized,192,gf_mul,26,3926,0x2bf8b731
16,B-A,1,optimized,192,gf_mul,27,3926,0x2bf8b731
16,B-A,1,optimized,192,gf_mul,28,3926,0x2bf8b731
16,B-A,1,optimized,192,gf_mul,29,3926,0x2bf8b731
16,B-A,1,optimized,192,gf_mul,30,3926,0x2bf8b731
16,B-A,1,optimized,192,gf_mul,31,3926,0x2bf8b731
16,B-A,1,optimized,192,gf_mul,32,3926,0x2bf8b731
16,B-A,1,optimized,192,gf_mul,33,3926,0x2bf8b731
16,B-A,1,optimized,192,gf_mul,34,3926,0x2bf8b731
16,B-A,1,optimized,192,gf_mul,35,3926,0x2bf8b731
16,B-A,1,optimized,192,gf_mul,36,3926,0x2bf8b731
16,B-A,1,optimized,192,gf_mul,37,3926,0x2bf8b731
16,B-A,1,optimized,192,gf_mul,38,3926,0x2bf8b731
16,B-A,1,optimized,192,gf_mul,39,3926,0x2bf8b731
16,B-A,1,optimized,192,gf_mul,40,3926,0x2bf8b731
16,B-A,1,optimized,192,gf_mul,41,3926,0x2bf8b731
16,B-A,1,optimized,192,gf_mul,42,3926,0x2bf8b731
16,B-A,1,optimized,192,gf_mul,43,3926,0x2bf8b731
16,B-A,1,optimized,192,gf_mul,44,3926,0x2bf8b731
16,B-A,1,optimized,192,gf_mul,45,3926,0x2bf8b731
16,B-A,1,optimized,192,gf_mul,46,3926,0x2bf8b731
16,B-A,1,optimized,192,gf_mul,47,3926,0x2bf8b731
16,B-A,1,optimized,192,gf_mul,48,3926,0x2bf8b731
16,B-A,1,optimized,192,gf_mul,49,3926,0x2bf8b731
16,B-A,1,optimized,192,gf_sqr,0,144,0x2bf8b731
16,B-A,1,optimized,192,gf_sqr,1,144,0x2bf8b731
16,B-A,1,optimized,192,gf_sqr,2,143,0x2bf8b731
16,B-A,1,optimized,192,gf_sqr,3,144,0x2bf8b731
16,B-A,1,optimized,192,gf_sqr,4,144,0x2bf8b731
16,B-A,1,optimized,192,gf_sqr,5,144,0x2bf8b731
16,B-A,1,optimized,192,gf_sqr,6,144,0x2bf8b731
16,B-A,1,optimized,192,gf_sqr,7,144,0x2bf8b731
16,B-A,1,optimized,192,gf_sqr,8,144,0x2bf8b731
16,B-A,1,optimized,192,gf_sqr,9,144,0x2bf8b731
16,B-A,1,optimized,192,gf_sqr,10,144,0x2bf8b731
16,B-A,1,optimized,192,gf_sqr,11,144,0x2bf8b731
16,B-A,1,optimized,192,gf_sqr,12,144,0x2bf8b731
16,B-A,1,optimized,192,gf_sqr,13,144,0x2bf8b731
16,B-A,1,optimized,192,gf_sqr,14,144,0x2bf8b731
16,B-A,1,optimized,192,gf_sqr,15,144,0x2bf8b731
16,B-A,1,optimized,192,gf_sqr,16,144,0x2bf8b731
16,B-A,1,optimized,192,gf_sqr,17,144,0x2bf8b731
16,B-A,1,optimized,192,gf_sqr,18,144,0x2bf8b731
16,B-A,1,optimized,192,gf_sqr,19,144,0x2bf8b731
16,B-A,1,optimized,192,gf_sqr,20,144,0x2bf8b731
16,B-A,1,optimized,192,gf_sqr,21,144,0x2bf8b731
16,B-A,1,optimized,192,gf_sqr,22,144,0x2bf8b731
16,B-A,1,optimized,192,gf_sqr,23,144,0x2bf8b731
16,B-A,1,optimized,192,gf_sqr,24,144,0x2bf8b731
16,B-A,1,optimized,192,gf_sqr,25,144,0x2bf8b731
16,B-A,1,optimized,192,gf_sqr,26,144,0x2bf8b731
16,B-A,1,optimized,192,gf_sqr,27,144,0x2bf8b731
16,B-A,1,optimized,192,gf_sqr,28,144,0x2bf8b731
16,B-A,1,optimized,192,gf_sqr,29,144,0x2bf8b731
16,B-A,1,optimized,192,gf_sqr,30,144,0x2bf8b731
16,B-A,1,optimized,192,gf_sqr,31,144,0x2bf8b731
16,B-A,1,optimized,192,gf_sqr,32,144,0x2bf8b731
16,B-A,1,optimized,192,gf_sqr,33,144,0x2bf8b731
16,B-A,1,optimized,192,gf_sqr,34,144,0x2bf8b731
16,B-A,1,optimized,192,gf_sqr,35,144,0x2bf8b731
16,B-A,1,optimized,192,gf_sqr,36,144,0x2bf8b731
16,B-A,1,optimized,192,gf_sqr,37,144,0x2bf8b731
16,B-A,1,optimized,192,gf_sqr,38,144,0x2bf8b731
16,B-A,1,optimized,192,gf_sqr,39,144,0x2bf8b731
16,B-A,1,optimized,192,gf_sqr,40,144,0x2bf8b731
16,B-A,1,optimized,192,gf_sqr,41,144,0x2bf8b731
16,B-A,1,optimized,192,gf_sqr,42,144,0x2bf8b731
16,B-A,1,optimized,192,gf_sqr,43,144,0x2bf8b731
16,B-A,1,optimized,192,gf_sqr,44,144,0x2bf8b731
16,B-A,1,optimized,192,gf_sqr,45,144,0x2bf8b731
16,B-A,1,optimized,192,gf_sqr,46,144,0x2bf8b731
16,B-A,1,optimized,192,gf_sqr,47,144,0x2bf8b731
16,B-A,1,optimized,192,gf_sqr,48,144,0x2bf8b731
16,B-A,1,optimized,192,gf_sqr,49,144,0x2bf8b731
16,B-A,2,reference,192,gf_mul,0,3927,0x2bf8b731
16,B-A,2,reference,192,gf_mul,1,3927,0x2bf8b731
16,B-A,2,reference,192,gf_mul,2,3927,0x2bf8b731
16,B-A,2,reference,192,gf_mul,3,3926,0x2bf8b731
16,B-A,2,reference,192,gf_mul,4,3926,0x2bf8b731
16,B-A,2,reference,192,gf_mul,5,3926,0x2bf8b731
16,B-A,2,reference,192,gf_mul,6,3926,0x2bf8b731
16,B-A,2,reference,192,gf_mul,7,3926,0x2bf8b731
16,B-A,2,reference,192,gf_mul,8,3926,0x2bf8b731
16,B-A,2,reference,192,gf_mul,9,3926,0x2bf8b731
16,B-A,2,reference,192,gf_mul,10,3926,0x2bf8b731
16,B-A,2,reference,192,gf_mul,11,3926,0x2bf8b731
16,B-A,2,reference,192,gf_mul,12,3926,0x2bf8b731
16,B-A,2,reference,192,gf_mul,13,3926,0x2bf8b731
16,B-A,2,reference,192,gf_mul,14,3926,0x2bf8b731
16,B-A,2,reference,192,gf_mul,15,3926,0x2bf8b731
16,B-A,2,reference,192,gf_mul,16,3926,0x2bf8b731
16,B-A,2,reference,192,gf_mul,17,3926,0x2bf8b731
16,B-A,2,reference,192,gf_mul,18,3926,0x2bf8b731
16,B-A,2,reference,192,gf_mul,19,3926,0x2bf8b731
16,B-A,2,reference,192,gf_mul,20,3926,0x2bf8b731
16,B-A,2,reference,192,gf_mul,21,3926,0x2bf8b731
16,B-A,2,reference,192,gf_mul,22,3926,0x2bf8b731
16,B-A,2,reference,192,gf_mul,23,3926,0x2bf8b731
16,B-A,2,reference,192,gf_mul,24,3926,0x2bf8b731
16,B-A,2,reference,192,gf_mul,25,3926,0x2bf8b731
16,B-A,2,reference,192,gf_mul,26,3926,0x2bf8b731
16,B-A,2,reference,192,gf_mul,27,3926,0x2bf8b731
16,B-A,2,reference,192,gf_mul,28,3926,0x2bf8b731
16,B-A,2,reference,192,gf_mul,29,3926,0x2bf8b731
16,B-A,2,reference,192,gf_mul,30,3926,0x2bf8b731
16,B-A,2,reference,192,gf_mul,31,3926,0x2bf8b731
16,B-A,2,reference,192,gf_mul,32,3926,0x2bf8b731
16,B-A,2,reference,192,gf_mul,33,3926,0x2bf8b731
16,B-A,2,reference,192,gf_mul,34,3926,0x2bf8b731
16,B-A,2,reference,192,gf_mul,35,3926,0x2bf8b731
16,B-A,2,reference,192,gf_mul,36,3926,0x2bf8b731
16,B-A,2,reference,192,gf_mul,37,3926,0x2bf8b731
16,B-A,2,reference,192,gf_mul,38,3926,0x2bf8b731
16,B-A,2,reference,192,gf_mul,39,3926,0x2bf8b731
16,B-A,2,reference,192,gf_mul,40,3926,0x2bf8b731
16,B-A,2,reference,192,gf_mul,41,3926,0x2bf8b731
16,B-A,2,reference,192,gf_mul,42,3926,0x2bf8b731
16,B-A,2,reference,192,gf_mul,43,3926,0x2bf8b731
16,B-A,2,reference,192,gf_mul,44,3926,0x2bf8b731
16,B-A,2,reference,192,gf_mul,45,3926,0x2bf8b731
16,B-A,2,reference,192,gf_mul,46,3926,0x2bf8b731
16,B-A,2,reference,192,gf_mul,47,3926,0x2bf8b731
16,B-A,2,reference,192,gf_mul,48,3926,0x2bf8b731
16,B-A,2,reference,192,gf_mul,49,3926,0x2bf8b731
16,B-A,2,reference,192,gf_sqr,0,144,0x2bf8b731
16,B-A,2,reference,192,gf_sqr,1,144,0x2bf8b731
16,B-A,2,reference,192,gf_sqr,2,143,0x2bf8b731
16,B-A,2,reference,192,gf_sqr,3,144,0x2bf8b731
16,B-A,2,reference,192,gf_sqr,4,144,0x2bf8b731
16,B-A,2,reference,192,gf_sqr,5,144,0x2bf8b731
16,B-A,2,reference,192,gf_sqr,6,144,0x2bf8b731
16,B-A,2,reference,192,gf_sqr,7,144,0x2bf8b731
16,B-A,2,reference,192,gf_sqr,8,144,0x2bf8b731
16,B-A,2,reference,192,gf_sqr,9,144,0x2bf8b731
16,B-A,2,reference,192,gf_sqr,10,144,0x2bf8b731
16,B-A,2,reference,192,gf_sqr,11,144,0x2bf8b731
16,B-A,2,reference,192,gf_sqr,12,144,0x2bf8b731
16,B-A,2,reference,192,gf_sqr,13,144,0x2bf8b731
16,B-A,2,reference,192,gf_sqr,14,144,0x2bf8b731
16,B-A,2,reference,192,gf_sqr,15,144,0x2bf8b731
16,B-A,2,reference,192,gf_sqr,16,144,0x2bf8b731
16,B-A,2,reference,192,gf_sqr,17,144,0x2bf8b731
16,B-A,2,reference,192,gf_sqr,18,144,0x2bf8b731
16,B-A,2,reference,192,gf_sqr,19,144,0x2bf8b731
16,B-A,2,reference,192,gf_sqr,20,144,0x2bf8b731
16,B-A,2,reference,192,gf_sqr,21,144,0x2bf8b731
16,B-A,2,reference,192,gf_sqr,22,144,0x2bf8b731
16,B-A,2,reference,192,gf_sqr,23,144,0x2bf8b731
16,B-A,2,reference,192,gf_sqr,24,144,0x2bf8b731
16,B-A,2,reference,192,gf_sqr,25,144,0x2bf8b731
16,B-A,2,reference,192,gf_sqr,26,144,0x2bf8b731
16,B-A,2,reference,192,gf_sqr,27,144,0x2bf8b731
16,B-A,2,reference,192,gf_sqr,28,144,0x2bf8b731
16,B-A,2,reference,192,gf_sqr,29,144,0x2bf8b731
16,B-A,2,reference,192,gf_sqr,30,144,0x2bf8b731
16,B-A,2,reference,192,gf_sqr,31,144,0x2bf8b731
16,B-A,2,reference,192,gf_sqr,32,144,0x2bf8b731
16,B-A,2,reference,192,gf_sqr,33,144,0x2bf8b731
16,B-A,2,reference,192,gf_sqr,34,144,0x2bf8b731
16,B-A,2,reference,192,gf_sqr,35,144,0x2bf8b731
16,B-A,2,reference,192,gf_sqr,36,144,0x2bf8b731
16,B-A,2,reference,192,gf_sqr,37,144,0x2bf8b731
16,B-A,2,reference,192,gf_sqr,38,144,0x2bf8b731
16,B-A,2,reference,192,gf_sqr,39,144,0x2bf8b731
16,B-A,2,reference,192,gf_sqr,40,144,0x2bf8b731
16,B-A,2,reference,192,gf_sqr,41,144,0x2bf8b731
16,B-A,2,reference,192,gf_sqr,42,144,0x2bf8b731
16,B-A,2,reference,192,gf_sqr,43,144,0x2bf8b731
16,B-A,2,reference,192,gf_sqr,44,144,0x2bf8b731
16,B-A,2,reference,192,gf_sqr,45,144,0x2bf8b731
16,B-A,2,reference,192,gf_sqr,46,144,0x2bf8b731
16,B-A,2,reference,192,gf_sqr,47,144,0x2bf8b731
16,B-A,2,reference,192,gf_sqr,48,144,0x2bf8b731
16,B-A,2,reference,192,gf_sqr,49,144,0x2bf8b731
16,B-A,1,optimized,256,gf_mul,0,5942,0x283807e5
16,B-A,1,optimized,256,gf_mul,1,5940,0x283807e5
16,B-A,1,optimized,256,gf_mul,2,5941,0x283807e5
16,B-A,1,optimized,256,gf_mul,3,5940,0x283807e5
16,B-A,1,optimized,256,gf_mul,4,5940,0x283807e5
16,B-A,1,optimized,256,gf_mul,5,5940,0x283807e5
16,B-A,1,optimized,256,gf_mul,6,5940,0x283807e5
16,B-A,1,optimized,256,gf_mul,7,5940,0x283807e5
16,B-A,1,optimized,256,gf_mul,8,5940,0x283807e5
16,B-A,1,optimized,256,gf_mul,9,5940,0x283807e5
16,B-A,1,optimized,256,gf_mul,10,5940,0x283807e5
16,B-A,1,optimized,256,gf_mul,11,5940,0x283807e5
16,B-A,1,optimized,256,gf_mul,12,5940,0x283807e5
16,B-A,1,optimized,256,gf_mul,13,5940,0x283807e5
16,B-A,1,optimized,256,gf_mul,14,5940,0x283807e5
16,B-A,1,optimized,256,gf_mul,15,5940,0x283807e5
16,B-A,1,optimized,256,gf_mul,16,5940,0x283807e5
16,B-A,1,optimized,256,gf_mul,17,5940,0x283807e5
16,B-A,1,optimized,256,gf_mul,18,5940,0x283807e5
16,B-A,1,optimized,256,gf_mul,19,5940,0x283807e5
16,B-A,1,optimized,256,gf_mul,20,5940,0x283807e5
16,B-A,1,optimized,256,gf_mul,21,5940,0x283807e5
16,B-A,1,optimized,256,gf_mul,22,5940,0x283807e5
16,B-A,1,optimized,256,gf_mul,23,5940,0x283807e5
16,B-A,1,optimized,256,gf_mul,24,5940,0x283807e5
16,B-A,1,optimized,256,gf_mul,25,5940,0x283807e5
16,B-A,1,optimized,256,gf_mul,26,5940,0x283807e5
16,B-A,1,optimized,256,gf_mul,27,5940,0x283807e5
16,B-A,1,optimized,256,gf_mul,28,5940,0x283807e5
16,B-A,1,optimized,256,gf_mul,29,5940,0x283807e5
16,B-A,1,optimized,256,gf_mul,30,5940,0x283807e5
16,B-A,1,optimized,256,gf_mul,31,5940,0x283807e5
16,B-A,1,optimized,256,gf_mul,32,5940,0x283807e5
16,B-A,1,optimized,256,gf_mul,33,5940,0x283807e5
16,B-A,1,optimized,256,gf_mul,34,5940,0x283807e5
16,B-A,1,optimized,256,gf_mul,35,5940,0x283807e5
16,B-A,1,optimized,256,gf_mul,36,5940,0x283807e5
16,B-A,1,optimized,256,gf_mul,37,5940,0x283807e5
16,B-A,1,optimized,256,gf_mul,38,5940,0x283807e5
16,B-A,1,optimized,256,gf_mul,39,5940,0x283807e5
16,B-A,1,optimized,256,gf_mul,40,5940,0x283807e5
16,B-A,1,optimized,256,gf_mul,41,5940,0x283807e5
16,B-A,1,optimized,256,gf_mul,42,5940,0x283807e5
16,B-A,1,optimized,256,gf_mul,43,5940,0x283807e5
16,B-A,1,optimized,256,gf_mul,44,5940,0x283807e5
16,B-A,1,optimized,256,gf_mul,45,5940,0x283807e5
16,B-A,1,optimized,256,gf_mul,46,5940,0x283807e5
16,B-A,1,optimized,256,gf_mul,47,5940,0x283807e5
16,B-A,1,optimized,256,gf_mul,48,5940,0x283807e5
16,B-A,1,optimized,256,gf_mul,49,5940,0x283807e5
16,B-A,1,optimized,256,gf_sqr,0,202,0x283807e5
16,B-A,1,optimized,256,gf_sqr,1,200,0x283807e5
16,B-A,1,optimized,256,gf_sqr,2,201,0x283807e5
16,B-A,1,optimized,256,gf_sqr,3,200,0x283807e5
16,B-A,1,optimized,256,gf_sqr,4,200,0x283807e5
16,B-A,1,optimized,256,gf_sqr,5,200,0x283807e5
16,B-A,1,optimized,256,gf_sqr,6,200,0x283807e5
16,B-A,1,optimized,256,gf_sqr,7,200,0x283807e5
16,B-A,1,optimized,256,gf_sqr,8,200,0x283807e5
16,B-A,1,optimized,256,gf_sqr,9,200,0x283807e5
16,B-A,1,optimized,256,gf_sqr,10,200,0x283807e5
16,B-A,1,optimized,256,gf_sqr,11,200,0x283807e5
16,B-A,1,optimized,256,gf_sqr,12,200,0x283807e5
16,B-A,1,optimized,256,gf_sqr,13,200,0x283807e5
16,B-A,1,optimized,256,gf_sqr,14,200,0x283807e5
16,B-A,1,optimized,256,gf_sqr,15,200,0x283807e5
16,B-A,1,optimized,256,gf_sqr,16,200,0x283807e5
16,B-A,1,optimized,256,gf_sqr,17,200,0x283807e5
16,B-A,1,optimized,256,gf_sqr,18,200,0x283807e5
16,B-A,1,optimized,256,gf_sqr,19,200,0x283807e5
16,B-A,1,optimized,256,gf_sqr,20,200,0x283807e5
16,B-A,1,optimized,256,gf_sqr,21,200,0x283807e5
16,B-A,1,optimized,256,gf_sqr,22,200,0x283807e5
16,B-A,1,optimized,256,gf_sqr,23,200,0x283807e5
16,B-A,1,optimized,256,gf_sqr,24,200,0x283807e5
16,B-A,1,optimized,256,gf_sqr,25,200,0x283807e5
16,B-A,1,optimized,256,gf_sqr,26,200,0x283807e5
16,B-A,1,optimized,256,gf_sqr,27,200,0x283807e5
16,B-A,1,optimized,256,gf_sqr,28,200,0x283807e5
16,B-A,1,optimized,256,gf_sqr,29,200,0x283807e5
16,B-A,1,optimized,256,gf_sqr,30,200,0x283807e5
16,B-A,1,optimized,256,gf_sqr,31,200,0x283807e5
16,B-A,1,optimized,256,gf_sqr,32,200,0x283807e5
16,B-A,1,optimized,256,gf_sqr,33,200,0x283807e5
16,B-A,1,optimized,256,gf_sqr,34,200,0x283807e5
16,B-A,1,optimized,256,gf_sqr,35,200,0x283807e5
16,B-A,1,optimized,256,gf_sqr,36,200,0x283807e5
16,B-A,1,optimized,256,gf_sqr,37,200,0x283807e5
16,B-A,1,optimized,256,gf_sqr,38,200,0x283807e5
16,B-A,1,optimized,256,gf_sqr,39,200,0x283807e5
16,B-A,1,optimized,256,gf_sqr,40,200,0x283807e5
16,B-A,1,optimized,256,gf_sqr,41,200,0x283807e5
16,B-A,1,optimized,256,gf_sqr,42,200,0x283807e5
16,B-A,1,optimized,256,gf_sqr,43,200,0x283807e5
16,B-A,1,optimized,256,gf_sqr,44,200,0x283807e5
16,B-A,1,optimized,256,gf_sqr,45,200,0x283807e5
16,B-A,1,optimized,256,gf_sqr,46,200,0x283807e5
16,B-A,1,optimized,256,gf_sqr,47,200,0x283807e5
16,B-A,1,optimized,256,gf_sqr,48,200,0x283807e5
16,B-A,1,optimized,256,gf_sqr,49,200,0x283807e5
16,B-A,2,reference,256,gf_mul,0,5933,0x283807e5
16,B-A,2,reference,256,gf_mul,1,5932,0x283807e5
16,B-A,2,reference,256,gf_mul,2,5932,0x283807e5
16,B-A,2,reference,256,gf_mul,3,5931,0x283807e5
16,B-A,2,reference,256,gf_mul,4,5931,0x283807e5
16,B-A,2,reference,256,gf_mul,5,5931,0x283807e5
16,B-A,2,reference,256,gf_mul,6,5931,0x283807e5
16,B-A,2,reference,256,gf_mul,7,5931,0x283807e5
16,B-A,2,reference,256,gf_mul,8,5931,0x283807e5
16,B-A,2,reference,256,gf_mul,9,5931,0x283807e5
16,B-A,2,reference,256,gf_mul,10,5931,0x283807e5
16,B-A,2,reference,256,gf_mul,11,5931,0x283807e5
16,B-A,2,reference,256,gf_mul,12,5931,0x283807e5
16,B-A,2,reference,256,gf_mul,13,5931,0x283807e5
16,B-A,2,reference,256,gf_mul,14,5931,0x283807e5
16,B-A,2,reference,256,gf_mul,15,5931,0x283807e5
16,B-A,2,reference,256,gf_mul,16,5931,0x283807e5
16,B-A,2,reference,256,gf_mul,17,5931,0x283807e5
16,B-A,2,reference,256,gf_mul,18,5931,0x283807e5
16,B-A,2,reference,256,gf_mul,19,5931,0x283807e5
16,B-A,2,reference,256,gf_mul,20,5931,0x283807e5
16,B-A,2,reference,256,gf_mul,21,5931,0x283807e5
16,B-A,2,reference,256,gf_mul,22,5931,0x283807e5
16,B-A,2,reference,256,gf_mul,23,5931,0x283807e5
16,B-A,2,reference,256,gf_mul,24,5931,0x283807e5
16,B-A,2,reference,256,gf_mul,25,5931,0x283807e5
16,B-A,2,reference,256,gf_mul,26,5931,0x283807e5
16,B-A,2,reference,256,gf_mul,27,5931,0x283807e5
16,B-A,2,reference,256,gf_mul,28,5931,0x283807e5
16,B-A,2,reference,256,gf_mul,29,5931,0x283807e5
16,B-A,2,reference,256,gf_mul,30,5931,0x283807e5
16,B-A,2,reference,256,gf_mul,31,5931,0x283807e5
16,B-A,2,reference,256,gf_mul,32,5931,0x283807e5
16,B-A,2,reference,256,gf_mul,33,5931,0x283807e5
16,B-A,2,reference,256,gf_mul,34,5931,0x283807e5
16,B-A,2,reference,256,gf_mul,35,5931,0x283807e5
16,B-A,2,reference,256,gf_mul,36,5931,0x283807e5
16,B-A,2,reference,256,gf_mul,37,5931,0x283807e5
16,B-A,2,reference,256,gf_mul,38,5931,0x283807e5
16,B-A,2,reference,256,gf_mul,39,5931,0x283807e5
16,B-A,2,reference,256,gf_mul,40,5931,0x283807e5
16,B-A,2,reference,256,gf_mul,41,5931,0x283807e5
16,B-A,2,reference,256,gf_mul,42,5931,0x283807e5
16,B-A,2,reference,256,gf_mul,43,5931,0x283807e5
16,B-A,2,reference,256,gf_mul,44,5931,0x283807e5
16,B-A,2,reference,256,gf_mul,45,5931,0x283807e5
16,B-A,2,reference,256,gf_mul,46,5931,0x283807e5
16,B-A,2,reference,256,gf_mul,47,5931,0x283807e5
16,B-A,2,reference,256,gf_mul,48,5931,0x283807e5
16,B-A,2,reference,256,gf_mul,49,5931,0x283807e5
16,B-A,2,reference,256,gf_sqr,0,203,0x283807e5
16,B-A,2,reference,256,gf_sqr,1,202,0x283807e5
16,B-A,2,reference,256,gf_sqr,2,203,0x283807e5
16,B-A,2,reference,256,gf_sqr,3,202,0x283807e5
16,B-A,2,reference,256,gf_sqr,4,202,0x283807e5
16,B-A,2,reference,256,gf_sqr,5,202,0x283807e5
16,B-A,2,reference,256,gf_sqr,6,202,0x283807e5
16,B-A,2,reference,256,gf_sqr,7,202,0x283807e5
16,B-A,2,reference,256,gf_sqr,8,202,0x283807e5
16,B-A,2,reference,256,gf_sqr,9,202,0x283807e5
16,B-A,2,reference,256,gf_sqr,10,202,0x283807e5
16,B-A,2,reference,256,gf_sqr,11,202,0x283807e5
16,B-A,2,reference,256,gf_sqr,12,202,0x283807e5
16,B-A,2,reference,256,gf_sqr,13,202,0x283807e5
16,B-A,2,reference,256,gf_sqr,14,202,0x283807e5
16,B-A,2,reference,256,gf_sqr,15,202,0x283807e5
16,B-A,2,reference,256,gf_sqr,16,202,0x283807e5
16,B-A,2,reference,256,gf_sqr,17,202,0x283807e5
16,B-A,2,reference,256,gf_sqr,18,202,0x283807e5
16,B-A,2,reference,256,gf_sqr,19,202,0x283807e5
16,B-A,2,reference,256,gf_sqr,20,202,0x283807e5
16,B-A,2,reference,256,gf_sqr,21,202,0x283807e5
16,B-A,2,reference,256,gf_sqr,22,202,0x283807e5
16,B-A,2,reference,256,gf_sqr,23,202,0x283807e5
16,B-A,2,reference,256,gf_sqr,24,202,0x283807e5
16,B-A,2,reference,256,gf_sqr,25,202,0x283807e5
16,B-A,2,reference,256,gf_sqr,26,202,0x283807e5
16,B-A,2,reference,256,gf_sqr,27,202,0x283807e5
16,B-A,2,reference,256,gf_sqr,28,202,0x283807e5
16,B-A,2,reference,256,gf_sqr,29,202,0x283807e5
16,B-A,2,reference,256,gf_sqr,30,202,0x283807e5
16,B-A,2,reference,256,gf_sqr,31,202,0x283807e5
16,B-A,2,reference,256,gf_sqr,32,202,0x283807e5
16,B-A,2,reference,256,gf_sqr,33,202,0x283807e5
16,B-A,2,reference,256,gf_sqr,34,202,0x283807e5
16,B-A,2,reference,256,gf_sqr,35,202,0x283807e5
16,B-A,2,reference,256,gf_sqr,36,202,0x283807e5
16,B-A,2,reference,256,gf_sqr,37,202,0x283807e5
16,B-A,2,reference,256,gf_sqr,38,202,0x283807e5
16,B-A,2,reference,256,gf_sqr,39,202,0x283807e5
16,B-A,2,reference,256,gf_sqr,40,202,0x283807e5
16,B-A,2,reference,256,gf_sqr,41,202,0x283807e5
16,B-A,2,reference,256,gf_sqr,42,202,0x283807e5
16,B-A,2,reference,256,gf_sqr,43,202,0x283807e5
16,B-A,2,reference,256,gf_sqr,44,202,0x283807e5
16,B-A,2,reference,256,gf_sqr,45,202,0x283807e5
16,B-A,2,reference,256,gf_sqr,46,202,0x283807e5
16,B-A,2,reference,256,gf_sqr,47,202,0x283807e5
16,B-A,2,reference,256,gf_sqr,48,202,0x283807e5
16,B-A,2,reference,256,gf_sqr,49,202,0x283807e5
17,A-B,1,reference,128,gf_mul,0,1969,0x54cada71
17,A-B,1,reference,128,gf_mul,1,1965,0x54cada71
17,A-B,1,reference,128,gf_mul,2,1965,0x54cada71
17,A-B,1,reference,128,gf_mul,3,1964,0x54cada71
17,A-B,1,reference,128,gf_mul,4,1964,0x54cada71
17,A-B,1,reference,128,gf_mul,5,1964,0x54cada71
17,A-B,1,reference,128,gf_mul,6,1964,0x54cada71
17,A-B,1,reference,128,gf_mul,7,1964,0x54cada71
17,A-B,1,reference,128,gf_mul,8,1964,0x54cada71
17,A-B,1,reference,128,gf_mul,9,1964,0x54cada71
17,A-B,1,reference,128,gf_mul,10,1964,0x54cada71
17,A-B,1,reference,128,gf_mul,11,1964,0x54cada71
17,A-B,1,reference,128,gf_mul,12,1964,0x54cada71
17,A-B,1,reference,128,gf_mul,13,1964,0x54cada71
17,A-B,1,reference,128,gf_mul,14,1964,0x54cada71
17,A-B,1,reference,128,gf_mul,15,1964,0x54cada71
17,A-B,1,reference,128,gf_mul,16,1964,0x54cada71
17,A-B,1,reference,128,gf_mul,17,1964,0x54cada71
17,A-B,1,reference,128,gf_mul,18,1964,0x54cada71
17,A-B,1,reference,128,gf_mul,19,1964,0x54cada71
17,A-B,1,reference,128,gf_mul,20,1964,0x54cada71
17,A-B,1,reference,128,gf_mul,21,1964,0x54cada71
17,A-B,1,reference,128,gf_mul,22,1964,0x54cada71
17,A-B,1,reference,128,gf_mul,23,1964,0x54cada71
17,A-B,1,reference,128,gf_mul,24,1964,0x54cada71
17,A-B,1,reference,128,gf_mul,25,1964,0x54cada71
17,A-B,1,reference,128,gf_mul,26,1964,0x54cada71
17,A-B,1,reference,128,gf_mul,27,1964,0x54cada71
17,A-B,1,reference,128,gf_mul,28,1964,0x54cada71
17,A-B,1,reference,128,gf_mul,29,1964,0x54cada71
17,A-B,1,reference,128,gf_mul,30,1964,0x54cada71
17,A-B,1,reference,128,gf_mul,31,1964,0x54cada71
17,A-B,1,reference,128,gf_mul,32,1964,0x54cada71
17,A-B,1,reference,128,gf_mul,33,1964,0x54cada71
17,A-B,1,reference,128,gf_mul,34,1964,0x54cada71
17,A-B,1,reference,128,gf_mul,35,1964,0x54cada71
17,A-B,1,reference,128,gf_mul,36,1964,0x54cada71
17,A-B,1,reference,128,gf_mul,37,1964,0x54cada71
17,A-B,1,reference,128,gf_mul,38,1964,0x54cada71
17,A-B,1,reference,128,gf_mul,39,1964,0x54cada71
17,A-B,1,reference,128,gf_mul,40,1964,0x54cada71
17,A-B,1,reference,128,gf_mul,41,1964,0x54cada71
17,A-B,1,reference,128,gf_mul,42,1964,0x54cada71
17,A-B,1,reference,128,gf_mul,43,1964,0x54cada71
17,A-B,1,reference,128,gf_mul,44,1964,0x54cada71
17,A-B,1,reference,128,gf_mul,45,1964,0x54cada71
17,A-B,1,reference,128,gf_mul,46,1964,0x54cada71
17,A-B,1,reference,128,gf_mul,47,1964,0x54cada71
17,A-B,1,reference,128,gf_mul,48,1964,0x54cada71
17,A-B,1,reference,128,gf_mul,49,1964,0x54cada71
17,A-B,1,reference,128,gf_sqr,0,107,0x54cada71
17,A-B,1,reference,128,gf_sqr,1,103,0x54cada71
17,A-B,1,reference,128,gf_sqr,2,103,0x54cada71
17,A-B,1,reference,128,gf_sqr,3,102,0x54cada71
17,A-B,1,reference,128,gf_sqr,4,102,0x54cada71
17,A-B,1,reference,128,gf_sqr,5,102,0x54cada71
17,A-B,1,reference,128,gf_sqr,6,102,0x54cada71
17,A-B,1,reference,128,gf_sqr,7,102,0x54cada71
17,A-B,1,reference,128,gf_sqr,8,102,0x54cada71
17,A-B,1,reference,128,gf_sqr,9,102,0x54cada71
17,A-B,1,reference,128,gf_sqr,10,102,0x54cada71
17,A-B,1,reference,128,gf_sqr,11,102,0x54cada71
17,A-B,1,reference,128,gf_sqr,12,102,0x54cada71
17,A-B,1,reference,128,gf_sqr,13,102,0x54cada71
17,A-B,1,reference,128,gf_sqr,14,102,0x54cada71
17,A-B,1,reference,128,gf_sqr,15,102,0x54cada71
17,A-B,1,reference,128,gf_sqr,16,102,0x54cada71
17,A-B,1,reference,128,gf_sqr,17,102,0x54cada71
17,A-B,1,reference,128,gf_sqr,18,102,0x54cada71
17,A-B,1,reference,128,gf_sqr,19,102,0x54cada71
17,A-B,1,reference,128,gf_sqr,20,102,0x54cada71
17,A-B,1,reference,128,gf_sqr,21,102,0x54cada71
17,A-B,1,reference,128,gf_sqr,22,102,0x54cada71
17,A-B,1,reference,128,gf_sqr,23,102,0x54cada71
17,A-B,1,reference,128,gf_sqr,24,102,0x54cada71
17,A-B,1,reference,128,gf_sqr,25,102,0x54cada71
17,A-B,1,reference,128,gf_sqr,26,102,0x54cada71
17,A-B,1,reference,128,gf_sqr,27,102,0x54cada71
17,A-B,1,reference,128,gf_sqr,28,102,0x54cada71
17,A-B,1,reference,128,gf_sqr,29,102,0x54cada71
17,A-B,1,reference,128,gf_sqr,30,102,0x54cada71
17,A-B,1,reference,128,gf_sqr,31,102,0x54cada71
17,A-B,1,reference,128,gf_sqr,32,102,0x54cada71
17,A-B,1,reference,128,gf_sqr,33,102,0x54cada71
17,A-B,1,reference,128,gf_sqr,34,102,0x54cada71
17,A-B,1,reference,128,gf_sqr,35,102,0x54cada71
17,A-B,1,reference,128,gf_sqr,36,102,0x54cada71
17,A-B,1,reference,128,gf_sqr,37,102,0x54cada71
17,A-B,1,reference,128,gf_sqr,38,102,0x54cada71
17,A-B,1,reference,128,gf_sqr,39,102,0x54cada71
17,A-B,1,reference,128,gf_sqr,40,102,0x54cada71
17,A-B,1,reference,128,gf_sqr,41,102,0x54cada71
17,A-B,1,reference,128,gf_sqr,42,102,0x54cada71
17,A-B,1,reference,128,gf_sqr,43,102,0x54cada71
17,A-B,1,reference,128,gf_sqr,44,102,0x54cada71
17,A-B,1,reference,128,gf_sqr,45,102,0x54cada71
17,A-B,1,reference,128,gf_sqr,46,102,0x54cada71
17,A-B,1,reference,128,gf_sqr,47,102,0x54cada71
17,A-B,1,reference,128,gf_sqr,48,102,0x54cada71
17,A-B,1,reference,128,gf_sqr,49,102,0x54cada71
17,A-B,2,optimized,128,gf_mul,0,1969,0x54cada71
17,A-B,2,optimized,128,gf_mul,1,1968,0x54cada71
17,A-B,2,optimized,128,gf_mul,2,1968,0x54cada71
17,A-B,2,optimized,128,gf_mul,3,1967,0x54cada71
17,A-B,2,optimized,128,gf_mul,4,1967,0x54cada71
17,A-B,2,optimized,128,gf_mul,5,1967,0x54cada71
17,A-B,2,optimized,128,gf_mul,6,1967,0x54cada71
17,A-B,2,optimized,128,gf_mul,7,1967,0x54cada71
17,A-B,2,optimized,128,gf_mul,8,1967,0x54cada71
17,A-B,2,optimized,128,gf_mul,9,1967,0x54cada71
17,A-B,2,optimized,128,gf_mul,10,1967,0x54cada71
17,A-B,2,optimized,128,gf_mul,11,1967,0x54cada71
17,A-B,2,optimized,128,gf_mul,12,1967,0x54cada71
17,A-B,2,optimized,128,gf_mul,13,1967,0x54cada71
17,A-B,2,optimized,128,gf_mul,14,1967,0x54cada71
17,A-B,2,optimized,128,gf_mul,15,1967,0x54cada71
17,A-B,2,optimized,128,gf_mul,16,1967,0x54cada71
17,A-B,2,optimized,128,gf_mul,17,1967,0x54cada71
17,A-B,2,optimized,128,gf_mul,18,1967,0x54cada71
17,A-B,2,optimized,128,gf_mul,19,1967,0x54cada71
17,A-B,2,optimized,128,gf_mul,20,1967,0x54cada71
17,A-B,2,optimized,128,gf_mul,21,1967,0x54cada71
17,A-B,2,optimized,128,gf_mul,22,1967,0x54cada71
17,A-B,2,optimized,128,gf_mul,23,1967,0x54cada71
17,A-B,2,optimized,128,gf_mul,24,1967,0x54cada71
17,A-B,2,optimized,128,gf_mul,25,1967,0x54cada71
17,A-B,2,optimized,128,gf_mul,26,1967,0x54cada71
17,A-B,2,optimized,128,gf_mul,27,1967,0x54cada71
17,A-B,2,optimized,128,gf_mul,28,1967,0x54cada71
17,A-B,2,optimized,128,gf_mul,29,1967,0x54cada71
17,A-B,2,optimized,128,gf_mul,30,1967,0x54cada71
17,A-B,2,optimized,128,gf_mul,31,1967,0x54cada71
17,A-B,2,optimized,128,gf_mul,32,1967,0x54cada71
17,A-B,2,optimized,128,gf_mul,33,1967,0x54cada71
17,A-B,2,optimized,128,gf_mul,34,1967,0x54cada71
17,A-B,2,optimized,128,gf_mul,35,1967,0x54cada71
17,A-B,2,optimized,128,gf_mul,36,1967,0x54cada71
17,A-B,2,optimized,128,gf_mul,37,1967,0x54cada71
17,A-B,2,optimized,128,gf_mul,38,1967,0x54cada71
17,A-B,2,optimized,128,gf_mul,39,1967,0x54cada71
17,A-B,2,optimized,128,gf_mul,40,1967,0x54cada71
17,A-B,2,optimized,128,gf_mul,41,1967,0x54cada71
17,A-B,2,optimized,128,gf_mul,42,1967,0x54cada71
17,A-B,2,optimized,128,gf_mul,43,1967,0x54cada71
17,A-B,2,optimized,128,gf_mul,44,1967,0x54cada71
17,A-B,2,optimized,128,gf_mul,45,1967,0x54cada71
17,A-B,2,optimized,128,gf_mul,46,1967,0x54cada71
17,A-B,2,optimized,128,gf_mul,47,1967,0x54cada71
17,A-B,2,optimized,128,gf_mul,48,1967,0x54cada71
17,A-B,2,optimized,128,gf_mul,49,1967,0x54cada71
17,A-B,2,optimized,128,gf_sqr,0,107,0x54cada71
17,A-B,2,optimized,128,gf_sqr,1,107,0x54cada71
17,A-B,2,optimized,128,gf_sqr,2,107,0x54cada71
17,A-B,2,optimized,128,gf_sqr,3,106,0x54cada71
17,A-B,2,optimized,128,gf_sqr,4,106,0x54cada71
17,A-B,2,optimized,128,gf_sqr,5,106,0x54cada71
17,A-B,2,optimized,128,gf_sqr,6,106,0x54cada71
17,A-B,2,optimized,128,gf_sqr,7,106,0x54cada71
17,A-B,2,optimized,128,gf_sqr,8,106,0x54cada71
17,A-B,2,optimized,128,gf_sqr,9,106,0x54cada71
17,A-B,2,optimized,128,gf_sqr,10,106,0x54cada71
17,A-B,2,optimized,128,gf_sqr,11,106,0x54cada71
17,A-B,2,optimized,128,gf_sqr,12,106,0x54cada71
17,A-B,2,optimized,128,gf_sqr,13,106,0x54cada71
17,A-B,2,optimized,128,gf_sqr,14,106,0x54cada71
17,A-B,2,optimized,128,gf_sqr,15,106,0x54cada71
17,A-B,2,optimized,128,gf_sqr,16,106,0x54cada71
17,A-B,2,optimized,128,gf_sqr,17,106,0x54cada71
17,A-B,2,optimized,128,gf_sqr,18,106,0x54cada71
17,A-B,2,optimized,128,gf_sqr,19,106,0x54cada71
17,A-B,2,optimized,128,gf_sqr,20,106,0x54cada71
17,A-B,2,optimized,128,gf_sqr,21,106,0x54cada71
17,A-B,2,optimized,128,gf_sqr,22,106,0x54cada71
17,A-B,2,optimized,128,gf_sqr,23,106,0x54cada71
17,A-B,2,optimized,128,gf_sqr,24,106,0x54cada71
17,A-B,2,optimized,128,gf_sqr,25,106,0x54cada71
17,A-B,2,optimized,128,gf_sqr,26,106,0x54cada71
17,A-B,2,optimized,128,gf_sqr,27,106,0x54cada71
17,A-B,2,optimized,128,gf_sqr,28,106,0x54cada71
17,A-B,2,optimized,128,gf_sqr,29,106,0x54cada71
17,A-B,2,optimized,128,gf_sqr,30,106,0x54cada71
17,A-B,2,optimized,128,gf_sqr,31,106,0x54cada71
17,A-B,2,optimized,128,gf_sqr,32,106,0x54cada71
17,A-B,2,optimized,128,gf_sqr,33,106,0x54cada71
17,A-B,2,optimized,128,gf_sqr,34,106,0x54cada71
17,A-B,2,optimized,128,gf_sqr,35,106,0x54cada71
17,A-B,2,optimized,128,gf_sqr,36,106,0x54cada71
17,A-B,2,optimized,128,gf_sqr,37,106,0x54cada71
17,A-B,2,optimized,128,gf_sqr,38,106,0x54cada71
17,A-B,2,optimized,128,gf_sqr,39,106,0x54cada71
17,A-B,2,optimized,128,gf_sqr,40,106,0x54cada71
17,A-B,2,optimized,128,gf_sqr,41,106,0x54cada71
17,A-B,2,optimized,128,gf_sqr,42,106,0x54cada71
17,A-B,2,optimized,128,gf_sqr,43,106,0x54cada71
17,A-B,2,optimized,128,gf_sqr,44,106,0x54cada71
17,A-B,2,optimized,128,gf_sqr,45,106,0x54cada71
17,A-B,2,optimized,128,gf_sqr,46,106,0x54cada71
17,A-B,2,optimized,128,gf_sqr,47,106,0x54cada71
17,A-B,2,optimized,128,gf_sqr,48,106,0x54cada71
17,A-B,2,optimized,128,gf_sqr,49,106,0x54cada71
17,A-B,1,reference,192,gf_mul,0,3927,0x2bf8b731
17,A-B,1,reference,192,gf_mul,1,3927,0x2bf8b731
17,A-B,1,reference,192,gf_mul,2,3927,0x2bf8b731
17,A-B,1,reference,192,gf_mul,3,3926,0x2bf8b731
17,A-B,1,reference,192,gf_mul,4,3926,0x2bf8b731
17,A-B,1,reference,192,gf_mul,5,3926,0x2bf8b731
17,A-B,1,reference,192,gf_mul,6,3926,0x2bf8b731
17,A-B,1,reference,192,gf_mul,7,3926,0x2bf8b731
17,A-B,1,reference,192,gf_mul,8,3926,0x2bf8b731
17,A-B,1,reference,192,gf_mul,9,3926,0x2bf8b731
17,A-B,1,reference,192,gf_mul,10,3926,0x2bf8b731
17,A-B,1,reference,192,gf_mul,11,3926,0x2bf8b731
17,A-B,1,reference,192,gf_mul,12,3926,0x2bf8b731
17,A-B,1,reference,192,gf_mul,13,3926,0x2bf8b731
17,A-B,1,reference,192,gf_mul,14,3926,0x2bf8b731
17,A-B,1,reference,192,gf_mul,15,3926,0x2bf8b731
17,A-B,1,reference,192,gf_mul,16,3926,0x2bf8b731
17,A-B,1,reference,192,gf_mul,17,3926,0x2bf8b731
17,A-B,1,reference,192,gf_mul,18,3926,0x2bf8b731
17,A-B,1,reference,192,gf_mul,19,3926,0x2bf8b731
17,A-B,1,reference,192,gf_mul,20,3926,0x2bf8b731
17,A-B,1,reference,192,gf_mul,21,3926,0x2bf8b731
17,A-B,1,reference,192,gf_mul,22,3926,0x2bf8b731
17,A-B,1,reference,192,gf_mul,23,3926,0x2bf8b731
17,A-B,1,reference,192,gf_mul,24,3926,0x2bf8b731
17,A-B,1,reference,192,gf_mul,25,3926,0x2bf8b731
17,A-B,1,reference,192,gf_mul,26,3926,0x2bf8b731
17,A-B,1,reference,192,gf_mul,27,3926,0x2bf8b731
17,A-B,1,reference,192,gf_mul,28,3926,0x2bf8b731
17,A-B,1,reference,192,gf_mul,29,3926,0x2bf8b731
17,A-B,1,reference,192,gf_mul,30,3926,0x2bf8b731
17,A-B,1,reference,192,gf_mul,31,3926,0x2bf8b731
17,A-B,1,reference,192,gf_mul,32,3926,0x2bf8b731
17,A-B,1,reference,192,gf_mul,33,3926,0x2bf8b731
17,A-B,1,reference,192,gf_mul,34,3926,0x2bf8b731
17,A-B,1,reference,192,gf_mul,35,3926,0x2bf8b731
17,A-B,1,reference,192,gf_mul,36,3926,0x2bf8b731
17,A-B,1,reference,192,gf_mul,37,3926,0x2bf8b731
17,A-B,1,reference,192,gf_mul,38,3926,0x2bf8b731
17,A-B,1,reference,192,gf_mul,39,3926,0x2bf8b731
17,A-B,1,reference,192,gf_mul,40,3926,0x2bf8b731
17,A-B,1,reference,192,gf_mul,41,3926,0x2bf8b731
17,A-B,1,reference,192,gf_mul,42,3926,0x2bf8b731
17,A-B,1,reference,192,gf_mul,43,3926,0x2bf8b731
17,A-B,1,reference,192,gf_mul,44,3926,0x2bf8b731
17,A-B,1,reference,192,gf_mul,45,3926,0x2bf8b731
17,A-B,1,reference,192,gf_mul,46,3926,0x2bf8b731
17,A-B,1,reference,192,gf_mul,47,3926,0x2bf8b731
17,A-B,1,reference,192,gf_mul,48,3926,0x2bf8b731
17,A-B,1,reference,192,gf_mul,49,3926,0x2bf8b731
17,A-B,1,reference,192,gf_sqr,0,144,0x2bf8b731
17,A-B,1,reference,192,gf_sqr,1,144,0x2bf8b731
17,A-B,1,reference,192,gf_sqr,2,143,0x2bf8b731
17,A-B,1,reference,192,gf_sqr,3,144,0x2bf8b731
17,A-B,1,reference,192,gf_sqr,4,144,0x2bf8b731
17,A-B,1,reference,192,gf_sqr,5,144,0x2bf8b731
17,A-B,1,reference,192,gf_sqr,6,144,0x2bf8b731
17,A-B,1,reference,192,gf_sqr,7,144,0x2bf8b731
17,A-B,1,reference,192,gf_sqr,8,144,0x2bf8b731
17,A-B,1,reference,192,gf_sqr,9,144,0x2bf8b731
17,A-B,1,reference,192,gf_sqr,10,144,0x2bf8b731
17,A-B,1,reference,192,gf_sqr,11,144,0x2bf8b731
17,A-B,1,reference,192,gf_sqr,12,144,0x2bf8b731
17,A-B,1,reference,192,gf_sqr,13,144,0x2bf8b731
17,A-B,1,reference,192,gf_sqr,14,144,0x2bf8b731
17,A-B,1,reference,192,gf_sqr,15,144,0x2bf8b731
17,A-B,1,reference,192,gf_sqr,16,144,0x2bf8b731
17,A-B,1,reference,192,gf_sqr,17,144,0x2bf8b731
17,A-B,1,reference,192,gf_sqr,18,144,0x2bf8b731
17,A-B,1,reference,192,gf_sqr,19,144,0x2bf8b731
17,A-B,1,reference,192,gf_sqr,20,144,0x2bf8b731
17,A-B,1,reference,192,gf_sqr,21,144,0x2bf8b731
17,A-B,1,reference,192,gf_sqr,22,144,0x2bf8b731
17,A-B,1,reference,192,gf_sqr,23,144,0x2bf8b731
17,A-B,1,reference,192,gf_sqr,24,144,0x2bf8b731
17,A-B,1,reference,192,gf_sqr,25,144,0x2bf8b731
17,A-B,1,reference,192,gf_sqr,26,144,0x2bf8b731
17,A-B,1,reference,192,gf_sqr,27,144,0x2bf8b731
17,A-B,1,reference,192,gf_sqr,28,144,0x2bf8b731
17,A-B,1,reference,192,gf_sqr,29,144,0x2bf8b731
17,A-B,1,reference,192,gf_sqr,30,144,0x2bf8b731
17,A-B,1,reference,192,gf_sqr,31,144,0x2bf8b731
17,A-B,1,reference,192,gf_sqr,32,144,0x2bf8b731
17,A-B,1,reference,192,gf_sqr,33,144,0x2bf8b731
17,A-B,1,reference,192,gf_sqr,34,144,0x2bf8b731
17,A-B,1,reference,192,gf_sqr,35,144,0x2bf8b731
17,A-B,1,reference,192,gf_sqr,36,144,0x2bf8b731
17,A-B,1,reference,192,gf_sqr,37,144,0x2bf8b731
17,A-B,1,reference,192,gf_sqr,38,144,0x2bf8b731
17,A-B,1,reference,192,gf_sqr,39,144,0x2bf8b731
17,A-B,1,reference,192,gf_sqr,40,144,0x2bf8b731
17,A-B,1,reference,192,gf_sqr,41,144,0x2bf8b731
17,A-B,1,reference,192,gf_sqr,42,144,0x2bf8b731
17,A-B,1,reference,192,gf_sqr,43,144,0x2bf8b731
17,A-B,1,reference,192,gf_sqr,44,144,0x2bf8b731
17,A-B,1,reference,192,gf_sqr,45,144,0x2bf8b731
17,A-B,1,reference,192,gf_sqr,46,144,0x2bf8b731
17,A-B,1,reference,192,gf_sqr,47,144,0x2bf8b731
17,A-B,1,reference,192,gf_sqr,48,144,0x2bf8b731
17,A-B,1,reference,192,gf_sqr,49,144,0x2bf8b731
17,A-B,2,optimized,192,gf_mul,0,3927,0x2bf8b731
17,A-B,2,optimized,192,gf_mul,1,3927,0x2bf8b731
17,A-B,2,optimized,192,gf_mul,2,3927,0x2bf8b731
17,A-B,2,optimized,192,gf_mul,3,3926,0x2bf8b731
17,A-B,2,optimized,192,gf_mul,4,3926,0x2bf8b731
17,A-B,2,optimized,192,gf_mul,5,3926,0x2bf8b731
17,A-B,2,optimized,192,gf_mul,6,3926,0x2bf8b731
17,A-B,2,optimized,192,gf_mul,7,3926,0x2bf8b731
17,A-B,2,optimized,192,gf_mul,8,3926,0x2bf8b731
17,A-B,2,optimized,192,gf_mul,9,3926,0x2bf8b731
17,A-B,2,optimized,192,gf_mul,10,3926,0x2bf8b731
17,A-B,2,optimized,192,gf_mul,11,3926,0x2bf8b731
17,A-B,2,optimized,192,gf_mul,12,3926,0x2bf8b731
17,A-B,2,optimized,192,gf_mul,13,3926,0x2bf8b731
17,A-B,2,optimized,192,gf_mul,14,3926,0x2bf8b731
17,A-B,2,optimized,192,gf_mul,15,3926,0x2bf8b731
17,A-B,2,optimized,192,gf_mul,16,3926,0x2bf8b731
17,A-B,2,optimized,192,gf_mul,17,3926,0x2bf8b731
17,A-B,2,optimized,192,gf_mul,18,3926,0x2bf8b731
17,A-B,2,optimized,192,gf_mul,19,3926,0x2bf8b731
17,A-B,2,optimized,192,gf_mul,20,3926,0x2bf8b731
17,A-B,2,optimized,192,gf_mul,21,3926,0x2bf8b731
17,A-B,2,optimized,192,gf_mul,22,3926,0x2bf8b731
17,A-B,2,optimized,192,gf_mul,23,3926,0x2bf8b731
17,A-B,2,optimized,192,gf_mul,24,3926,0x2bf8b731
17,A-B,2,optimized,192,gf_mul,25,3926,0x2bf8b731
17,A-B,2,optimized,192,gf_mul,26,3926,0x2bf8b731
17,A-B,2,optimized,192,gf_mul,27,3926,0x2bf8b731
17,A-B,2,optimized,192,gf_mul,28,3926,0x2bf8b731
17,A-B,2,optimized,192,gf_mul,29,3926,0x2bf8b731
17,A-B,2,optimized,192,gf_mul,30,3926,0x2bf8b731
17,A-B,2,optimized,192,gf_mul,31,3926,0x2bf8b731
17,A-B,2,optimized,192,gf_mul,32,3926,0x2bf8b731
17,A-B,2,optimized,192,gf_mul,33,3926,0x2bf8b731
17,A-B,2,optimized,192,gf_mul,34,3926,0x2bf8b731
17,A-B,2,optimized,192,gf_mul,35,3926,0x2bf8b731
17,A-B,2,optimized,192,gf_mul,36,3926,0x2bf8b731
17,A-B,2,optimized,192,gf_mul,37,3926,0x2bf8b731
17,A-B,2,optimized,192,gf_mul,38,3926,0x2bf8b731
17,A-B,2,optimized,192,gf_mul,39,3926,0x2bf8b731
17,A-B,2,optimized,192,gf_mul,40,3926,0x2bf8b731
17,A-B,2,optimized,192,gf_mul,41,3926,0x2bf8b731
17,A-B,2,optimized,192,gf_mul,42,3926,0x2bf8b731
17,A-B,2,optimized,192,gf_mul,43,3926,0x2bf8b731
17,A-B,2,optimized,192,gf_mul,44,3926,0x2bf8b731
17,A-B,2,optimized,192,gf_mul,45,3926,0x2bf8b731
17,A-B,2,optimized,192,gf_mul,46,3926,0x2bf8b731
17,A-B,2,optimized,192,gf_mul,47,3926,0x2bf8b731
17,A-B,2,optimized,192,gf_mul,48,3926,0x2bf8b731
17,A-B,2,optimized,192,gf_mul,49,3926,0x2bf8b731
17,A-B,2,optimized,192,gf_sqr,0,144,0x2bf8b731
17,A-B,2,optimized,192,gf_sqr,1,144,0x2bf8b731
17,A-B,2,optimized,192,gf_sqr,2,143,0x2bf8b731
17,A-B,2,optimized,192,gf_sqr,3,144,0x2bf8b731
17,A-B,2,optimized,192,gf_sqr,4,144,0x2bf8b731
17,A-B,2,optimized,192,gf_sqr,5,144,0x2bf8b731
17,A-B,2,optimized,192,gf_sqr,6,144,0x2bf8b731
17,A-B,2,optimized,192,gf_sqr,7,144,0x2bf8b731
17,A-B,2,optimized,192,gf_sqr,8,144,0x2bf8b731
17,A-B,2,optimized,192,gf_sqr,9,144,0x2bf8b731
17,A-B,2,optimized,192,gf_sqr,10,144,0x2bf8b731
17,A-B,2,optimized,192,gf_sqr,11,144,0x2bf8b731
17,A-B,2,optimized,192,gf_sqr,12,144,0x2bf8b731
17,A-B,2,optimized,192,gf_sqr,13,144,0x2bf8b731
17,A-B,2,optimized,192,gf_sqr,14,144,0x2bf8b731
17,A-B,2,optimized,192,gf_sqr,15,144,0x2bf8b731
17,A-B,2,optimized,192,gf_sqr,16,144,0x2bf8b731
17,A-B,2,optimized,192,gf_sqr,17,144,0x2bf8b731
17,A-B,2,optimized,192,gf_sqr,18,144,0x2bf8b731
17,A-B,2,optimized,192,gf_sqr,19,144,0x2bf8b731
17,A-B,2,optimized,192,gf_sqr,20,144,0x2bf8b731
17,A-B,2,optimized,192,gf_sqr,21,144,0x2bf8b731
17,A-B,2,optimized,192,gf_sqr,22,144,0x2bf8b731
17,A-B,2,optimized,192,gf_sqr,23,144,0x2bf8b731
17,A-B,2,optimized,192,gf_sqr,24,144,0x2bf8b731
17,A-B,2,optimized,192,gf_sqr,25,144,0x2bf8b731
17,A-B,2,optimized,192,gf_sqr,26,144,0x2bf8b731
17,A-B,2,optimized,192,gf_sqr,27,144,0x2bf8b731
17,A-B,2,optimized,192,gf_sqr,28,144,0x2bf8b731
17,A-B,2,optimized,192,gf_sqr,29,144,0x2bf8b731
17,A-B,2,optimized,192,gf_sqr,30,144,0x2bf8b731
17,A-B,2,optimized,192,gf_sqr,31,144,0x2bf8b731
17,A-B,2,optimized,192,gf_sqr,32,144,0x2bf8b731
17,A-B,2,optimized,192,gf_sqr,33,144,0x2bf8b731
17,A-B,2,optimized,192,gf_sqr,34,144,0x2bf8b731
17,A-B,2,optimized,192,gf_sqr,35,144,0x2bf8b731
17,A-B,2,optimized,192,gf_sqr,36,144,0x2bf8b731
17,A-B,2,optimized,192,gf_sqr,37,144,0x2bf8b731
17,A-B,2,optimized,192,gf_sqr,38,144,0x2bf8b731
17,A-B,2,optimized,192,gf_sqr,39,144,0x2bf8b731
17,A-B,2,optimized,192,gf_sqr,40,144,0x2bf8b731
17,A-B,2,optimized,192,gf_sqr,41,144,0x2bf8b731
17,A-B,2,optimized,192,gf_sqr,42,144,0x2bf8b731
17,A-B,2,optimized,192,gf_sqr,43,144,0x2bf8b731
17,A-B,2,optimized,192,gf_sqr,44,144,0x2bf8b731
17,A-B,2,optimized,192,gf_sqr,45,144,0x2bf8b731
17,A-B,2,optimized,192,gf_sqr,46,144,0x2bf8b731
17,A-B,2,optimized,192,gf_sqr,47,144,0x2bf8b731
17,A-B,2,optimized,192,gf_sqr,48,144,0x2bf8b731
17,A-B,2,optimized,192,gf_sqr,49,144,0x2bf8b731
17,A-B,1,reference,256,gf_mul,0,5933,0x283807e5
17,A-B,1,reference,256,gf_mul,1,5932,0x283807e5
17,A-B,1,reference,256,gf_mul,2,5932,0x283807e5
17,A-B,1,reference,256,gf_mul,3,5931,0x283807e5
17,A-B,1,reference,256,gf_mul,4,5931,0x283807e5
17,A-B,1,reference,256,gf_mul,5,5931,0x283807e5
17,A-B,1,reference,256,gf_mul,6,5931,0x283807e5
17,A-B,1,reference,256,gf_mul,7,5931,0x283807e5
17,A-B,1,reference,256,gf_mul,8,5931,0x283807e5
17,A-B,1,reference,256,gf_mul,9,5931,0x283807e5
17,A-B,1,reference,256,gf_mul,10,5931,0x283807e5
17,A-B,1,reference,256,gf_mul,11,5931,0x283807e5
17,A-B,1,reference,256,gf_mul,12,5931,0x283807e5
17,A-B,1,reference,256,gf_mul,13,5931,0x283807e5
17,A-B,1,reference,256,gf_mul,14,5931,0x283807e5
17,A-B,1,reference,256,gf_mul,15,5931,0x283807e5
17,A-B,1,reference,256,gf_mul,16,5931,0x283807e5
17,A-B,1,reference,256,gf_mul,17,5931,0x283807e5
17,A-B,1,reference,256,gf_mul,18,5931,0x283807e5
17,A-B,1,reference,256,gf_mul,19,5931,0x283807e5
17,A-B,1,reference,256,gf_mul,20,5931,0x283807e5
17,A-B,1,reference,256,gf_mul,21,5931,0x283807e5
17,A-B,1,reference,256,gf_mul,22,5931,0x283807e5
17,A-B,1,reference,256,gf_mul,23,5931,0x283807e5
17,A-B,1,reference,256,gf_mul,24,5931,0x283807e5
17,A-B,1,reference,256,gf_mul,25,5931,0x283807e5
17,A-B,1,reference,256,gf_mul,26,5931,0x283807e5
17,A-B,1,reference,256,gf_mul,27,5931,0x283807e5
17,A-B,1,reference,256,gf_mul,28,5931,0x283807e5
17,A-B,1,reference,256,gf_mul,29,5931,0x283807e5
17,A-B,1,reference,256,gf_mul,30,5931,0x283807e5
17,A-B,1,reference,256,gf_mul,31,5931,0x283807e5
17,A-B,1,reference,256,gf_mul,32,5931,0x283807e5
17,A-B,1,reference,256,gf_mul,33,5931,0x283807e5
17,A-B,1,reference,256,gf_mul,34,5931,0x283807e5
17,A-B,1,reference,256,gf_mul,35,5931,0x283807e5
17,A-B,1,reference,256,gf_mul,36,5931,0x283807e5
17,A-B,1,reference,256,gf_mul,37,5931,0x283807e5
17,A-B,1,reference,256,gf_mul,38,5931,0x283807e5
17,A-B,1,reference,256,gf_mul,39,5931,0x283807e5
17,A-B,1,reference,256,gf_mul,40,5931,0x283807e5
17,A-B,1,reference,256,gf_mul,41,5931,0x283807e5
17,A-B,1,reference,256,gf_mul,42,5931,0x283807e5
17,A-B,1,reference,256,gf_mul,43,5931,0x283807e5
17,A-B,1,reference,256,gf_mul,44,5931,0x283807e5
17,A-B,1,reference,256,gf_mul,45,5931,0x283807e5
17,A-B,1,reference,256,gf_mul,46,5931,0x283807e5
17,A-B,1,reference,256,gf_mul,47,5931,0x283807e5
17,A-B,1,reference,256,gf_mul,48,5931,0x283807e5
17,A-B,1,reference,256,gf_mul,49,5931,0x283807e5
17,A-B,1,reference,256,gf_sqr,0,203,0x283807e5
17,A-B,1,reference,256,gf_sqr,1,202,0x283807e5
17,A-B,1,reference,256,gf_sqr,2,203,0x283807e5
17,A-B,1,reference,256,gf_sqr,3,202,0x283807e5
17,A-B,1,reference,256,gf_sqr,4,202,0x283807e5
17,A-B,1,reference,256,gf_sqr,5,202,0x283807e5
17,A-B,1,reference,256,gf_sqr,6,202,0x283807e5
17,A-B,1,reference,256,gf_sqr,7,202,0x283807e5
17,A-B,1,reference,256,gf_sqr,8,202,0x283807e5
17,A-B,1,reference,256,gf_sqr,9,202,0x283807e5
17,A-B,1,reference,256,gf_sqr,10,202,0x283807e5
17,A-B,1,reference,256,gf_sqr,11,202,0x283807e5
17,A-B,1,reference,256,gf_sqr,12,202,0x283807e5
17,A-B,1,reference,256,gf_sqr,13,202,0x283807e5
17,A-B,1,reference,256,gf_sqr,14,202,0x283807e5
17,A-B,1,reference,256,gf_sqr,15,202,0x283807e5
17,A-B,1,reference,256,gf_sqr,16,202,0x283807e5
17,A-B,1,reference,256,gf_sqr,17,202,0x283807e5
17,A-B,1,reference,256,gf_sqr,18,202,0x283807e5
17,A-B,1,reference,256,gf_sqr,19,202,0x283807e5
17,A-B,1,reference,256,gf_sqr,20,202,0x283807e5
17,A-B,1,reference,256,gf_sqr,21,202,0x283807e5
17,A-B,1,reference,256,gf_sqr,22,202,0x283807e5
17,A-B,1,reference,256,gf_sqr,23,202,0x283807e5
17,A-B,1,reference,256,gf_sqr,24,202,0x283807e5
17,A-B,1,reference,256,gf_sqr,25,202,0x283807e5
17,A-B,1,reference,256,gf_sqr,26,202,0x283807e5
17,A-B,1,reference,256,gf_sqr,27,202,0x283807e5
17,A-B,1,reference,256,gf_sqr,28,202,0x283807e5
17,A-B,1,reference,256,gf_sqr,29,202,0x283807e5
17,A-B,1,reference,256,gf_sqr,30,202,0x283807e5
17,A-B,1,reference,256,gf_sqr,31,202,0x283807e5
17,A-B,1,reference,256,gf_sqr,32,202,0x283807e5
17,A-B,1,reference,256,gf_sqr,33,202,0x283807e5
17,A-B,1,reference,256,gf_sqr,34,202,0x283807e5
17,A-B,1,reference,256,gf_sqr,35,202,0x283807e5
17,A-B,1,reference,256,gf_sqr,36,202,0x283807e5
17,A-B,1,reference,256,gf_sqr,37,202,0x283807e5
17,A-B,1,reference,256,gf_sqr,38,202,0x283807e5
17,A-B,1,reference,256,gf_sqr,39,202,0x283807e5
17,A-B,1,reference,256,gf_sqr,40,202,0x283807e5
17,A-B,1,reference,256,gf_sqr,41,202,0x283807e5
17,A-B,1,reference,256,gf_sqr,42,202,0x283807e5
17,A-B,1,reference,256,gf_sqr,43,202,0x283807e5
17,A-B,1,reference,256,gf_sqr,44,202,0x283807e5
17,A-B,1,reference,256,gf_sqr,45,202,0x283807e5
17,A-B,1,reference,256,gf_sqr,46,202,0x283807e5
17,A-B,1,reference,256,gf_sqr,47,202,0x283807e5
17,A-B,1,reference,256,gf_sqr,48,202,0x283807e5
17,A-B,1,reference,256,gf_sqr,49,202,0x283807e5
17,A-B,2,optimized,256,gf_mul,0,5942,0x283807e5
17,A-B,2,optimized,256,gf_mul,1,5940,0x283807e5
17,A-B,2,optimized,256,gf_mul,2,5941,0x283807e5
17,A-B,2,optimized,256,gf_mul,3,5940,0x283807e5
17,A-B,2,optimized,256,gf_mul,4,5940,0x283807e5
17,A-B,2,optimized,256,gf_mul,5,5940,0x283807e5
17,A-B,2,optimized,256,gf_mul,6,5940,0x283807e5
17,A-B,2,optimized,256,gf_mul,7,5940,0x283807e5
17,A-B,2,optimized,256,gf_mul,8,5940,0x283807e5
17,A-B,2,optimized,256,gf_mul,9,5940,0x283807e5
17,A-B,2,optimized,256,gf_mul,10,5940,0x283807e5
17,A-B,2,optimized,256,gf_mul,11,5940,0x283807e5
17,A-B,2,optimized,256,gf_mul,12,5940,0x283807e5
17,A-B,2,optimized,256,gf_mul,13,5940,0x283807e5
17,A-B,2,optimized,256,gf_mul,14,5940,0x283807e5
17,A-B,2,optimized,256,gf_mul,15,5940,0x283807e5
17,A-B,2,optimized,256,gf_mul,16,5940,0x283807e5
17,A-B,2,optimized,256,gf_mul,17,5940,0x283807e5
17,A-B,2,optimized,256,gf_mul,18,5940,0x283807e5
17,A-B,2,optimized,256,gf_mul,19,5940,0x283807e5
17,A-B,2,optimized,256,gf_mul,20,5940,0x283807e5
17,A-B,2,optimized,256,gf_mul,21,5940,0x283807e5
17,A-B,2,optimized,256,gf_mul,22,5940,0x283807e5
17,A-B,2,optimized,256,gf_mul,23,5940,0x283807e5
17,A-B,2,optimized,256,gf_mul,24,5940,0x283807e5
17,A-B,2,optimized,256,gf_mul,25,5940,0x283807e5
17,A-B,2,optimized,256,gf_mul,26,5940,0x283807e5
17,A-B,2,optimized,256,gf_mul,27,5940,0x283807e5
17,A-B,2,optimized,256,gf_mul,28,5940,0x283807e5
17,A-B,2,optimized,256,gf_mul,29,5940,0x283807e5
17,A-B,2,optimized,256,gf_mul,30,5940,0x283807e5
17,A-B,2,optimized,256,gf_mul,31,5940,0x283807e5
17,A-B,2,optimized,256,gf_mul,32,5940,0x283807e5
17,A-B,2,optimized,256,gf_mul,33,5940,0x283807e5
17,A-B,2,optimized,256,gf_mul,34,5940,0x283807e5
17,A-B,2,optimized,256,gf_mul,35,5940,0x283807e5
17,A-B,2,optimized,256,gf_mul,36,5940,0x283807e5
17,A-B,2,optimized,256,gf_mul,37,5940,0x283807e5
17,A-B,2,optimized,256,gf_mul,38,5940,0x283807e5
17,A-B,2,optimized,256,gf_mul,39,5940,0x283807e5
17,A-B,2,optimized,256,gf_mul,40,5940,0x283807e5
17,A-B,2,optimized,256,gf_mul,41,5940,0x283807e5
17,A-B,2,optimized,256,gf_mul,42,5940,0x283807e5
17,A-B,2,optimized,256,gf_mul,43,5940,0x283807e5
17,A-B,2,optimized,256,gf_mul,44,5940,0x283807e5
17,A-B,2,optimized,256,gf_mul,45,5940,0x283807e5
17,A-B,2,optimized,256,gf_mul,46,5940,0x283807e5
17,A-B,2,optimized,256,gf_mul,47,5940,0x283807e5
17,A-B,2,optimized,256,gf_mul,48,5940,0x283807e5
17,A-B,2,optimized,256,gf_mul,49,5940,0x283807e5
17,A-B,2,optimized,256,gf_sqr,0,202,0x283807e5
17,A-B,2,optimized,256,gf_sqr,1,200,0x283807e5
17,A-B,2,optimized,256,gf_sqr,2,201,0x283807e5
17,A-B,2,optimized,256,gf_sqr,3,200,0x283807e5
17,A-B,2,optimized,256,gf_sqr,4,200,0x283807e5
17,A-B,2,optimized,256,gf_sqr,5,200,0x283807e5
17,A-B,2,optimized,256,gf_sqr,6,200,0x283807e5
17,A-B,2,optimized,256,gf_sqr,7,200,0x283807e5
17,A-B,2,optimized,256,gf_sqr,8,200,0x283807e5
17,A-B,2,optimized,256,gf_sqr,9,200,0x283807e5
17,A-B,2,optimized,256,gf_sqr,10,200,0x283807e5
17,A-B,2,optimized,256,gf_sqr,11,200,0x283807e5
17,A-B,2,optimized,256,gf_sqr,12,200,0x283807e5
17,A-B,2,optimized,256,gf_sqr,13,200,0x283807e5
17,A-B,2,optimized,256,gf_sqr,14,200,0x283807e5
17,A-B,2,optimized,256,gf_sqr,15,200,0x283807e5
17,A-B,2,optimized,256,gf_sqr,16,200,0x283807e5
17,A-B,2,optimized,256,gf_sqr,17,200,0x283807e5
17,A-B,2,optimized,256,gf_sqr,18,200,0x283807e5
17,A-B,2,optimized,256,gf_sqr,19,200,0x283807e5
17,A-B,2,optimized,256,gf_sqr,20,200,0x283807e5
17,A-B,2,optimized,256,gf_sqr,21,200,0x283807e5
17,A-B,2,optimized,256,gf_sqr,22,200,0x283807e5
17,A-B,2,optimized,256,gf_sqr,23,200,0x283807e5
17,A-B,2,optimized,256,gf_sqr,24,200,0x283807e5
17,A-B,2,optimized,256,gf_sqr,25,200,0x283807e5
17,A-B,2,optimized,256,gf_sqr,26,200,0x283807e5
17,A-B,2,optimized,256,gf_sqr,27,200,0x283807e5
17,A-B,2,optimized,256,gf_sqr,28,200,0x283807e5
17,A-B,2,optimized,256,gf_sqr,29,200,0x283807e5
17,A-B,2,optimized,256,gf_sqr,30,200,0x283807e5
17,A-B,2,optimized,256,gf_sqr,31,200,0x283807e5
17,A-B,2,optimized,256,gf_sqr,32,200,0x283807e5
17,A-B,2,optimized,256,gf_sqr,33,200,0x283807e5
17,A-B,2,optimized,256,gf_sqr,34,200,0x283807e5
17,A-B,2,optimized,256,gf_sqr,35,200,0x283807e5
17,A-B,2,optimized,256,gf_sqr,36,200,0x283807e5
17,A-B,2,optimized,256,gf_sqr,37,200,0x283807e5
17,A-B,2,optimized,256,gf_sqr,38,200,0x283807e5
17,A-B,2,optimized,256,gf_sqr,39,200,0x283807e5
17,A-B,2,optimized,256,gf_sqr,40,200,0x283807e5
17,A-B,2,optimized,256,gf_sqr,41,200,0x283807e5
17,A-B,2,optimized,256,gf_sqr,42,200,0x283807e5
17,A-B,2,optimized,256,gf_sqr,43,200,0x283807e5
17,A-B,2,optimized,256,gf_sqr,44,200,0x283807e5
17,A-B,2,optimized,256,gf_sqr,45,200,0x283807e5
17,A-B,2,optimized,256,gf_sqr,46,200,0x283807e5
17,A-B,2,optimized,256,gf_sqr,47,200,0x283807e5
17,A-B,2,optimized,256,gf_sqr,48,200,0x283807e5
17,A-B,2,optimized,256,gf_sqr,49,200,0x283807e5
18,B-A,1,optimized,128,gf_mul,0,1969,0x54cada71
18,B-A,1,optimized,128,gf_mul,1,1968,0x54cada71
18,B-A,1,optimized,128,gf_mul,2,1968,0x54cada71
18,B-A,1,optimized,128,gf_mul,3,1967,0x54cada71
18,B-A,1,optimized,128,gf_mul,4,1967,0x54cada71
18,B-A,1,optimized,128,gf_mul,5,1967,0x54cada71
18,B-A,1,optimized,128,gf_mul,6,1967,0x54cada71
18,B-A,1,optimized,128,gf_mul,7,1967,0x54cada71
18,B-A,1,optimized,128,gf_mul,8,1967,0x54cada71
18,B-A,1,optimized,128,gf_mul,9,1967,0x54cada71
18,B-A,1,optimized,128,gf_mul,10,1967,0x54cada71
18,B-A,1,optimized,128,gf_mul,11,1967,0x54cada71
18,B-A,1,optimized,128,gf_mul,12,1967,0x54cada71
18,B-A,1,optimized,128,gf_mul,13,1967,0x54cada71
18,B-A,1,optimized,128,gf_mul,14,1967,0x54cada71
18,B-A,1,optimized,128,gf_mul,15,1967,0x54cada71
18,B-A,1,optimized,128,gf_mul,16,1967,0x54cada71
18,B-A,1,optimized,128,gf_mul,17,1967,0x54cada71
18,B-A,1,optimized,128,gf_mul,18,1967,0x54cada71
18,B-A,1,optimized,128,gf_mul,19,1967,0x54cada71
18,B-A,1,optimized,128,gf_mul,20,1967,0x54cada71
18,B-A,1,optimized,128,gf_mul,21,1967,0x54cada71
18,B-A,1,optimized,128,gf_mul,22,1967,0x54cada71
18,B-A,1,optimized,128,gf_mul,23,1967,0x54cada71
18,B-A,1,optimized,128,gf_mul,24,1967,0x54cada71
18,B-A,1,optimized,128,gf_mul,25,1967,0x54cada71
18,B-A,1,optimized,128,gf_mul,26,1967,0x54cada71
18,B-A,1,optimized,128,gf_mul,27,1967,0x54cada71
18,B-A,1,optimized,128,gf_mul,28,1967,0x54cada71
18,B-A,1,optimized,128,gf_mul,29,1967,0x54cada71
18,B-A,1,optimized,128,gf_mul,30,1967,0x54cada71
18,B-A,1,optimized,128,gf_mul,31,1967,0x54cada71
18,B-A,1,optimized,128,gf_mul,32,1967,0x54cada71
18,B-A,1,optimized,128,gf_mul,33,1967,0x54cada71
18,B-A,1,optimized,128,gf_mul,34,1967,0x54cada71
18,B-A,1,optimized,128,gf_mul,35,1967,0x54cada71
18,B-A,1,optimized,128,gf_mul,36,1967,0x54cada71
18,B-A,1,optimized,128,gf_mul,37,1967,0x54cada71
18,B-A,1,optimized,128,gf_mul,38,1967,0x54cada71
18,B-A,1,optimized,128,gf_mul,39,1967,0x54cada71
18,B-A,1,optimized,128,gf_mul,40,1967,0x54cada71
18,B-A,1,optimized,128,gf_mul,41,1967,0x54cada71
18,B-A,1,optimized,128,gf_mul,42,1967,0x54cada71
18,B-A,1,optimized,128,gf_mul,43,1967,0x54cada71
18,B-A,1,optimized,128,gf_mul,44,1967,0x54cada71
18,B-A,1,optimized,128,gf_mul,45,1967,0x54cada71
18,B-A,1,optimized,128,gf_mul,46,1967,0x54cada71
18,B-A,1,optimized,128,gf_mul,47,1967,0x54cada71
18,B-A,1,optimized,128,gf_mul,48,1967,0x54cada71
18,B-A,1,optimized,128,gf_mul,49,1967,0x54cada71
18,B-A,1,optimized,128,gf_sqr,0,107,0x54cada71
18,B-A,1,optimized,128,gf_sqr,1,107,0x54cada71
18,B-A,1,optimized,128,gf_sqr,2,107,0x54cada71
18,B-A,1,optimized,128,gf_sqr,3,106,0x54cada71
18,B-A,1,optimized,128,gf_sqr,4,106,0x54cada71
18,B-A,1,optimized,128,gf_sqr,5,106,0x54cada71
18,B-A,1,optimized,128,gf_sqr,6,106,0x54cada71
18,B-A,1,optimized,128,gf_sqr,7,106,0x54cada71
18,B-A,1,optimized,128,gf_sqr,8,106,0x54cada71
18,B-A,1,optimized,128,gf_sqr,9,106,0x54cada71
18,B-A,1,optimized,128,gf_sqr,10,106,0x54cada71
18,B-A,1,optimized,128,gf_sqr,11,106,0x54cada71
18,B-A,1,optimized,128,gf_sqr,12,106,0x54cada71
18,B-A,1,optimized,128,gf_sqr,13,106,0x54cada71
18,B-A,1,optimized,128,gf_sqr,14,106,0x54cada71
18,B-A,1,optimized,128,gf_sqr,15,106,0x54cada71
18,B-A,1,optimized,128,gf_sqr,16,106,0x54cada71
18,B-A,1,optimized,128,gf_sqr,17,106,0x54cada71
18,B-A,1,optimized,128,gf_sqr,18,106,0x54cada71
18,B-A,1,optimized,128,gf_sqr,19,106,0x54cada71
18,B-A,1,optimized,128,gf_sqr,20,106,0x54cada71
18,B-A,1,optimized,128,gf_sqr,21,106,0x54cada71
18,B-A,1,optimized,128,gf_sqr,22,106,0x54cada71
18,B-A,1,optimized,128,gf_sqr,23,106,0x54cada71
18,B-A,1,optimized,128,gf_sqr,24,106,0x54cada71
18,B-A,1,optimized,128,gf_sqr,25,106,0x54cada71
18,B-A,1,optimized,128,gf_sqr,26,106,0x54cada71
18,B-A,1,optimized,128,gf_sqr,27,106,0x54cada71
18,B-A,1,optimized,128,gf_sqr,28,106,0x54cada71
18,B-A,1,optimized,128,gf_sqr,29,106,0x54cada71
18,B-A,1,optimized,128,gf_sqr,30,106,0x54cada71
18,B-A,1,optimized,128,gf_sqr,31,106,0x54cada71
18,B-A,1,optimized,128,gf_sqr,32,106,0x54cada71
18,B-A,1,optimized,128,gf_sqr,33,106,0x54cada71
18,B-A,1,optimized,128,gf_sqr,34,106,0x54cada71
18,B-A,1,optimized,128,gf_sqr,35,106,0x54cada71
18,B-A,1,optimized,128,gf_sqr,36,106,0x54cada71
18,B-A,1,optimized,128,gf_sqr,37,106,0x54cada71
18,B-A,1,optimized,128,gf_sqr,38,106,0x54cada71
18,B-A,1,optimized,128,gf_sqr,39,106,0x54cada71
18,B-A,1,optimized,128,gf_sqr,40,106,0x54cada71
18,B-A,1,optimized,128,gf_sqr,41,106,0x54cada71
18,B-A,1,optimized,128,gf_sqr,42,106,0x54cada71
18,B-A,1,optimized,128,gf_sqr,43,106,0x54cada71
18,B-A,1,optimized,128,gf_sqr,44,106,0x54cada71
18,B-A,1,optimized,128,gf_sqr,45,106,0x54cada71
18,B-A,1,optimized,128,gf_sqr,46,106,0x54cada71
18,B-A,1,optimized,128,gf_sqr,47,106,0x54cada71
18,B-A,1,optimized,128,gf_sqr,48,106,0x54cada71
18,B-A,1,optimized,128,gf_sqr,49,106,0x54cada71
18,B-A,2,reference,128,gf_mul,0,1969,0x54cada71
18,B-A,2,reference,128,gf_mul,1,1965,0x54cada71
18,B-A,2,reference,128,gf_mul,2,1965,0x54cada71
18,B-A,2,reference,128,gf_mul,3,1964,0x54cada71
18,B-A,2,reference,128,gf_mul,4,1964,0x54cada71
18,B-A,2,reference,128,gf_mul,5,1964,0x54cada71
18,B-A,2,reference,128,gf_mul,6,1964,0x54cada71
18,B-A,2,reference,128,gf_mul,7,1964,0x54cada71
18,B-A,2,reference,128,gf_mul,8,1964,0x54cada71
18,B-A,2,reference,128,gf_mul,9,1964,0x54cada71
18,B-A,2,reference,128,gf_mul,10,1964,0x54cada71
18,B-A,2,reference,128,gf_mul,11,1964,0x54cada71
18,B-A,2,reference,128,gf_mul,12,1964,0x54cada71
18,B-A,2,reference,128,gf_mul,13,1964,0x54cada71
18,B-A,2,reference,128,gf_mul,14,1964,0x54cada71
18,B-A,2,reference,128,gf_mul,15,1964,0x54cada71
18,B-A,2,reference,128,gf_mul,16,1964,0x54cada71
18,B-A,2,reference,128,gf_mul,17,1964,0x54cada71
18,B-A,2,reference,128,gf_mul,18,1964,0x54cada71
18,B-A,2,reference,128,gf_mul,19,1964,0x54cada71
18,B-A,2,reference,128,gf_mul,20,1964,0x54cada71
18,B-A,2,reference,128,gf_mul,21,1964,0x54cada71
18,B-A,2,reference,128,gf_mul,22,1964,0x54cada71
18,B-A,2,reference,128,gf_mul,23,1964,0x54cada71
18,B-A,2,reference,128,gf_mul,24,1964,0x54cada71
18,B-A,2,reference,128,gf_mul,25,1964,0x54cada71
18,B-A,2,reference,128,gf_mul,26,1964,0x54cada71
18,B-A,2,reference,128,gf_mul,27,1964,0x54cada71
18,B-A,2,reference,128,gf_mul,28,1964,0x54cada71
18,B-A,2,reference,128,gf_mul,29,1964,0x54cada71
18,B-A,2,reference,128,gf_mul,30,1964,0x54cada71
18,B-A,2,reference,128,gf_mul,31,1964,0x54cada71
18,B-A,2,reference,128,gf_mul,32,1964,0x54cada71
18,B-A,2,reference,128,gf_mul,33,1964,0x54cada71
18,B-A,2,reference,128,gf_mul,34,1964,0x54cada71
18,B-A,2,reference,128,gf_mul,35,1964,0x54cada71
18,B-A,2,reference,128,gf_mul,36,1964,0x54cada71
18,B-A,2,reference,128,gf_mul,37,1964,0x54cada71
18,B-A,2,reference,128,gf_mul,38,1964,0x54cada71
18,B-A,2,reference,128,gf_mul,39,1964,0x54cada71
18,B-A,2,reference,128,gf_mul,40,1964,0x54cada71
18,B-A,2,reference,128,gf_mul,41,1964,0x54cada71
18,B-A,2,reference,128,gf_mul,42,1964,0x54cada71
18,B-A,2,reference,128,gf_mul,43,1964,0x54cada71
18,B-A,2,reference,128,gf_mul,44,1964,0x54cada71
18,B-A,2,reference,128,gf_mul,45,1964,0x54cada71
18,B-A,2,reference,128,gf_mul,46,1964,0x54cada71
18,B-A,2,reference,128,gf_mul,47,1964,0x54cada71
18,B-A,2,reference,128,gf_mul,48,1964,0x54cada71
18,B-A,2,reference,128,gf_mul,49,1964,0x54cada71
18,B-A,2,reference,128,gf_sqr,0,107,0x54cada71
18,B-A,2,reference,128,gf_sqr,1,103,0x54cada71
18,B-A,2,reference,128,gf_sqr,2,103,0x54cada71
18,B-A,2,reference,128,gf_sqr,3,102,0x54cada71
18,B-A,2,reference,128,gf_sqr,4,102,0x54cada71
18,B-A,2,reference,128,gf_sqr,5,102,0x54cada71
18,B-A,2,reference,128,gf_sqr,6,102,0x54cada71
18,B-A,2,reference,128,gf_sqr,7,102,0x54cada71
18,B-A,2,reference,128,gf_sqr,8,102,0x54cada71
18,B-A,2,reference,128,gf_sqr,9,102,0x54cada71
18,B-A,2,reference,128,gf_sqr,10,102,0x54cada71
18,B-A,2,reference,128,gf_sqr,11,102,0x54cada71
18,B-A,2,reference,128,gf_sqr,12,102,0x54cada71
18,B-A,2,reference,128,gf_sqr,13,102,0x54cada71
18,B-A,2,reference,128,gf_sqr,14,102,0x54cada71
18,B-A,2,reference,128,gf_sqr,15,102,0x54cada71
18,B-A,2,reference,128,gf_sqr,16,102,0x54cada71
18,B-A,2,reference,128,gf_sqr,17,102,0x54cada71
18,B-A,2,reference,128,gf_sqr,18,102,0x54cada71
18,B-A,2,reference,128,gf_sqr,19,102,0x54cada71
18,B-A,2,reference,128,gf_sqr,20,102,0x54cada71
18,B-A,2,reference,128,gf_sqr,21,102,0x54cada71
18,B-A,2,reference,128,gf_sqr,22,102,0x54cada71
18,B-A,2,reference,128,gf_sqr,23,102,0x54cada71
18,B-A,2,reference,128,gf_sqr,24,102,0x54cada71
18,B-A,2,reference,128,gf_sqr,25,102,0x54cada71
18,B-A,2,reference,128,gf_sqr,26,102,0x54cada71
18,B-A,2,reference,128,gf_sqr,27,102,0x54cada71
18,B-A,2,reference,128,gf_sqr,28,102,0x54cada71
18,B-A,2,reference,128,gf_sqr,29,102,0x54cada71
18,B-A,2,reference,128,gf_sqr,30,102,0x54cada71
18,B-A,2,reference,128,gf_sqr,31,102,0x54cada71
18,B-A,2,reference,128,gf_sqr,32,102,0x54cada71
18,B-A,2,reference,128,gf_sqr,33,102,0x54cada71
18,B-A,2,reference,128,gf_sqr,34,102,0x54cada71
18,B-A,2,reference,128,gf_sqr,35,102,0x54cada71
18,B-A,2,reference,128,gf_sqr,36,102,0x54cada71
18,B-A,2,reference,128,gf_sqr,37,102,0x54cada71
18,B-A,2,reference,128,gf_sqr,38,102,0x54cada71
18,B-A,2,reference,128,gf_sqr,39,102,0x54cada71
18,B-A,2,reference,128,gf_sqr,40,102,0x54cada71
18,B-A,2,reference,128,gf_sqr,41,102,0x54cada71
18,B-A,2,reference,128,gf_sqr,42,102,0x54cada71
18,B-A,2,reference,128,gf_sqr,43,102,0x54cada71
18,B-A,2,reference,128,gf_sqr,44,102,0x54cada71
18,B-A,2,reference,128,gf_sqr,45,102,0x54cada71
18,B-A,2,reference,128,gf_sqr,46,102,0x54cada71
18,B-A,2,reference,128,gf_sqr,47,102,0x54cada71
18,B-A,2,reference,128,gf_sqr,48,102,0x54cada71
18,B-A,2,reference,128,gf_sqr,49,102,0x54cada71
18,B-A,1,optimized,192,gf_mul,0,3927,0x2bf8b731
18,B-A,1,optimized,192,gf_mul,1,3927,0x2bf8b731
18,B-A,1,optimized,192,gf_mul,2,3927,0x2bf8b731
18,B-A,1,optimized,192,gf_mul,3,3926,0x2bf8b731
18,B-A,1,optimized,192,gf_mul,4,3926,0x2bf8b731
18,B-A,1,optimized,192,gf_mul,5,3926,0x2bf8b731
18,B-A,1,optimized,192,gf_mul,6,3926,0x2bf8b731
18,B-A,1,optimized,192,gf_mul,7,3926,0x2bf8b731
18,B-A,1,optimized,192,gf_mul,8,3926,0x2bf8b731
18,B-A,1,optimized,192,gf_mul,9,3926,0x2bf8b731
18,B-A,1,optimized,192,gf_mul,10,3926,0x2bf8b731
18,B-A,1,optimized,192,gf_mul,11,3926,0x2bf8b731
18,B-A,1,optimized,192,gf_mul,12,3926,0x2bf8b731
18,B-A,1,optimized,192,gf_mul,13,3926,0x2bf8b731
18,B-A,1,optimized,192,gf_mul,14,3926,0x2bf8b731
18,B-A,1,optimized,192,gf_mul,15,3926,0x2bf8b731
18,B-A,1,optimized,192,gf_mul,16,3926,0x2bf8b731
18,B-A,1,optimized,192,gf_mul,17,3926,0x2bf8b731
18,B-A,1,optimized,192,gf_mul,18,3926,0x2bf8b731
18,B-A,1,optimized,192,gf_mul,19,3926,0x2bf8b731
18,B-A,1,optimized,192,gf_mul,20,3926,0x2bf8b731
18,B-A,1,optimized,192,gf_mul,21,3926,0x2bf8b731
18,B-A,1,optimized,192,gf_mul,22,3926,0x2bf8b731
18,B-A,1,optimized,192,gf_mul,23,3926,0x2bf8b731
18,B-A,1,optimized,192,gf_mul,24,3926,0x2bf8b731
18,B-A,1,optimized,192,gf_mul,25,3926,0x2bf8b731
18,B-A,1,optimized,192,gf_mul,26,3926,0x2bf8b731
18,B-A,1,optimized,192,gf_mul,27,3926,0x2bf8b731
18,B-A,1,optimized,192,gf_mul,28,3926,0x2bf8b731
18,B-A,1,optimized,192,gf_mul,29,3926,0x2bf8b731
18,B-A,1,optimized,192,gf_mul,30,3926,0x2bf8b731
18,B-A,1,optimized,192,gf_mul,31,3926,0x2bf8b731
18,B-A,1,optimized,192,gf_mul,32,3926,0x2bf8b731
18,B-A,1,optimized,192,gf_mul,33,3926,0x2bf8b731
18,B-A,1,optimized,192,gf_mul,34,3926,0x2bf8b731
18,B-A,1,optimized,192,gf_mul,35,3926,0x2bf8b731
18,B-A,1,optimized,192,gf_mul,36,3926,0x2bf8b731
18,B-A,1,optimized,192,gf_mul,37,3926,0x2bf8b731
18,B-A,1,optimized,192,gf_mul,38,3926,0x2bf8b731
18,B-A,1,optimized,192,gf_mul,39,3926,0x2bf8b731
18,B-A,1,optimized,192,gf_mul,40,3926,0x2bf8b731
18,B-A,1,optimized,192,gf_mul,41,3926,0x2bf8b731
18,B-A,1,optimized,192,gf_mul,42,3926,0x2bf8b731
18,B-A,1,optimized,192,gf_mul,43,3926,0x2bf8b731
18,B-A,1,optimized,192,gf_mul,44,3926,0x2bf8b731
18,B-A,1,optimized,192,gf_mul,45,3926,0x2bf8b731
18,B-A,1,optimized,192,gf_mul,46,3926,0x2bf8b731
18,B-A,1,optimized,192,gf_mul,47,3926,0x2bf8b731
18,B-A,1,optimized,192,gf_mul,48,3926,0x2bf8b731
18,B-A,1,optimized,192,gf_mul,49,3926,0x2bf8b731
18,B-A,1,optimized,192,gf_sqr,0,144,0x2bf8b731
18,B-A,1,optimized,192,gf_sqr,1,144,0x2bf8b731
18,B-A,1,optimized,192,gf_sqr,2,143,0x2bf8b731
18,B-A,1,optimized,192,gf_sqr,3,144,0x2bf8b731
18,B-A,1,optimized,192,gf_sqr,4,144,0x2bf8b731
18,B-A,1,optimized,192,gf_sqr,5,144,0x2bf8b731
18,B-A,1,optimized,192,gf_sqr,6,144,0x2bf8b731
18,B-A,1,optimized,192,gf_sqr,7,144,0x2bf8b731
18,B-A,1,optimized,192,gf_sqr,8,144,0x2bf8b731
18,B-A,1,optimized,192,gf_sqr,9,144,0x2bf8b731
18,B-A,1,optimized,192,gf_sqr,10,144,0x2bf8b731
18,B-A,1,optimized,192,gf_sqr,11,144,0x2bf8b731
18,B-A,1,optimized,192,gf_sqr,12,144,0x2bf8b731
18,B-A,1,optimized,192,gf_sqr,13,144,0x2bf8b731
18,B-A,1,optimized,192,gf_sqr,14,144,0x2bf8b731
18,B-A,1,optimized,192,gf_sqr,15,144,0x2bf8b731
18,B-A,1,optimized,192,gf_sqr,16,144,0x2bf8b731
18,B-A,1,optimized,192,gf_sqr,17,144,0x2bf8b731
18,B-A,1,optimized,192,gf_sqr,18,144,0x2bf8b731
18,B-A,1,optimized,192,gf_sqr,19,144,0x2bf8b731
18,B-A,1,optimized,192,gf_sqr,20,144,0x2bf8b731
18,B-A,1,optimized,192,gf_sqr,21,144,0x2bf8b731
18,B-A,1,optimized,192,gf_sqr,22,144,0x2bf8b731
18,B-A,1,optimized,192,gf_sqr,23,144,0x2bf8b731
18,B-A,1,optimized,192,gf_sqr,24,144,0x2bf8b731
18,B-A,1,optimized,192,gf_sqr,25,144,0x2bf8b731
18,B-A,1,optimized,192,gf_sqr,26,144,0x2bf8b731
18,B-A,1,optimized,192,gf_sqr,27,144,0x2bf8b731
18,B-A,1,optimized,192,gf_sqr,28,144,0x2bf8b731
18,B-A,1,optimized,192,gf_sqr,29,144,0x2bf8b731
18,B-A,1,optimized,192,gf_sqr,30,144,0x2bf8b731
18,B-A,1,optimized,192,gf_sqr,31,144,0x2bf8b731
18,B-A,1,optimized,192,gf_sqr,32,144,0x2bf8b731
18,B-A,1,optimized,192,gf_sqr,33,144,0x2bf8b731
18,B-A,1,optimized,192,gf_sqr,34,144,0x2bf8b731
18,B-A,1,optimized,192,gf_sqr,35,144,0x2bf8b731
18,B-A,1,optimized,192,gf_sqr,36,144,0x2bf8b731
18,B-A,1,optimized,192,gf_sqr,37,144,0x2bf8b731
18,B-A,1,optimized,192,gf_sqr,38,144,0x2bf8b731
18,B-A,1,optimized,192,gf_sqr,39,144,0x2bf8b731
18,B-A,1,optimized,192,gf_sqr,40,144,0x2bf8b731
18,B-A,1,optimized,192,gf_sqr,41,144,0x2bf8b731
18,B-A,1,optimized,192,gf_sqr,42,144,0x2bf8b731
18,B-A,1,optimized,192,gf_sqr,43,144,0x2bf8b731
18,B-A,1,optimized,192,gf_sqr,44,144,0x2bf8b731
18,B-A,1,optimized,192,gf_sqr,45,144,0x2bf8b731
18,B-A,1,optimized,192,gf_sqr,46,144,0x2bf8b731
18,B-A,1,optimized,192,gf_sqr,47,144,0x2bf8b731
18,B-A,1,optimized,192,gf_sqr,48,144,0x2bf8b731
18,B-A,1,optimized,192,gf_sqr,49,144,0x2bf8b731
18,B-A,2,reference,192,gf_mul,0,3927,0x2bf8b731
18,B-A,2,reference,192,gf_mul,1,3927,0x2bf8b731
18,B-A,2,reference,192,gf_mul,2,3927,0x2bf8b731
18,B-A,2,reference,192,gf_mul,3,3926,0x2bf8b731
18,B-A,2,reference,192,gf_mul,4,3926,0x2bf8b731
18,B-A,2,reference,192,gf_mul,5,3926,0x2bf8b731
18,B-A,2,reference,192,gf_mul,6,3926,0x2bf8b731
18,B-A,2,reference,192,gf_mul,7,3926,0x2bf8b731
18,B-A,2,reference,192,gf_mul,8,3926,0x2bf8b731
18,B-A,2,reference,192,gf_mul,9,3926,0x2bf8b731
18,B-A,2,reference,192,gf_mul,10,3926,0x2bf8b731
18,B-A,2,reference,192,gf_mul,11,3926,0x2bf8b731
18,B-A,2,reference,192,gf_mul,12,3926,0x2bf8b731
18,B-A,2,reference,192,gf_mul,13,3926,0x2bf8b731
18,B-A,2,reference,192,gf_mul,14,3926,0x2bf8b731
18,B-A,2,reference,192,gf_mul,15,3926,0x2bf8b731
18,B-A,2,reference,192,gf_mul,16,3926,0x2bf8b731
18,B-A,2,reference,192,gf_mul,17,3926,0x2bf8b731
18,B-A,2,reference,192,gf_mul,18,3926,0x2bf8b731
18,B-A,2,reference,192,gf_mul,19,3926,0x2bf8b731
18,B-A,2,reference,192,gf_mul,20,3926,0x2bf8b731
18,B-A,2,reference,192,gf_mul,21,3926,0x2bf8b731
18,B-A,2,reference,192,gf_mul,22,3926,0x2bf8b731
18,B-A,2,reference,192,gf_mul,23,3926,0x2bf8b731
18,B-A,2,reference,192,gf_mul,24,3926,0x2bf8b731
18,B-A,2,reference,192,gf_mul,25,3926,0x2bf8b731
18,B-A,2,reference,192,gf_mul,26,3926,0x2bf8b731
18,B-A,2,reference,192,gf_mul,27,3926,0x2bf8b731
18,B-A,2,reference,192,gf_mul,28,3926,0x2bf8b731
18,B-A,2,reference,192,gf_mul,29,3926,0x2bf8b731
18,B-A,2,reference,192,gf_mul,30,3926,0x2bf8b731
18,B-A,2,reference,192,gf_mul,31,3926,0x2bf8b731
18,B-A,2,reference,192,gf_mul,32,3926,0x2bf8b731
18,B-A,2,reference,192,gf_mul,33,3926,0x2bf8b731
18,B-A,2,reference,192,gf_mul,34,3926,0x2bf8b731
18,B-A,2,reference,192,gf_mul,35,3926,0x2bf8b731
18,B-A,2,reference,192,gf_mul,36,3926,0x2bf8b731
18,B-A,2,reference,192,gf_mul,37,3926,0x2bf8b731
18,B-A,2,reference,192,gf_mul,38,3926,0x2bf8b731
18,B-A,2,reference,192,gf_mul,39,3926,0x2bf8b731
18,B-A,2,reference,192,gf_mul,40,3926,0x2bf8b731
18,B-A,2,reference,192,gf_mul,41,3926,0x2bf8b731
18,B-A,2,reference,192,gf_mul,42,3926,0x2bf8b731
18,B-A,2,reference,192,gf_mul,43,3926,0x2bf8b731
18,B-A,2,reference,192,gf_mul,44,3926,0x2bf8b731
18,B-A,2,reference,192,gf_mul,45,3926,0x2bf8b731
18,B-A,2,reference,192,gf_mul,46,3926,0x2bf8b731
18,B-A,2,reference,192,gf_mul,47,3926,0x2bf8b731
18,B-A,2,reference,192,gf_mul,48,3926,0x2bf8b731
18,B-A,2,reference,192,gf_mul,49,3926,0x2bf8b731
18,B-A,2,reference,192,gf_sqr,0,144,0x2bf8b731
18,B-A,2,reference,192,gf_sqr,1,144,0x2bf8b731
18,B-A,2,reference,192,gf_sqr,2,143,0x2bf8b731
18,B-A,2,reference,192,gf_sqr,3,144,0x2bf8b731
18,B-A,2,reference,192,gf_sqr,4,144,0x2bf8b731
18,B-A,2,reference,192,gf_sqr,5,144,0x2bf8b731
18,B-A,2,reference,192,gf_sqr,6,144,0x2bf8b731
18,B-A,2,reference,192,gf_sqr,7,144,0x2bf8b731
18,B-A,2,reference,192,gf_sqr,8,144,0x2bf8b731
18,B-A,2,reference,192,gf_sqr,9,144,0x2bf8b731
18,B-A,2,reference,192,gf_sqr,10,144,0x2bf8b731
18,B-A,2,reference,192,gf_sqr,11,144,0x2bf8b731
18,B-A,2,reference,192,gf_sqr,12,144,0x2bf8b731
18,B-A,2,reference,192,gf_sqr,13,144,0x2bf8b731
18,B-A,2,reference,192,gf_sqr,14,144,0x2bf8b731
18,B-A,2,reference,192,gf_sqr,15,144,0x2bf8b731
18,B-A,2,reference,192,gf_sqr,16,144,0x2bf8b731
18,B-A,2,reference,192,gf_sqr,17,144,0x2bf8b731
18,B-A,2,reference,192,gf_sqr,18,144,0x2bf8b731
18,B-A,2,reference,192,gf_sqr,19,144,0x2bf8b731
18,B-A,2,reference,192,gf_sqr,20,144,0x2bf8b731
18,B-A,2,reference,192,gf_sqr,21,144,0x2bf8b731
18,B-A,2,reference,192,gf_sqr,22,144,0x2bf8b731
18,B-A,2,reference,192,gf_sqr,23,144,0x2bf8b731
18,B-A,2,reference,192,gf_sqr,24,144,0x2bf8b731
18,B-A,2,reference,192,gf_sqr,25,144,0x2bf8b731
18,B-A,2,reference,192,gf_sqr,26,144,0x2bf8b731
18,B-A,2,reference,192,gf_sqr,27,144,0x2bf8b731
18,B-A,2,reference,192,gf_sqr,28,144,0x2bf8b731
18,B-A,2,reference,192,gf_sqr,29,144,0x2bf8b731
18,B-A,2,reference,192,gf_sqr,30,144,0x2bf8b731
18,B-A,2,reference,192,gf_sqr,31,144,0x2bf8b731
18,B-A,2,reference,192,gf_sqr,32,144,0x2bf8b731
18,B-A,2,reference,192,gf_sqr,33,144,0x2bf8b731
18,B-A,2,reference,192,gf_sqr,34,144,0x2bf8b731
18,B-A,2,reference,192,gf_sqr,35,144,0x2bf8b731
18,B-A,2,reference,192,gf_sqr,36,144,0x2bf8b731
18,B-A,2,reference,192,gf_sqr,37,144,0x2bf8b731
18,B-A,2,reference,192,gf_sqr,38,144,0x2bf8b731
18,B-A,2,reference,192,gf_sqr,39,144,0x2bf8b731
18,B-A,2,reference,192,gf_sqr,40,144,0x2bf8b731
18,B-A,2,reference,192,gf_sqr,41,144,0x2bf8b731
18,B-A,2,reference,192,gf_sqr,42,144,0x2bf8b731
18,B-A,2,reference,192,gf_sqr,43,144,0x2bf8b731
18,B-A,2,reference,192,gf_sqr,44,144,0x2bf8b731
18,B-A,2,reference,192,gf_sqr,45,144,0x2bf8b731
18,B-A,2,reference,192,gf_sqr,46,144,0x2bf8b731
18,B-A,2,reference,192,gf_sqr,47,144,0x2bf8b731
18,B-A,2,reference,192,gf_sqr,48,144,0x2bf8b731
18,B-A,2,reference,192,gf_sqr,49,144,0x2bf8b731
18,B-A,1,optimized,256,gf_mul,0,5942,0x283807e5
18,B-A,1,optimized,256,gf_mul,1,5940,0x283807e5
18,B-A,1,optimized,256,gf_mul,2,5941,0x283807e5
18,B-A,1,optimized,256,gf_mul,3,5940,0x283807e5
18,B-A,1,optimized,256,gf_mul,4,5940,0x283807e5
18,B-A,1,optimized,256,gf_mul,5,5940,0x283807e5
18,B-A,1,optimized,256,gf_mul,6,5940,0x283807e5
18,B-A,1,optimized,256,gf_mul,7,5940,0x283807e5
18,B-A,1,optimized,256,gf_mul,8,5940,0x283807e5
18,B-A,1,optimized,256,gf_mul,9,5940,0x283807e5
18,B-A,1,optimized,256,gf_mul,10,5940,0x283807e5
18,B-A,1,optimized,256,gf_mul,11,5940,0x283807e5
18,B-A,1,optimized,256,gf_mul,12,5940,0x283807e5
18,B-A,1,optimized,256,gf_mul,13,5940,0x283807e5
18,B-A,1,optimized,256,gf_mul,14,5940,0x283807e5
18,B-A,1,optimized,256,gf_mul,15,5940,0x283807e5
18,B-A,1,optimized,256,gf_mul,16,5940,0x283807e5
18,B-A,1,optimized,256,gf_mul,17,5940,0x283807e5
18,B-A,1,optimized,256,gf_mul,18,5940,0x283807e5
18,B-A,1,optimized,256,gf_mul,19,5940,0x283807e5
18,B-A,1,optimized,256,gf_mul,20,5940,0x283807e5
18,B-A,1,optimized,256,gf_mul,21,5940,0x283807e5
18,B-A,1,optimized,256,gf_mul,22,5940,0x283807e5
18,B-A,1,optimized,256,gf_mul,23,5940,0x283807e5
18,B-A,1,optimized,256,gf_mul,24,5940,0x283807e5
18,B-A,1,optimized,256,gf_mul,25,5940,0x283807e5
18,B-A,1,optimized,256,gf_mul,26,5940,0x283807e5
18,B-A,1,optimized,256,gf_mul,27,5940,0x283807e5
18,B-A,1,optimized,256,gf_mul,28,5940,0x283807e5
18,B-A,1,optimized,256,gf_mul,29,5940,0x283807e5
18,B-A,1,optimized,256,gf_mul,30,5940,0x283807e5
18,B-A,1,optimized,256,gf_mul,31,5940,0x283807e5
18,B-A,1,optimized,256,gf_mul,32,5940,0x283807e5
18,B-A,1,optimized,256,gf_mul,33,5940,0x283807e5
18,B-A,1,optimized,256,gf_mul,34,5940,0x283807e5
18,B-A,1,optimized,256,gf_mul,35,5940,0x283807e5
18,B-A,1,optimized,256,gf_mul,36,5940,0x283807e5
18,B-A,1,optimized,256,gf_mul,37,5940,0x283807e5
18,B-A,1,optimized,256,gf_mul,38,5940,0x283807e5
18,B-A,1,optimized,256,gf_mul,39,5940,0x283807e5
18,B-A,1,optimized,256,gf_mul,40,5940,0x283807e5
18,B-A,1,optimized,256,gf_mul,41,5940,0x283807e5
18,B-A,1,optimized,256,gf_mul,42,5940,0x283807e5
18,B-A,1,optimized,256,gf_mul,43,5940,0x283807e5
18,B-A,1,optimized,256,gf_mul,44,5940,0x283807e5
18,B-A,1,optimized,256,gf_mul,45,5940,0x283807e5
18,B-A,1,optimized,256,gf_mul,46,5940,0x283807e5
18,B-A,1,optimized,256,gf_mul,47,5940,0x283807e5
18,B-A,1,optimized,256,gf_mul,48,5940,0x283807e5
18,B-A,1,optimized,256,gf_mul,49,5940,0x283807e5
18,B-A,1,optimized,256,gf_sqr,0,202,0x283807e5
18,B-A,1,optimized,256,gf_sqr,1,200,0x283807e5
18,B-A,1,optimized,256,gf_sqr,2,201,0x283807e5
18,B-A,1,optimized,256,gf_sqr,3,200,0x283807e5
18,B-A,1,optimized,256,gf_sqr,4,200,0x283807e5
18,B-A,1,optimized,256,gf_sqr,5,200,0x283807e5
18,B-A,1,optimized,256,gf_sqr,6,200,0x283807e5
18,B-A,1,optimized,256,gf_sqr,7,200,0x283807e5
18,B-A,1,optimized,256,gf_sqr,8,200,0x283807e5
18,B-A,1,optimized,256,gf_sqr,9,200,0x283807e5
18,B-A,1,optimized,256,gf_sqr,10,200,0x283807e5
18,B-A,1,optimized,256,gf_sqr,11,200,0x283807e5
18,B-A,1,optimized,256,gf_sqr,12,200,0x283807e5
18,B-A,1,optimized,256,gf_sqr,13,200,0x283807e5
18,B-A,1,optimized,256,gf_sqr,14,200,0x283807e5
18,B-A,1,optimized,256,gf_sqr,15,200,0x283807e5
18,B-A,1,optimized,256,gf_sqr,16,200,0x283807e5
18,B-A,1,optimized,256,gf_sqr,17,200,0x283807e5
18,B-A,1,optimized,256,gf_sqr,18,200,0x283807e5
18,B-A,1,optimized,256,gf_sqr,19,200,0x283807e5
18,B-A,1,optimized,256,gf_sqr,20,200,0x283807e5
18,B-A,1,optimized,256,gf_sqr,21,200,0x283807e5
18,B-A,1,optimized,256,gf_sqr,22,200,0x283807e5
18,B-A,1,optimized,256,gf_sqr,23,200,0x283807e5
18,B-A,1,optimized,256,gf_sqr,24,200,0x283807e5
18,B-A,1,optimized,256,gf_sqr,25,200,0x283807e5
18,B-A,1,optimized,256,gf_sqr,26,200,0x283807e5
18,B-A,1,optimized,256,gf_sqr,27,200,0x283807e5
18,B-A,1,optimized,256,gf_sqr,28,200,0x283807e5
18,B-A,1,optimized,256,gf_sqr,29,200,0x283807e5
18,B-A,1,optimized,256,gf_sqr,30,200,0x283807e5
18,B-A,1,optimized,256,gf_sqr,31,200,0x283807e5
18,B-A,1,optimized,256,gf_sqr,32,200,0x283807e5
18,B-A,1,optimized,256,gf_sqr,33,200,0x283807e5
18,B-A,1,optimized,256,gf_sqr,34,200,0x283807e5
18,B-A,1,optimized,256,gf_sqr,35,200,0x283807e5
18,B-A,1,optimized,256,gf_sqr,36,200,0x283807e5
18,B-A,1,optimized,256,gf_sqr,37,200,0x283807e5
18,B-A,1,optimized,256,gf_sqr,38,200,0x283807e5
18,B-A,1,optimized,256,gf_sqr,39,200,0x283807e5
18,B-A,1,optimized,256,gf_sqr,40,200,0x283807e5
18,B-A,1,optimized,256,gf_sqr,41,200,0x283807e5
18,B-A,1,optimized,256,gf_sqr,42,200,0x283807e5
18,B-A,1,optimized,256,gf_sqr,43,200,0x283807e5
18,B-A,1,optimized,256,gf_sqr,44,200,0x283807e5
18,B-A,1,optimized,256,gf_sqr,45,200,0x283807e5
18,B-A,1,optimized,256,gf_sqr,46,200,0x283807e5
18,B-A,1,optimized,256,gf_sqr,47,200,0x283807e5
18,B-A,1,optimized,256,gf_sqr,48,200,0x283807e5
18,B-A,1,optimized,256,gf_sqr,49,200,0x283807e5
18,B-A,2,reference,256,gf_mul,0,5933,0x283807e5
18,B-A,2,reference,256,gf_mul,1,5932,0x283807e5
18,B-A,2,reference,256,gf_mul,2,5932,0x283807e5
18,B-A,2,reference,256,gf_mul,3,5931,0x283807e5
18,B-A,2,reference,256,gf_mul,4,5931,0x283807e5
18,B-A,2,reference,256,gf_mul,5,5931,0x283807e5
18,B-A,2,reference,256,gf_mul,6,5931,0x283807e5
18,B-A,2,reference,256,gf_mul,7,5931,0x283807e5
18,B-A,2,reference,256,gf_mul,8,5931,0x283807e5
18,B-A,2,reference,256,gf_mul,9,5931,0x283807e5
18,B-A,2,reference,256,gf_mul,10,5931,0x283807e5
18,B-A,2,reference,256,gf_mul,11,5931,0x283807e5
18,B-A,2,reference,256,gf_mul,12,5931,0x283807e5
18,B-A,2,reference,256,gf_mul,13,5931,0x283807e5
18,B-A,2,reference,256,gf_mul,14,5931,0x283807e5
18,B-A,2,reference,256,gf_mul,15,5931,0x283807e5
18,B-A,2,reference,256,gf_mul,16,5931,0x283807e5
18,B-A,2,reference,256,gf_mul,17,5931,0x283807e5
18,B-A,2,reference,256,gf_mul,18,5931,0x283807e5
18,B-A,2,reference,256,gf_mul,19,5931,0x283807e5
18,B-A,2,reference,256,gf_mul,20,5931,0x283807e5
18,B-A,2,reference,256,gf_mul,21,5931,0x283807e5
18,B-A,2,reference,256,gf_mul,22,5931,0x283807e5
18,B-A,2,reference,256,gf_mul,23,5931,0x283807e5
18,B-A,2,reference,256,gf_mul,24,5931,0x283807e5
18,B-A,2,reference,256,gf_mul,25,5931,0x283807e5
18,B-A,2,reference,256,gf_mul,26,5931,0x283807e5
18,B-A,2,reference,256,gf_mul,27,5931,0x283807e5
18,B-A,2,reference,256,gf_mul,28,5931,0x283807e5
18,B-A,2,reference,256,gf_mul,29,5931,0x283807e5
18,B-A,2,reference,256,gf_mul,30,5931,0x283807e5
18,B-A,2,reference,256,gf_mul,31,5931,0x283807e5
18,B-A,2,reference,256,gf_mul,32,5931,0x283807e5
18,B-A,2,reference,256,gf_mul,33,5931,0x283807e5
18,B-A,2,reference,256,gf_mul,34,5931,0x283807e5
18,B-A,2,reference,256,gf_mul,35,5931,0x283807e5
18,B-A,2,reference,256,gf_mul,36,5931,0x283807e5
18,B-A,2,reference,256,gf_mul,37,5931,0x283807e5
18,B-A,2,reference,256,gf_mul,38,5931,0x283807e5
18,B-A,2,reference,256,gf_mul,39,5931,0x283807e5
18,B-A,2,reference,256,gf_mul,40,5931,0x283807e5
18,B-A,2,reference,256,gf_mul,41,5931,0x283807e5
18,B-A,2,reference,256,gf_mul,42,5931,0x283807e5
18,B-A,2,reference,256,gf_mul,43,5931,0x283807e5
18,B-A,2,reference,256,gf_mul,44,5931,0x283807e5
18,B-A,2,reference,256,gf_mul,45,5931,0x283807e5
18,B-A,2,reference,256,gf_mul,46,5931,0x283807e5
18,B-A,2,reference,256,gf_mul,47,5931,0x283807e5
18,B-A,2,reference,256,gf_mul,48,5931,0x283807e5
18,B-A,2,reference,256,gf_mul,49,5931,0x283807e5
18,B-A,2,reference,256,gf_sqr,0,203,0x283807e5
18,B-A,2,reference,256,gf_sqr,1,202,0x283807e5
18,B-A,2,reference,256,gf_sqr,2,203,0x283807e5
18,B-A,2,reference,256,gf_sqr,3,202,0x283807e5
18,B-A,2,reference,256,gf_sqr,4,202,0x283807e5
18,B-A,2,reference,256,gf_sqr,5,202,0x283807e5
18,B-A,2,reference,256,gf_sqr,6,202,0x283807e5
18,B-A,2,reference,256,gf_sqr,7,202,0x283807e5
18,B-A,2,reference,256,gf_sqr,8,202,0x283807e5
18,B-A,2,reference,256,gf_sqr,9,202,0x283807e5
18,B-A,2,reference,256,gf_sqr,10,202,0x283807e5
18,B-A,2,reference,256,gf_sqr,11,202,0x283807e5
18,B-A,2,reference,256,gf_sqr,12,202,0x283807e5
18,B-A,2,reference,256,gf_sqr,13,202,0x283807e5
18,B-A,2,reference,256,gf_sqr,14,202,0x283807e5
18,B-A,2,reference,256,gf_sqr,15,202,0x283807e5
18,B-A,2,reference,256,gf_sqr,16,202,0x283807e5
18,B-A,2,reference,256,gf_sqr,17,202,0x283807e5
18,B-A,2,reference,256,gf_sqr,18,202,0x283807e5
18,B-A,2,reference,256,gf_sqr,19,202,0x283807e5
18,B-A,2,reference,256,gf_sqr,20,202,0x283807e5
18,B-A,2,reference,256,gf_sqr,21,202,0x283807e5
18,B-A,2,reference,256,gf_sqr,22,202,0x283807e5
18,B-A,2,reference,256,gf_sqr,23,202,0x283807e5
18,B-A,2,reference,256,gf_sqr,24,202,0x283807e5
18,B-A,2,reference,256,gf_sqr,25,202,0x283807e5
18,B-A,2,reference,256,gf_sqr,26,202,0x283807e5
18,B-A,2,reference,256,gf_sqr,27,202,0x283807e5
18,B-A,2,reference,256,gf_sqr,28,202,0x283807e5
18,B-A,2,reference,256,gf_sqr,29,202,0x283807e5
18,B-A,2,reference,256,gf_sqr,30,202,0x283807e5
18,B-A,2,reference,256,gf_sqr,31,202,0x283807e5
18,B-A,2,reference,256,gf_sqr,32,202,0x283807e5
18,B-A,2,reference,256,gf_sqr,33,202,0x283807e5
18,B-A,2,reference,256,gf_sqr,34,202,0x283807e5
18,B-A,2,reference,256,gf_sqr,35,202,0x283807e5
18,B-A,2,reference,256,gf_sqr,36,202,0x283807e5
18,B-A,2,reference,256,gf_sqr,37,202,0x283807e5
18,B-A,2,reference,256,gf_sqr,38,202,0x283807e5
18,B-A,2,reference,256,gf_sqr,39,202,0x283807e5
18,B-A,2,reference,256,gf_sqr,40,202,0x283807e5
18,B-A,2,reference,256,gf_sqr,41,202,0x283807e5
18,B-A,2,reference,256,gf_sqr,42,202,0x283807e5
18,B-A,2,reference,256,gf_sqr,43,202,0x283807e5
18,B-A,2,reference,256,gf_sqr,44,202,0x283807e5
18,B-A,2,reference,256,gf_sqr,45,202,0x283807e5
18,B-A,2,reference,256,gf_sqr,46,202,0x283807e5
18,B-A,2,reference,256,gf_sqr,47,202,0x283807e5
18,B-A,2,reference,256,gf_sqr,48,202,0x283807e5
18,B-A,2,reference,256,gf_sqr,49,202,0x283807e5
19,A-B,1,reference,128,gf_mul,0,1969,0x54cada71
19,A-B,1,reference,128,gf_mul,1,1965,0x54cada71
19,A-B,1,reference,128,gf_mul,2,1965,0x54cada71
19,A-B,1,reference,128,gf_mul,3,1964,0x54cada71
19,A-B,1,reference,128,gf_mul,4,1964,0x54cada71
19,A-B,1,reference,128,gf_mul,5,1964,0x54cada71
19,A-B,1,reference,128,gf_mul,6,1964,0x54cada71
19,A-B,1,reference,128,gf_mul,7,1964,0x54cada71
19,A-B,1,reference,128,gf_mul,8,1964,0x54cada71
19,A-B,1,reference,128,gf_mul,9,1964,0x54cada71
19,A-B,1,reference,128,gf_mul,10,1964,0x54cada71
19,A-B,1,reference,128,gf_mul,11,1964,0x54cada71
19,A-B,1,reference,128,gf_mul,12,1964,0x54cada71
19,A-B,1,reference,128,gf_mul,13,1964,0x54cada71
19,A-B,1,reference,128,gf_mul,14,1964,0x54cada71
19,A-B,1,reference,128,gf_mul,15,1964,0x54cada71
19,A-B,1,reference,128,gf_mul,16,1964,0x54cada71
19,A-B,1,reference,128,gf_mul,17,1964,0x54cada71
19,A-B,1,reference,128,gf_mul,18,1964,0x54cada71
19,A-B,1,reference,128,gf_mul,19,1964,0x54cada71
19,A-B,1,reference,128,gf_mul,20,1964,0x54cada71
19,A-B,1,reference,128,gf_mul,21,1964,0x54cada71
19,A-B,1,reference,128,gf_mul,22,1964,0x54cada71
19,A-B,1,reference,128,gf_mul,23,1964,0x54cada71
19,A-B,1,reference,128,gf_mul,24,1964,0x54cada71
19,A-B,1,reference,128,gf_mul,25,1964,0x54cada71
19,A-B,1,reference,128,gf_mul,26,1964,0x54cada71
19,A-B,1,reference,128,gf_mul,27,1964,0x54cada71
19,A-B,1,reference,128,gf_mul,28,1964,0x54cada71
19,A-B,1,reference,128,gf_mul,29,1964,0x54cada71
19,A-B,1,reference,128,gf_mul,30,1964,0x54cada71
19,A-B,1,reference,128,gf_mul,31,1964,0x54cada71
19,A-B,1,reference,128,gf_mul,32,1964,0x54cada71
19,A-B,1,reference,128,gf_mul,33,1964,0x54cada71
19,A-B,1,reference,128,gf_mul,34,1964,0x54cada71
19,A-B,1,reference,128,gf_mul,35,1964,0x54cada71
19,A-B,1,reference,128,gf_mul,36,1964,0x54cada71
19,A-B,1,reference,128,gf_mul,37,1964,0x54cada71
19,A-B,1,reference,128,gf_mul,38,1964,0x54cada71
19,A-B,1,reference,128,gf_mul,39,1964,0x54cada71
19,A-B,1,reference,128,gf_mul,40,1964,0x54cada71
19,A-B,1,reference,128,gf_mul,41,1964,0x54cada71
19,A-B,1,reference,128,gf_mul,42,1964,0x54cada71
19,A-B,1,reference,128,gf_mul,43,1964,0x54cada71
19,A-B,1,reference,128,gf_mul,44,1964,0x54cada71
19,A-B,1,reference,128,gf_mul,45,1964,0x54cada71
19,A-B,1,reference,128,gf_mul,46,1964,0x54cada71
19,A-B,1,reference,128,gf_mul,47,1964,0x54cada71
19,A-B,1,reference,128,gf_mul,48,1964,0x54cada71
19,A-B,1,reference,128,gf_mul,49,1964,0x54cada71
19,A-B,1,reference,128,gf_sqr,0,107,0x54cada71
19,A-B,1,reference,128,gf_sqr,1,103,0x54cada71
19,A-B,1,reference,128,gf_sqr,2,103,0x54cada71
19,A-B,1,reference,128,gf_sqr,3,102,0x54cada71
19,A-B,1,reference,128,gf_sqr,4,102,0x54cada71
19,A-B,1,reference,128,gf_sqr,5,102,0x54cada71
19,A-B,1,reference,128,gf_sqr,6,102,0x54cada71
19,A-B,1,reference,128,gf_sqr,7,102,0x54cada71
19,A-B,1,reference,128,gf_sqr,8,102,0x54cada71
19,A-B,1,reference,128,gf_sqr,9,102,0x54cada71
19,A-B,1,reference,128,gf_sqr,10,102,0x54cada71
19,A-B,1,reference,128,gf_sqr,11,102,0x54cada71
19,A-B,1,reference,128,gf_sqr,12,102,0x54cada71
19,A-B,1,reference,128,gf_sqr,13,102,0x54cada71
19,A-B,1,reference,128,gf_sqr,14,102,0x54cada71
19,A-B,1,reference,128,gf_sqr,15,102,0x54cada71
19,A-B,1,reference,128,gf_sqr,16,102,0x54cada71
19,A-B,1,reference,128,gf_sqr,17,102,0x54cada71
19,A-B,1,reference,128,gf_sqr,18,102,0x54cada71
19,A-B,1,reference,128,gf_sqr,19,102,0x54cada71
19,A-B,1,reference,128,gf_sqr,20,102,0x54cada71
19,A-B,1,reference,128,gf_sqr,21,102,0x54cada71
19,A-B,1,reference,128,gf_sqr,22,102,0x54cada71
19,A-B,1,reference,128,gf_sqr,23,102,0x54cada71
19,A-B,1,reference,128,gf_sqr,24,102,0x54cada71
19,A-B,1,reference,128,gf_sqr,25,102,0x54cada71
19,A-B,1,reference,128,gf_sqr,26,102,0x54cada71
19,A-B,1,reference,128,gf_sqr,27,102,0x54cada71
19,A-B,1,reference,128,gf_sqr,28,102,0x54cada71
19,A-B,1,reference,128,gf_sqr,29,102,0x54cada71
19,A-B,1,reference,128,gf_sqr,30,102,0x54cada71
19,A-B,1,reference,128,gf_sqr,31,102,0x54cada71
19,A-B,1,reference,128,gf_sqr,32,102,0x54cada71
19,A-B,1,reference,128,gf_sqr,33,102,0x54cada71
19,A-B,1,reference,128,gf_sqr,34,102,0x54cada71
19,A-B,1,reference,128,gf_sqr,35,102,0x54cada71
19,A-B,1,reference,128,gf_sqr,36,102,0x54cada71
19,A-B,1,reference,128,gf_sqr,37,102,0x54cada71
19,A-B,1,reference,128,gf_sqr,38,102,0x54cada71
19,A-B,1,reference,128,gf_sqr,39,102,0x54cada71
19,A-B,1,reference,128,gf_sqr,40,102,0x54cada71
19,A-B,1,reference,128,gf_sqr,41,102,0x54cada71
19,A-B,1,reference,128,gf_sqr,42,102,0x54cada71
19,A-B,1,reference,128,gf_sqr,43,102,0x54cada71
19,A-B,1,reference,128,gf_sqr,44,102,0x54cada71
19,A-B,1,reference,128,gf_sqr,45,102,0x54cada71
19,A-B,1,reference,128,gf_sqr,46,102,0x54cada71
19,A-B,1,reference,128,gf_sqr,47,102,0x54cada71
19,A-B,1,reference,128,gf_sqr,48,102,0x54cada71
19,A-B,1,reference,128,gf_sqr,49,102,0x54cada71
19,A-B,2,optimized,128,gf_mul,0,1969,0x54cada71
19,A-B,2,optimized,128,gf_mul,1,1968,0x54cada71
19,A-B,2,optimized,128,gf_mul,2,1968,0x54cada71
19,A-B,2,optimized,128,gf_mul,3,1967,0x54cada71
19,A-B,2,optimized,128,gf_mul,4,1967,0x54cada71
19,A-B,2,optimized,128,gf_mul,5,1967,0x54cada71
19,A-B,2,optimized,128,gf_mul,6,1967,0x54cada71
19,A-B,2,optimized,128,gf_mul,7,1967,0x54cada71
19,A-B,2,optimized,128,gf_mul,8,1967,0x54cada71
19,A-B,2,optimized,128,gf_mul,9,1967,0x54cada71
19,A-B,2,optimized,128,gf_mul,10,1967,0x54cada71
19,A-B,2,optimized,128,gf_mul,11,1967,0x54cada71
19,A-B,2,optimized,128,gf_mul,12,1967,0x54cada71
19,A-B,2,optimized,128,gf_mul,13,1967,0x54cada71
19,A-B,2,optimized,128,gf_mul,14,1967,0x54cada71
19,A-B,2,optimized,128,gf_mul,15,1967,0x54cada71
19,A-B,2,optimized,128,gf_mul,16,1967,0x54cada71
19,A-B,2,optimized,128,gf_mul,17,1967,0x54cada71
19,A-B,2,optimized,128,gf_mul,18,1967,0x54cada71
19,A-B,2,optimized,128,gf_mul,19,1967,0x54cada71
19,A-B,2,optimized,128,gf_mul,20,1967,0x54cada71
19,A-B,2,optimized,128,gf_mul,21,1967,0x54cada71
19,A-B,2,optimized,128,gf_mul,22,1967,0x54cada71
19,A-B,2,optimized,128,gf_mul,23,1967,0x54cada71
19,A-B,2,optimized,128,gf_mul,24,1967,0x54cada71
19,A-B,2,optimized,128,gf_mul,25,1967,0x54cada71
19,A-B,2,optimized,128,gf_mul,26,1967,0x54cada71
19,A-B,2,optimized,128,gf_mul,27,1967,0x54cada71
19,A-B,2,optimized,128,gf_mul,28,1967,0x54cada71
19,A-B,2,optimized,128,gf_mul,29,1967,0x54cada71
19,A-B,2,optimized,128,gf_mul,30,1967,0x54cada71
19,A-B,2,optimized,128,gf_mul,31,1967,0x54cada71
19,A-B,2,optimized,128,gf_mul,32,1967,0x54cada71
19,A-B,2,optimized,128,gf_mul,33,1967,0x54cada71
19,A-B,2,optimized,128,gf_mul,34,1967,0x54cada71
19,A-B,2,optimized,128,gf_mul,35,1967,0x54cada71
19,A-B,2,optimized,128,gf_mul,36,1967,0x54cada71
19,A-B,2,optimized,128,gf_mul,37,1967,0x54cada71
19,A-B,2,optimized,128,gf_mul,38,1967,0x54cada71
19,A-B,2,optimized,128,gf_mul,39,1967,0x54cada71
19,A-B,2,optimized,128,gf_mul,40,1967,0x54cada71
19,A-B,2,optimized,128,gf_mul,41,1967,0x54cada71
19,A-B,2,optimized,128,gf_mul,42,1967,0x54cada71
19,A-B,2,optimized,128,gf_mul,43,1967,0x54cada71
19,A-B,2,optimized,128,gf_mul,44,1967,0x54cada71
19,A-B,2,optimized,128,gf_mul,45,1967,0x54cada71
19,A-B,2,optimized,128,gf_mul,46,1967,0x54cada71
19,A-B,2,optimized,128,gf_mul,47,1967,0x54cada71
19,A-B,2,optimized,128,gf_mul,48,1967,0x54cada71
19,A-B,2,optimized,128,gf_mul,49,1967,0x54cada71
19,A-B,2,optimized,128,gf_sqr,0,107,0x54cada71
19,A-B,2,optimized,128,gf_sqr,1,107,0x54cada71
19,A-B,2,optimized,128,gf_sqr,2,107,0x54cada71
19,A-B,2,optimized,128,gf_sqr,3,106,0x54cada71
19,A-B,2,optimized,128,gf_sqr,4,106,0x54cada71
19,A-B,2,optimized,128,gf_sqr,5,106,0x54cada71
19,A-B,2,optimized,128,gf_sqr,6,106,0x54cada71
19,A-B,2,optimized,128,gf_sqr,7,106,0x54cada71
19,A-B,2,optimized,128,gf_sqr,8,106,0x54cada71
19,A-B,2,optimized,128,gf_sqr,9,106,0x54cada71
19,A-B,2,optimized,128,gf_sqr,10,106,0x54cada71
19,A-B,2,optimized,128,gf_sqr,11,106,0x54cada71
19,A-B,2,optimized,128,gf_sqr,12,106,0x54cada71
19,A-B,2,optimized,128,gf_sqr,13,106,0x54cada71
19,A-B,2,optimized,128,gf_sqr,14,106,0x54cada71
19,A-B,2,optimized,128,gf_sqr,15,106,0x54cada71
19,A-B,2,optimized,128,gf_sqr,16,106,0x54cada71
19,A-B,2,optimized,128,gf_sqr,17,106,0x54cada71
19,A-B,2,optimized,128,gf_sqr,18,106,0x54cada71
19,A-B,2,optimized,128,gf_sqr,19,106,0x54cada71
19,A-B,2,optimized,128,gf_sqr,20,106,0x54cada71
19,A-B,2,optimized,128,gf_sqr,21,106,0x54cada71
19,A-B,2,optimized,128,gf_sqr,22,106,0x54cada71
19,A-B,2,optimized,128,gf_sqr,23,106,0x54cada71
19,A-B,2,optimized,128,gf_sqr,24,106,0x54cada71
19,A-B,2,optimized,128,gf_sqr,25,106,0x54cada71
19,A-B,2,optimized,128,gf_sqr,26,106,0x54cada71
19,A-B,2,optimized,128,gf_sqr,27,106,0x54cada71
19,A-B,2,optimized,128,gf_sqr,28,106,0x54cada71
19,A-B,2,optimized,128,gf_sqr,29,106,0x54cada71
19,A-B,2,optimized,128,gf_sqr,30,106,0x54cada71
19,A-B,2,optimized,128,gf_sqr,31,106,0x54cada71
19,A-B,2,optimized,128,gf_sqr,32,106,0x54cada71
19,A-B,2,optimized,128,gf_sqr,33,106,0x54cada71
19,A-B,2,optimized,128,gf_sqr,34,106,0x54cada71
19,A-B,2,optimized,128,gf_sqr,35,106,0x54cada71
19,A-B,2,optimized,128,gf_sqr,36,106,0x54cada71
19,A-B,2,optimized,128,gf_sqr,37,106,0x54cada71
19,A-B,2,optimized,128,gf_sqr,38,106,0x54cada71
19,A-B,2,optimized,128,gf_sqr,39,106,0x54cada71
19,A-B,2,optimized,128,gf_sqr,40,106,0x54cada71
19,A-B,2,optimized,128,gf_sqr,41,106,0x54cada71
19,A-B,2,optimized,128,gf_sqr,42,106,0x54cada71
19,A-B,2,optimized,128,gf_sqr,43,106,0x54cada71
19,A-B,2,optimized,128,gf_sqr,44,106,0x54cada71
19,A-B,2,optimized,128,gf_sqr,45,106,0x54cada71
19,A-B,2,optimized,128,gf_sqr,46,106,0x54cada71
19,A-B,2,optimized,128,gf_sqr,47,106,0x54cada71
19,A-B,2,optimized,128,gf_sqr,48,106,0x54cada71
19,A-B,2,optimized,128,gf_sqr,49,106,0x54cada71
19,A-B,1,reference,192,gf_mul,0,3927,0x2bf8b731
19,A-B,1,reference,192,gf_mul,1,3927,0x2bf8b731
19,A-B,1,reference,192,gf_mul,2,3927,0x2bf8b731
19,A-B,1,reference,192,gf_mul,3,3926,0x2bf8b731
19,A-B,1,reference,192,gf_mul,4,3926,0x2bf8b731
19,A-B,1,reference,192,gf_mul,5,3926,0x2bf8b731
19,A-B,1,reference,192,gf_mul,6,3926,0x2bf8b731
19,A-B,1,reference,192,gf_mul,7,3926,0x2bf8b731
19,A-B,1,reference,192,gf_mul,8,3926,0x2bf8b731
19,A-B,1,reference,192,gf_mul,9,3926,0x2bf8b731
19,A-B,1,reference,192,gf_mul,10,3926,0x2bf8b731
19,A-B,1,reference,192,gf_mul,11,3926,0x2bf8b731
19,A-B,1,reference,192,gf_mul,12,3926,0x2bf8b731
19,A-B,1,reference,192,gf_mul,13,3926,0x2bf8b731
19,A-B,1,reference,192,gf_mul,14,3926,0x2bf8b731
19,A-B,1,reference,192,gf_mul,15,3926,0x2bf8b731
19,A-B,1,reference,192,gf_mul,16,3926,0x2bf8b731
19,A-B,1,reference,192,gf_mul,17,3926,0x2bf8b731
19,A-B,1,reference,192,gf_mul,18,3926,0x2bf8b731
19,A-B,1,reference,192,gf_mul,19,3926,0x2bf8b731
19,A-B,1,reference,192,gf_mul,20,3926,0x2bf8b731
19,A-B,1,reference,192,gf_mul,21,3926,0x2bf8b731
19,A-B,1,reference,192,gf_mul,22,3926,0x2bf8b731
19,A-B,1,reference,192,gf_mul,23,3926,0x2bf8b731
19,A-B,1,reference,192,gf_mul,24,3926,0x2bf8b731
19,A-B,1,reference,192,gf_mul,25,3926,0x2bf8b731
19,A-B,1,reference,192,gf_mul,26,3926,0x2bf8b731
19,A-B,1,reference,192,gf_mul,27,3926,0x2bf8b731
19,A-B,1,reference,192,gf_mul,28,3926,0x2bf8b731
19,A-B,1,reference,192,gf_mul,29,3926,0x2bf8b731
19,A-B,1,reference,192,gf_mul,30,3926,0x2bf8b731
19,A-B,1,reference,192,gf_mul,31,3926,0x2bf8b731
19,A-B,1,reference,192,gf_mul,32,3926,0x2bf8b731
19,A-B,1,reference,192,gf_mul,33,3926,0x2bf8b731
19,A-B,1,reference,192,gf_mul,34,3926,0x2bf8b731
19,A-B,1,reference,192,gf_mul,35,3926,0x2bf8b731
19,A-B,1,reference,192,gf_mul,36,3926,0x2bf8b731
19,A-B,1,reference,192,gf_mul,37,3926,0x2bf8b731
19,A-B,1,reference,192,gf_mul,38,3926,0x2bf8b731
19,A-B,1,reference,192,gf_mul,39,3926,0x2bf8b731
19,A-B,1,reference,192,gf_mul,40,3926,0x2bf8b731
19,A-B,1,reference,192,gf_mul,41,3926,0x2bf8b731
19,A-B,1,reference,192,gf_mul,42,3926,0x2bf8b731
19,A-B,1,reference,192,gf_mul,43,3926,0x2bf8b731
19,A-B,1,reference,192,gf_mul,44,3926,0x2bf8b731
19,A-B,1,reference,192,gf_mul,45,3926,0x2bf8b731
19,A-B,1,reference,192,gf_mul,46,3926,0x2bf8b731
19,A-B,1,reference,192,gf_mul,47,3926,0x2bf8b731
19,A-B,1,reference,192,gf_mul,48,3926,0x2bf8b731
19,A-B,1,reference,192,gf_mul,49,3926,0x2bf8b731
19,A-B,1,reference,192,gf_sqr,0,144,0x2bf8b731
19,A-B,1,reference,192,gf_sqr,1,144,0x2bf8b731
19,A-B,1,reference,192,gf_sqr,2,143,0x2bf8b731
19,A-B,1,reference,192,gf_sqr,3,144,0x2bf8b731
19,A-B,1,reference,192,gf_sqr,4,144,0x2bf8b731
19,A-B,1,reference,192,gf_sqr,5,144,0x2bf8b731
19,A-B,1,reference,192,gf_sqr,6,144,0x2bf8b731
19,A-B,1,reference,192,gf_sqr,7,144,0x2bf8b731
19,A-B,1,reference,192,gf_sqr,8,144,0x2bf8b731
19,A-B,1,reference,192,gf_sqr,9,144,0x2bf8b731
19,A-B,1,reference,192,gf_sqr,10,144,0x2bf8b731
19,A-B,1,reference,192,gf_sqr,11,144,0x2bf8b731
19,A-B,1,reference,192,gf_sqr,12,144,0x2bf8b731
19,A-B,1,reference,192,gf_sqr,13,144,0x2bf8b731
19,A-B,1,reference,192,gf_sqr,14,144,0x2bf8b731
19,A-B,1,reference,192,gf_sqr,15,144,0x2bf8b731
19,A-B,1,reference,192,gf_sqr,16,144,0x2bf8b731
19,A-B,1,reference,192,gf_sqr,17,144,0x2bf8b731
19,A-B,1,reference,192,gf_sqr,18,144,0x2bf8b731
19,A-B,1,reference,192,gf_sqr,19,144,0x2bf8b731
19,A-B,1,reference,192,gf_sqr,20,144,0x2bf8b731
19,A-B,1,reference,192,gf_sqr,21,144,0x2bf8b731
19,A-B,1,reference,192,gf_sqr,22,144,0x2bf8b731
19,A-B,1,reference,192,gf_sqr,23,144,0x2bf8b731
19,A-B,1,reference,192,gf_sqr,24,144,0x2bf8b731
19,A-B,1,reference,192,gf_sqr,25,144,0x2bf8b731
19,A-B,1,reference,192,gf_sqr,26,144,0x2bf8b731
19,A-B,1,reference,192,gf_sqr,27,144,0x2bf8b731
19,A-B,1,reference,192,gf_sqr,28,144,0x2bf8b731
19,A-B,1,reference,192,gf_sqr,29,144,0x2bf8b731
19,A-B,1,reference,192,gf_sqr,30,144,0x2bf8b731
19,A-B,1,reference,192,gf_sqr,31,144,0x2bf8b731
19,A-B,1,reference,192,gf_sqr,32,144,0x2bf8b731
19,A-B,1,reference,192,gf_sqr,33,144,0x2bf8b731
19,A-B,1,reference,192,gf_sqr,34,144,0x2bf8b731
19,A-B,1,reference,192,gf_sqr,35,144,0x2bf8b731
19,A-B,1,reference,192,gf_sqr,36,144,0x2bf8b731
19,A-B,1,reference,192,gf_sqr,37,144,0x2bf8b731
19,A-B,1,reference,192,gf_sqr,38,144,0x2bf8b731
19,A-B,1,reference,192,gf_sqr,39,144,0x2bf8b731
19,A-B,1,reference,192,gf_sqr,40,144,0x2bf8b731
19,A-B,1,reference,192,gf_sqr,41,144,0x2bf8b731
19,A-B,1,reference,192,gf_sqr,42,144,0x2bf8b731
19,A-B,1,reference,192,gf_sqr,43,144,0x2bf8b731
19,A-B,1,reference,192,gf_sqr,44,144,0x2bf8b731
19,A-B,1,reference,192,gf_sqr,45,144,0x2bf8b731
19,A-B,1,reference,192,gf_sqr,46,144,0x2bf8b731
19,A-B,1,reference,192,gf_sqr,47,144,0x2bf8b731
19,A-B,1,reference,192,gf_sqr,48,144,0x2bf8b731
19,A-B,1,reference,192,gf_sqr,49,144,0x2bf8b731
19,A-B,2,optimized,192,gf_mul,0,3927,0x2bf8b731
19,A-B,2,optimized,192,gf_mul,1,3927,0x2bf8b731
19,A-B,2,optimized,192,gf_mul,2,3927,0x2bf8b731
19,A-B,2,optimized,192,gf_mul,3,3926,0x2bf8b731
19,A-B,2,optimized,192,gf_mul,4,3926,0x2bf8b731
19,A-B,2,optimized,192,gf_mul,5,3926,0x2bf8b731
19,A-B,2,optimized,192,gf_mul,6,3926,0x2bf8b731
19,A-B,2,optimized,192,gf_mul,7,3926,0x2bf8b731
19,A-B,2,optimized,192,gf_mul,8,3926,0x2bf8b731
19,A-B,2,optimized,192,gf_mul,9,3926,0x2bf8b731
19,A-B,2,optimized,192,gf_mul,10,3926,0x2bf8b731
19,A-B,2,optimized,192,gf_mul,11,3926,0x2bf8b731
19,A-B,2,optimized,192,gf_mul,12,3926,0x2bf8b731
19,A-B,2,optimized,192,gf_mul,13,3926,0x2bf8b731
19,A-B,2,optimized,192,gf_mul,14,3926,0x2bf8b731
19,A-B,2,optimized,192,gf_mul,15,3926,0x2bf8b731
19,A-B,2,optimized,192,gf_mul,16,3926,0x2bf8b731
19,A-B,2,optimized,192,gf_mul,17,3926,0x2bf8b731
19,A-B,2,optimized,192,gf_mul,18,3926,0x2bf8b731
19,A-B,2,optimized,192,gf_mul,19,3926,0x2bf8b731
19,A-B,2,optimized,192,gf_mul,20,3926,0x2bf8b731
19,A-B,2,optimized,192,gf_mul,21,3926,0x2bf8b731
19,A-B,2,optimized,192,gf_mul,22,3926,0x2bf8b731
19,A-B,2,optimized,192,gf_mul,23,3926,0x2bf8b731
19,A-B,2,optimized,192,gf_mul,24,3926,0x2bf8b731
19,A-B,2,optimized,192,gf_mul,25,3926,0x2bf8b731
19,A-B,2,optimized,192,gf_mul,26,3926,0x2bf8b731
19,A-B,2,optimized,192,gf_mul,27,3926,0x2bf8b731
19,A-B,2,optimized,192,gf_mul,28,3926,0x2bf8b731
19,A-B,2,optimized,192,gf_mul,29,3926,0x2bf8b731
19,A-B,2,optimized,192,gf_mul,30,3926,0x2bf8b731
19,A-B,2,optimized,192,gf_mul,31,3926,0x2bf8b731
19,A-B,2,optimized,192,gf_mul,32,3926,0x2bf8b731
19,A-B,2,optimized,192,gf_mul,33,3926,0x2bf8b731
19,A-B,2,optimized,192,gf_mul,34,3926,0x2bf8b731
19,A-B,2,optimized,192,gf_mul,35,3926,0x2bf8b731
19,A-B,2,optimized,192,gf_mul,36,3926,0x2bf8b731
19,A-B,2,optimized,192,gf_mul,37,3926,0x2bf8b731
19,A-B,2,optimized,192,gf_mul,38,3926,0x2bf8b731
19,A-B,2,optimized,192,gf_mul,39,3926,0x2bf8b731
19,A-B,2,optimized,192,gf_mul,40,3926,0x2bf8b731
19,A-B,2,optimized,192,gf_mul,41,3926,0x2bf8b731
19,A-B,2,optimized,192,gf_mul,42,3926,0x2bf8b731
19,A-B,2,optimized,192,gf_mul,43,3926,0x2bf8b731
19,A-B,2,optimized,192,gf_mul,44,3926,0x2bf8b731
19,A-B,2,optimized,192,gf_mul,45,3926,0x2bf8b731
19,A-B,2,optimized,192,gf_mul,46,3926,0x2bf8b731
19,A-B,2,optimized,192,gf_mul,47,3926,0x2bf8b731
19,A-B,2,optimized,192,gf_mul,48,3926,0x2bf8b731
19,A-B,2,optimized,192,gf_mul,49,3926,0x2bf8b731
19,A-B,2,optimized,192,gf_sqr,0,144,0x2bf8b731
19,A-B,2,optimized,192,gf_sqr,1,144,0x2bf8b731
19,A-B,2,optimized,192,gf_sqr,2,143,0x2bf8b731
19,A-B,2,optimized,192,gf_sqr,3,144,0x2bf8b731
19,A-B,2,optimized,192,gf_sqr,4,144,0x2bf8b731
19,A-B,2,optimized,192,gf_sqr,5,144,0x2bf8b731
19,A-B,2,optimized,192,gf_sqr,6,144,0x2bf8b731
19,A-B,2,optimized,192,gf_sqr,7,144,0x2bf8b731
19,A-B,2,optimized,192,gf_sqr,8,144,0x2bf8b731
19,A-B,2,optimized,192,gf_sqr,9,144,0x2bf8b731
19,A-B,2,optimized,192,gf_sqr,10,144,0x2bf8b731
19,A-B,2,optimized,192,gf_sqr,11,144,0x2bf8b731
19,A-B,2,optimized,192,gf_sqr,12,144,0x2bf8b731
19,A-B,2,optimized,192,gf_sqr,13,144,0x2bf8b731
19,A-B,2,optimized,192,gf_sqr,14,144,0x2bf8b731
19,A-B,2,optimized,192,gf_sqr,15,144,0x2bf8b731
19,A-B,2,optimized,192,gf_sqr,16,144,0x2bf8b731
19,A-B,2,optimized,192,gf_sqr,17,144,0x2bf8b731
19,A-B,2,optimized,192,gf_sqr,18,144,0x2bf8b731
19,A-B,2,optimized,192,gf_sqr,19,144,0x2bf8b731
19,A-B,2,optimized,192,gf_sqr,20,144,0x2bf8b731
19,A-B,2,optimized,192,gf_sqr,21,144,0x2bf8b731
19,A-B,2,optimized,192,gf_sqr,22,144,0x2bf8b731
19,A-B,2,optimized,192,gf_sqr,23,144,0x2bf8b731
19,A-B,2,optimized,192,gf_sqr,24,144,0x2bf8b731
19,A-B,2,optimized,192,gf_sqr,25,144,0x2bf8b731
19,A-B,2,optimized,192,gf_sqr,26,144,0x2bf8b731
19,A-B,2,optimized,192,gf_sqr,27,144,0x2bf8b731
19,A-B,2,optimized,192,gf_sqr,28,144,0x2bf8b731
19,A-B,2,optimized,192,gf_sqr,29,144,0x2bf8b731
19,A-B,2,optimized,192,gf_sqr,30,144,0x2bf8b731
19,A-B,2,optimized,192,gf_sqr,31,144,0x2bf8b731
19,A-B,2,optimized,192,gf_sqr,32,144,0x2bf8b731
19,A-B,2,optimized,192,gf_sqr,33,144,0x2bf8b731
19,A-B,2,optimized,192,gf_sqr,34,144,0x2bf8b731
19,A-B,2,optimized,192,gf_sqr,35,144,0x2bf8b731
19,A-B,2,optimized,192,gf_sqr,36,144,0x2bf8b731
19,A-B,2,optimized,192,gf_sqr,37,144,0x2bf8b731
19,A-B,2,optimized,192,gf_sqr,38,144,0x2bf8b731
19,A-B,2,optimized,192,gf_sqr,39,144,0x2bf8b731
19,A-B,2,optimized,192,gf_sqr,40,144,0x2bf8b731
19,A-B,2,optimized,192,gf_sqr,41,144,0x2bf8b731
19,A-B,2,optimized,192,gf_sqr,42,144,0x2bf8b731
19,A-B,2,optimized,192,gf_sqr,43,144,0x2bf8b731
19,A-B,2,optimized,192,gf_sqr,44,144,0x2bf8b731
19,A-B,2,optimized,192,gf_sqr,45,144,0x2bf8b731
19,A-B,2,optimized,192,gf_sqr,46,144,0x2bf8b731
19,A-B,2,optimized,192,gf_sqr,47,144,0x2bf8b731
19,A-B,2,optimized,192,gf_sqr,48,144,0x2bf8b731
19,A-B,2,optimized,192,gf_sqr,49,144,0x2bf8b731
19,A-B,1,reference,256,gf_mul,0,5933,0x283807e5
19,A-B,1,reference,256,gf_mul,1,5932,0x283807e5
19,A-B,1,reference,256,gf_mul,2,5932,0x283807e5
19,A-B,1,reference,256,gf_mul,3,5931,0x283807e5
19,A-B,1,reference,256,gf_mul,4,5931,0x283807e5
19,A-B,1,reference,256,gf_mul,5,5931,0x283807e5
19,A-B,1,reference,256,gf_mul,6,5931,0x283807e5
19,A-B,1,reference,256,gf_mul,7,5931,0x283807e5
19,A-B,1,reference,256,gf_mul,8,5931,0x283807e5
19,A-B,1,reference,256,gf_mul,9,5931,0x283807e5
19,A-B,1,reference,256,gf_mul,10,5931,0x283807e5
19,A-B,1,reference,256,gf_mul,11,5931,0x283807e5
19,A-B,1,reference,256,gf_mul,12,5931,0x283807e5
19,A-B,1,reference,256,gf_mul,13,5931,0x283807e5
19,A-B,1,reference,256,gf_mul,14,5931,0x283807e5
19,A-B,1,reference,256,gf_mul,15,5931,0x283807e5
19,A-B,1,reference,256,gf_mul,16,5931,0x283807e5
19,A-B,1,reference,256,gf_mul,17,5931,0x283807e5
19,A-B,1,reference,256,gf_mul,18,5931,0x283807e5
19,A-B,1,reference,256,gf_mul,19,5931,0x283807e5
19,A-B,1,reference,256,gf_mul,20,5931,0x283807e5
19,A-B,1,reference,256,gf_mul,21,5931,0x283807e5
19,A-B,1,reference,256,gf_mul,22,5931,0x283807e5
19,A-B,1,reference,256,gf_mul,23,5931,0x283807e5
19,A-B,1,reference,256,gf_mul,24,5931,0x283807e5
19,A-B,1,reference,256,gf_mul,25,5931,0x283807e5
19,A-B,1,reference,256,gf_mul,26,5931,0x283807e5
19,A-B,1,reference,256,gf_mul,27,5931,0x283807e5
19,A-B,1,reference,256,gf_mul,28,5931,0x283807e5
19,A-B,1,reference,256,gf_mul,29,5931,0x283807e5
19,A-B,1,reference,256,gf_mul,30,5931,0x283807e5
19,A-B,1,reference,256,gf_mul,31,5931,0x283807e5
19,A-B,1,reference,256,gf_mul,32,5931,0x283807e5
19,A-B,1,reference,256,gf_mul,33,5931,0x283807e5
19,A-B,1,reference,256,gf_mul,34,5931,0x283807e5
19,A-B,1,reference,256,gf_mul,35,5931,0x283807e5
19,A-B,1,reference,256,gf_mul,36,5931,0x283807e5
19,A-B,1,reference,256,gf_mul,37,5931,0x283807e5
19,A-B,1,reference,256,gf_mul,38,5931,0x283807e5
19,A-B,1,reference,256,gf_mul,39,5931,0x283807e5
19,A-B,1,reference,256,gf_mul,40,5931,0x283807e5
19,A-B,1,reference,256,gf_mul,41,5931,0x283807e5
19,A-B,1,reference,256,gf_mul,42,5931,0x283807e5
19,A-B,1,reference,256,gf_mul,43,5931,0x283807e5
19,A-B,1,reference,256,gf_mul,44,5931,0x283807e5
19,A-B,1,reference,256,gf_mul,45,5931,0x283807e5
19,A-B,1,reference,256,gf_mul,46,5931,0x283807e5
19,A-B,1,reference,256,gf_mul,47,5931,0x283807e5
19,A-B,1,reference,256,gf_mul,48,5931,0x283807e5
19,A-B,1,reference,256,gf_mul,49,5931,0x283807e5
19,A-B,1,reference,256,gf_sqr,0,203,0x283807e5
19,A-B,1,reference,256,gf_sqr,1,202,0x283807e5
19,A-B,1,reference,256,gf_sqr,2,203,0x283807e5
19,A-B,1,reference,256,gf_sqr,3,202,0x283807e5
19,A-B,1,reference,256,gf_sqr,4,202,0x283807e5
19,A-B,1,reference,256,gf_sqr,5,202,0x283807e5
19,A-B,1,reference,256,gf_sqr,6,202,0x283807e5
19,A-B,1,reference,256,gf_sqr,7,202,0x283807e5
19,A-B,1,reference,256,gf_sqr,8,202,0x283807e5
19,A-B,1,reference,256,gf_sqr,9,202,0x283807e5
19,A-B,1,reference,256,gf_sqr,10,202,0x283807e5
19,A-B,1,reference,256,gf_sqr,11,202,0x283807e5
19,A-B,1,reference,256,gf_sqr,12,202,0x283807e5
19,A-B,1,reference,256,gf_sqr,13,202,0x283807e5
19,A-B,1,reference,256,gf_sqr,14,202,0x283807e5
19,A-B,1,reference,256,gf_sqr,15,202,0x283807e5
19,A-B,1,reference,256,gf_sqr,16,202,0x283807e5
19,A-B,1,reference,256,gf_sqr,17,202,0x283807e5
19,A-B,1,reference,256,gf_sqr,18,202,0x283807e5
19,A-B,1,reference,256,gf_sqr,19,202,0x283807e5
19,A-B,1,reference,256,gf_sqr,20,202,0x283807e5
19,A-B,1,reference,256,gf_sqr,21,202,0x283807e5
19,A-B,1,reference,256,gf_sqr,22,202,0x283807e5
19,A-B,1,reference,256,gf_sqr,23,202,0x283807e5
19,A-B,1,reference,256,gf_sqr,24,202,0x283807e5
19,A-B,1,reference,256,gf_sqr,25,202,0x283807e5
19,A-B,1,reference,256,gf_sqr,26,202,0x283807e5
19,A-B,1,reference,256,gf_sqr,27,202,0x283807e5
19,A-B,1,reference,256,gf_sqr,28,202,0x283807e5
19,A-B,1,reference,256,gf_sqr,29,202,0x283807e5
19,A-B,1,reference,256,gf_sqr,30,202,0x283807e5
19,A-B,1,reference,256,gf_sqr,31,202,0x283807e5
19,A-B,1,reference,256,gf_sqr,32,202,0x283807e5
19,A-B,1,reference,256,gf_sqr,33,202,0x283807e5
19,A-B,1,reference,256,gf_sqr,34,202,0x283807e5
19,A-B,1,reference,256,gf_sqr,35,202,0x283807e5
19,A-B,1,reference,256,gf_sqr,36,202,0x283807e5
19,A-B,1,reference,256,gf_sqr,37,202,0x283807e5
19,A-B,1,reference,256,gf_sqr,38,202,0x283807e5
19,A-B,1,reference,256,gf_sqr,39,202,0x283807e5
19,A-B,1,reference,256,gf_sqr,40,202,0x283807e5
19,A-B,1,reference,256,gf_sqr,41,202,0x283807e5
19,A-B,1,reference,256,gf_sqr,42,202,0x283807e5
19,A-B,1,reference,256,gf_sqr,43,202,0x283807e5
19,A-B,1,reference,256,gf_sqr,44,202,0x283807e5
19,A-B,1,reference,256,gf_sqr,45,202,0x283807e5
19,A-B,1,reference,256,gf_sqr,46,202,0x283807e5
19,A-B,1,reference,256,gf_sqr,47,202,0x283807e5
19,A-B,1,reference,256,gf_sqr,48,202,0x283807e5
19,A-B,1,reference,256,gf_sqr,49,202,0x283807e5
19,A-B,2,optimized,256,gf_mul,0,5942,0x283807e5
19,A-B,2,optimized,256,gf_mul,1,5940,0x283807e5
19,A-B,2,optimized,256,gf_mul,2,5941,0x283807e5
19,A-B,2,optimized,256,gf_mul,3,5940,0x283807e5
19,A-B,2,optimized,256,gf_mul,4,5940,0x283807e5
19,A-B,2,optimized,256,gf_mul,5,5940,0x283807e5
19,A-B,2,optimized,256,gf_mul,6,5940,0x283807e5
19,A-B,2,optimized,256,gf_mul,7,5940,0x283807e5
19,A-B,2,optimized,256,gf_mul,8,5940,0x283807e5
19,A-B,2,optimized,256,gf_mul,9,5940,0x283807e5
19,A-B,2,optimized,256,gf_mul,10,5940,0x283807e5
19,A-B,2,optimized,256,gf_mul,11,5940,0x283807e5
19,A-B,2,optimized,256,gf_mul,12,5940,0x283807e5
19,A-B,2,optimized,256,gf_mul,13,5940,0x283807e5
19,A-B,2,optimized,256,gf_mul,14,5940,0x283807e5
19,A-B,2,optimized,256,gf_mul,15,5940,0x283807e5
19,A-B,2,optimized,256,gf_mul,16,5940,0x283807e5
19,A-B,2,optimized,256,gf_mul,17,5940,0x283807e5
19,A-B,2,optimized,256,gf_mul,18,5940,0x283807e5
19,A-B,2,optimized,256,gf_mul,19,5940,0x283807e5
19,A-B,2,optimized,256,gf_mul,20,5940,0x283807e5
19,A-B,2,optimized,256,gf_mul,21,5940,0x283807e5
19,A-B,2,optimized,256,gf_mul,22,5940,0x283807e5
19,A-B,2,optimized,256,gf_mul,23,5940,0x283807e5
19,A-B,2,optimized,256,gf_mul,24,5940,0x283807e5
19,A-B,2,optimized,256,gf_mul,25,5940,0x283807e5
19,A-B,2,optimized,256,gf_mul,26,5940,0x283807e5
19,A-B,2,optimized,256,gf_mul,27,5940,0x283807e5
19,A-B,2,optimized,256,gf_mul,28,5940,0x283807e5
19,A-B,2,optimized,256,gf_mul,29,5940,0x283807e5
19,A-B,2,optimized,256,gf_mul,30,5940,0x283807e5
19,A-B,2,optimized,256,gf_mul,31,5940,0x283807e5
19,A-B,2,optimized,256,gf_mul,32,5940,0x283807e5
19,A-B,2,optimized,256,gf_mul,33,5940,0x283807e5
19,A-B,2,optimized,256,gf_mul,34,5940,0x283807e5
19,A-B,2,optimized,256,gf_mul,35,5940,0x283807e5
19,A-B,2,optimized,256,gf_mul,36,5940,0x283807e5
19,A-B,2,optimized,256,gf_mul,37,5940,0x283807e5
19,A-B,2,optimized,256,gf_mul,38,5940,0x283807e5
19,A-B,2,optimized,256,gf_mul,39,5940,0x283807e5
19,A-B,2,optimized,256,gf_mul,40,5940,0x283807e5
19,A-B,2,optimized,256,gf_mul,41,5940,0x283807e5
19,A-B,2,optimized,256,gf_mul,42,5940,0x283807e5
19,A-B,2,optimized,256,gf_mul,43,5940,0x283807e5
19,A-B,2,optimized,256,gf_mul,44,5940,0x283807e5
19,A-B,2,optimized,256,gf_mul,45,5940,0x283807e5
19,A-B,2,optimized,256,gf_mul,46,5940,0x283807e5
19,A-B,2,optimized,256,gf_mul,47,5940,0x283807e5
19,A-B,2,optimized,256,gf_mul,48,5940,0x283807e5
19,A-B,2,optimized,256,gf_mul,49,5940,0x283807e5
19,A-B,2,optimized,256,gf_sqr,0,202,0x283807e5
19,A-B,2,optimized,256,gf_sqr,1,200,0x283807e5
19,A-B,2,optimized,256,gf_sqr,2,201,0x283807e5
19,A-B,2,optimized,256,gf_sqr,3,200,0x283807e5
19,A-B,2,optimized,256,gf_sqr,4,200,0x283807e5
19,A-B,2,optimized,256,gf_sqr,5,200,0x283807e5
19,A-B,2,optimized,256,gf_sqr,6,200,0x283807e5
19,A-B,2,optimized,256,gf_sqr,7,200,0x283807e5
19,A-B,2,optimized,256,gf_sqr,8,200,0x283807e5
19,A-B,2,optimized,256,gf_sqr,9,200,0x283807e5
19,A-B,2,optimized,256,gf_sqr,10,200,0x283807e5
19,A-B,2,optimized,256,gf_sqr,11,200,0x283807e5
19,A-B,2,optimized,256,gf_sqr,12,200,0x283807e5
19,A-B,2,optimized,256,gf_sqr,13,200,0x283807e5
19,A-B,2,optimized,256,gf_sqr,14,200,0x283807e5
19,A-B,2,optimized,256,gf_sqr,15,200,0x283807e5
19,A-B,2,optimized,256,gf_sqr,16,200,0x283807e5
19,A-B,2,optimized,256,gf_sqr,17,200,0x283807e5
19,A-B,2,optimized,256,gf_sqr,18,200,0x283807e5
19,A-B,2,optimized,256,gf_sqr,19,200,0x283807e5
19,A-B,2,optimized,256,gf_sqr,20,200,0x283807e5
19,A-B,2,optimized,256,gf_sqr,21,200,0x283807e5
19,A-B,2,optimized,256,gf_sqr,22,200,0x283807e5
19,A-B,2,optimized,256,gf_sqr,23,200,0x283807e5
19,A-B,2,optimized,256,gf_sqr,24,200,0x283807e5
19,A-B,2,optimized,256,gf_sqr,25,200,0x283807e5
19,A-B,2,optimized,256,gf_sqr,26,200,0x283807e5
19,A-B,2,optimized,256,gf_sqr,27,200,0x283807e5
19,A-B,2,optimized,256,gf_sqr,28,200,0x283807e5
19,A-B,2,optimized,256,gf_sqr,29,200,0x283807e5
19,A-B,2,optimized,256,gf_sqr,30,200,0x283807e5
19,A-B,2,optimized,256,gf_sqr,31,200,0x283807e5
19,A-B,2,optimized,256,gf_sqr,32,200,0x283807e5
19,A-B,2,optimized,256,gf_sqr,33,200,0x283807e5
19,A-B,2,optimized,256,gf_sqr,34,200,0x283807e5
19,A-B,2,optimized,256,gf_sqr,35,200,0x283807e5
19,A-B,2,optimized,256,gf_sqr,36,200,0x283807e5
19,A-B,2,optimized,256,gf_sqr,37,200,0x283807e5
19,A-B,2,optimized,256,gf_sqr,38,200,0x283807e5
19,A-B,2,optimized,256,gf_sqr,39,200,0x283807e5
19,A-B,2,optimized,256,gf_sqr,40,200,0x283807e5
19,A-B,2,optimized,256,gf_sqr,41,200,0x283807e5
19,A-B,2,optimized,256,gf_sqr,42,200,0x283807e5
19,A-B,2,optimized,256,gf_sqr,43,200,0x283807e5
19,A-B,2,optimized,256,gf_sqr,44,200,0x283807e5
19,A-B,2,optimized,256,gf_sqr,45,200,0x283807e5
19,A-B,2,optimized,256,gf_sqr,46,200,0x283807e5
19,A-B,2,optimized,256,gf_sqr,47,200,0x283807e5
19,A-B,2,optimized,256,gf_sqr,48,200,0x283807e5
19,A-B,2,optimized,256,gf_sqr,49,200,0x283807e5
20,B-A,1,optimized,128,gf_mul,0,1969,0x54cada71
20,B-A,1,optimized,128,gf_mul,1,1968,0x54cada71
20,B-A,1,optimized,128,gf_mul,2,1968,0x54cada71
20,B-A,1,optimized,128,gf_mul,3,1967,0x54cada71
20,B-A,1,optimized,128,gf_mul,4,1967,0x54cada71
20,B-A,1,optimized,128,gf_mul,5,1967,0x54cada71
20,B-A,1,optimized,128,gf_mul,6,1967,0x54cada71
20,B-A,1,optimized,128,gf_mul,7,1967,0x54cada71
20,B-A,1,optimized,128,gf_mul,8,1967,0x54cada71
20,B-A,1,optimized,128,gf_mul,9,1967,0x54cada71
20,B-A,1,optimized,128,gf_mul,10,1967,0x54cada71
20,B-A,1,optimized,128,gf_mul,11,1967,0x54cada71
20,B-A,1,optimized,128,gf_mul,12,1967,0x54cada71
20,B-A,1,optimized,128,gf_mul,13,1967,0x54cada71
20,B-A,1,optimized,128,gf_mul,14,1967,0x54cada71
20,B-A,1,optimized,128,gf_mul,15,1967,0x54cada71
20,B-A,1,optimized,128,gf_mul,16,1967,0x54cada71
20,B-A,1,optimized,128,gf_mul,17,1967,0x54cada71
20,B-A,1,optimized,128,gf_mul,18,1967,0x54cada71
20,B-A,1,optimized,128,gf_mul,19,1967,0x54cada71
20,B-A,1,optimized,128,gf_mul,20,1967,0x54cada71
20,B-A,1,optimized,128,gf_mul,21,1967,0x54cada71
20,B-A,1,optimized,128,gf_mul,22,1967,0x54cada71
20,B-A,1,optimized,128,gf_mul,23,1967,0x54cada71
20,B-A,1,optimized,128,gf_mul,24,1967,0x54cada71
20,B-A,1,optimized,128,gf_mul,25,1967,0x54cada71
20,B-A,1,optimized,128,gf_mul,26,1967,0x54cada71
20,B-A,1,optimized,128,gf_mul,27,1967,0x54cada71
20,B-A,1,optimized,128,gf_mul,28,1967,0x54cada71
20,B-A,1,optimized,128,gf_mul,29,1967,0x54cada71
20,B-A,1,optimized,128,gf_mul,30,1967,0x54cada71
20,B-A,1,optimized,128,gf_mul,31,1967,0x54cada71
20,B-A,1,optimized,128,gf_mul,32,1967,0x54cada71
20,B-A,1,optimized,128,gf_mul,33,1967,0x54cada71
20,B-A,1,optimized,128,gf_mul,34,1967,0x54cada71
20,B-A,1,optimized,128,gf_mul,35,1967,0x54cada71
20,B-A,1,optimized,128,gf_mul,36,1967,0x54cada71
20,B-A,1,optimized,128,gf_mul,37,1967,0x54cada71
20,B-A,1,optimized,128,gf_mul,38,1967,0x54cada71
20,B-A,1,optimized,128,gf_mul,39,1967,0x54cada71
20,B-A,1,optimized,128,gf_mul,40,1967,0x54cada71
20,B-A,1,optimized,128,gf_mul,41,1967,0x54cada71
20,B-A,1,optimized,128,gf_mul,42,1967,0x54cada71
20,B-A,1,optimized,128,gf_mul,43,1967,0x54cada71
20,B-A,1,optimized,128,gf_mul,44,1967,0x54cada71
20,B-A,1,optimized,128,gf_mul,45,1967,0x54cada71
20,B-A,1,optimized,128,gf_mul,46,1967,0x54cada71
20,B-A,1,optimized,128,gf_mul,47,1967,0x54cada71
20,B-A,1,optimized,128,gf_mul,48,1967,0x54cada71
20,B-A,1,optimized,128,gf_mul,49,1967,0x54cada71
20,B-A,1,optimized,128,gf_sqr,0,107,0x54cada71
20,B-A,1,optimized,128,gf_sqr,1,107,0x54cada71
20,B-A,1,optimized,128,gf_sqr,2,107,0x54cada71
20,B-A,1,optimized,128,gf_sqr,3,106,0x54cada71
20,B-A,1,optimized,128,gf_sqr,4,106,0x54cada71
20,B-A,1,optimized,128,gf_sqr,5,106,0x54cada71
20,B-A,1,optimized,128,gf_sqr,6,106,0x54cada71
20,B-A,1,optimized,128,gf_sqr,7,106,0x54cada71
20,B-A,1,optimized,128,gf_sqr,8,106,0x54cada71
20,B-A,1,optimized,128,gf_sqr,9,106,0x54cada71
20,B-A,1,optimized,128,gf_sqr,10,106,0x54cada71
20,B-A,1,optimized,128,gf_sqr,11,106,0x54cada71
20,B-A,1,optimized,128,gf_sqr,12,106,0x54cada71
20,B-A,1,optimized,128,gf_sqr,13,106,0x54cada71
20,B-A,1,optimized,128,gf_sqr,14,106,0x54cada71
20,B-A,1,optimized,128,gf_sqr,15,106,0x54cada71
20,B-A,1,optimized,128,gf_sqr,16,106,0x54cada71
20,B-A,1,optimized,128,gf_sqr,17,106,0x54cada71
20,B-A,1,optimized,128,gf_sqr,18,106,0x54cada71
20,B-A,1,optimized,128,gf_sqr,19,106,0x54cada71
20,B-A,1,optimized,128,gf_sqr,20,106,0x54cada71
20,B-A,1,optimized,128,gf_sqr,21,106,0x54cada71
20,B-A,1,optimized,128,gf_sqr,22,106,0x54cada71
20,B-A,1,optimized,128,gf_sqr,23,106,0x54cada71
20,B-A,1,optimized,128,gf_sqr,24,106,0x54cada71
20,B-A,1,optimized,128,gf_sqr,25,106,0x54cada71
20,B-A,1,optimized,128,gf_sqr,26,106,0x54cada71
20,B-A,1,optimized,128,gf_sqr,27,106,0x54cada71
20,B-A,1,optimized,128,gf_sqr,28,106,0x54cada71
20,B-A,1,optimized,128,gf_sqr,29,106,0x54cada71
20,B-A,1,optimized,128,gf_sqr,30,106,0x54cada71
20,B-A,1,optimized,128,gf_sqr,31,106,0x54cada71
20,B-A,1,optimized,128,gf_sqr,32,106,0x54cada71
20,B-A,1,optimized,128,gf_sqr,33,106,0x54cada71
20,B-A,1,optimized,128,gf_sqr,34,106,0x54cada71
20,B-A,1,optimized,128,gf_sqr,35,106,0x54cada71
20,B-A,1,optimized,128,gf_sqr,36,106,0x54cada71
20,B-A,1,optimized,128,gf_sqr,37,106,0x54cada71
20,B-A,1,optimized,128,gf_sqr,38,106,0x54cada71
20,B-A,1,optimized,128,gf_sqr,39,106,0x54cada71
20,B-A,1,optimized,128,gf_sqr,40,106,0x54cada71
20,B-A,1,optimized,128,gf_sqr,41,106,0x54cada71
20,B-A,1,optimized,128,gf_sqr,42,106,0x54cada71
20,B-A,1,optimized,128,gf_sqr,43,106,0x54cada71
20,B-A,1,optimized,128,gf_sqr,44,106,0x54cada71
20,B-A,1,optimized,128,gf_sqr,45,106,0x54cada71
20,B-A,1,optimized,128,gf_sqr,46,106,0x54cada71
20,B-A,1,optimized,128,gf_sqr,47,106,0x54cada71
20,B-A,1,optimized,128,gf_sqr,48,106,0x54cada71
20,B-A,1,optimized,128,gf_sqr,49,106,0x54cada71
20,B-A,2,reference,128,gf_mul,0,1969,0x54cada71
20,B-A,2,reference,128,gf_mul,1,1965,0x54cada71
20,B-A,2,reference,128,gf_mul,2,1965,0x54cada71
20,B-A,2,reference,128,gf_mul,3,1964,0x54cada71
20,B-A,2,reference,128,gf_mul,4,1964,0x54cada71
20,B-A,2,reference,128,gf_mul,5,1964,0x54cada71
20,B-A,2,reference,128,gf_mul,6,1964,0x54cada71
20,B-A,2,reference,128,gf_mul,7,1964,0x54cada71
20,B-A,2,reference,128,gf_mul,8,1964,0x54cada71
20,B-A,2,reference,128,gf_mul,9,1964,0x54cada71
20,B-A,2,reference,128,gf_mul,10,1964,0x54cada71
20,B-A,2,reference,128,gf_mul,11,1964,0x54cada71
20,B-A,2,reference,128,gf_mul,12,1964,0x54cada71
20,B-A,2,reference,128,gf_mul,13,1964,0x54cada71
20,B-A,2,reference,128,gf_mul,14,1964,0x54cada71
20,B-A,2,reference,128,gf_mul,15,1964,0x54cada71
20,B-A,2,reference,128,gf_mul,16,1964,0x54cada71
20,B-A,2,reference,128,gf_mul,17,1964,0x54cada71
20,B-A,2,reference,128,gf_mul,18,1964,0x54cada71
20,B-A,2,reference,128,gf_mul,19,1964,0x54cada71
20,B-A,2,reference,128,gf_mul,20,1964,0x54cada71
20,B-A,2,reference,128,gf_mul,21,1964,0x54cada71
20,B-A,2,reference,128,gf_mul,22,1964,0x54cada71
20,B-A,2,reference,128,gf_mul,23,1964,0x54cada71
20,B-A,2,reference,128,gf_mul,24,1964,0x54cada71
20,B-A,2,reference,128,gf_mul,25,1964,0x54cada71
20,B-A,2,reference,128,gf_mul,26,1964,0x54cada71
20,B-A,2,reference,128,gf_mul,27,1964,0x54cada71
20,B-A,2,reference,128,gf_mul,28,1964,0x54cada71
20,B-A,2,reference,128,gf_mul,29,1964,0x54cada71
20,B-A,2,reference,128,gf_mul,30,1964,0x54cada71
20,B-A,2,reference,128,gf_mul,31,1964,0x54cada71
20,B-A,2,reference,128,gf_mul,32,1964,0x54cada71
20,B-A,2,reference,128,gf_mul,33,1964,0x54cada71
20,B-A,2,reference,128,gf_mul,34,1964,0x54cada71
20,B-A,2,reference,128,gf_mul,35,1964,0x54cada71
20,B-A,2,reference,128,gf_mul,36,1964,0x54cada71
20,B-A,2,reference,128,gf_mul,37,1964,0x54cada71
20,B-A,2,reference,128,gf_mul,38,1964,0x54cada71
20,B-A,2,reference,128,gf_mul,39,1964,0x54cada71
20,B-A,2,reference,128,gf_mul,40,1964,0x54cada71
20,B-A,2,reference,128,gf_mul,41,1964,0x54cada71
20,B-A,2,reference,128,gf_mul,42,1964,0x54cada71
20,B-A,2,reference,128,gf_mul,43,1964,0x54cada71
20,B-A,2,reference,128,gf_mul,44,1964,0x54cada71
20,B-A,2,reference,128,gf_mul,45,1964,0x54cada71
20,B-A,2,reference,128,gf_mul,46,1964,0x54cada71
20,B-A,2,reference,128,gf_mul,47,1964,0x54cada71
20,B-A,2,reference,128,gf_mul,48,1964,0x54cada71
20,B-A,2,reference,128,gf_mul,49,1964,0x54cada71
20,B-A,2,reference,128,gf_sqr,0,107,0x54cada71
20,B-A,2,reference,128,gf_sqr,1,103,0x54cada71
20,B-A,2,reference,128,gf_sqr,2,103,0x54cada71
20,B-A,2,reference,128,gf_sqr,3,102,0x54cada71
20,B-A,2,reference,128,gf_sqr,4,102,0x54cada71
20,B-A,2,reference,128,gf_sqr,5,102,0x54cada71
20,B-A,2,reference,128,gf_sqr,6,102,0x54cada71
20,B-A,2,reference,128,gf_sqr,7,102,0x54cada71
20,B-A,2,reference,128,gf_sqr,8,102,0x54cada71
20,B-A,2,reference,128,gf_sqr,9,102,0x54cada71
20,B-A,2,reference,128,gf_sqr,10,102,0x54cada71
20,B-A,2,reference,128,gf_sqr,11,102,0x54cada71
20,B-A,2,reference,128,gf_sqr,12,102,0x54cada71
20,B-A,2,reference,128,gf_sqr,13,102,0x54cada71
20,B-A,2,reference,128,gf_sqr,14,102,0x54cada71
20,B-A,2,reference,128,gf_sqr,15,102,0x54cada71
20,B-A,2,reference,128,gf_sqr,16,102,0x54cada71
20,B-A,2,reference,128,gf_sqr,17,102,0x54cada71
20,B-A,2,reference,128,gf_sqr,18,102,0x54cada71
20,B-A,2,reference,128,gf_sqr,19,102,0x54cada71
20,B-A,2,reference,128,gf_sqr,20,102,0x54cada71
20,B-A,2,reference,128,gf_sqr,21,102,0x54cada71
20,B-A,2,reference,128,gf_sqr,22,102,0x54cada71
20,B-A,2,reference,128,gf_sqr,23,102,0x54cada71
20,B-A,2,reference,128,gf_sqr,24,102,0x54cada71
20,B-A,2,reference,128,gf_sqr,25,102,0x54cada71
20,B-A,2,reference,128,gf_sqr,26,102,0x54cada71
20,B-A,2,reference,128,gf_sqr,27,102,0x54cada71
20,B-A,2,reference,128,gf_sqr,28,102,0x54cada71
20,B-A,2,reference,128,gf_sqr,29,102,0x54cada71
20,B-A,2,reference,128,gf_sqr,30,102,0x54cada71
20,B-A,2,reference,128,gf_sqr,31,102,0x54cada71
20,B-A,2,reference,128,gf_sqr,32,102,0x54cada71
20,B-A,2,reference,128,gf_sqr,33,102,0x54cada71
20,B-A,2,reference,128,gf_sqr,34,102,0x54cada71
20,B-A,2,reference,128,gf_sqr,35,102,0x54cada71
20,B-A,2,reference,128,gf_sqr,36,102,0x54cada71
20,B-A,2,reference,128,gf_sqr,37,102,0x54cada71
20,B-A,2,reference,128,gf_sqr,38,102,0x54cada71
20,B-A,2,reference,128,gf_sqr,39,102,0x54cada71
20,B-A,2,reference,128,gf_sqr,40,102,0x54cada71
20,B-A,2,reference,128,gf_sqr,41,102,0x54cada71
20,B-A,2,reference,128,gf_sqr,42,102,0x54cada71
20,B-A,2,reference,128,gf_sqr,43,102,0x54cada71
20,B-A,2,reference,128,gf_sqr,44,102,0x54cada71
20,B-A,2,reference,128,gf_sqr,45,102,0x54cada71
20,B-A,2,reference,128,gf_sqr,46,102,0x54cada71
20,B-A,2,reference,128,gf_sqr,47,102,0x54cada71
20,B-A,2,reference,128,gf_sqr,48,102,0x54cada71
20,B-A,2,reference,128,gf_sqr,49,102,0x54cada71
20,B-A,1,optimized,192,gf_mul,0,3927,0x2bf8b731
20,B-A,1,optimized,192,gf_mul,1,3927,0x2bf8b731
20,B-A,1,optimized,192,gf_mul,2,3927,0x2bf8b731
20,B-A,1,optimized,192,gf_mul,3,3926,0x2bf8b731
20,B-A,1,optimized,192,gf_mul,4,3926,0x2bf8b731
20,B-A,1,optimized,192,gf_mul,5,3926,0x2bf8b731
20,B-A,1,optimized,192,gf_mul,6,3926,0x2bf8b731
20,B-A,1,optimized,192,gf_mul,7,3926,0x2bf8b731
20,B-A,1,optimized,192,gf_mul,8,3926,0x2bf8b731
20,B-A,1,optimized,192,gf_mul,9,3926,0x2bf8b731
20,B-A,1,optimized,192,gf_mul,10,3926,0x2bf8b731
20,B-A,1,optimized,192,gf_mul,11,3926,0x2bf8b731
20,B-A,1,optimized,192,gf_mul,12,3926,0x2bf8b731
20,B-A,1,optimized,192,gf_mul,13,3926,0x2bf8b731
20,B-A,1,optimized,192,gf_mul,14,3926,0x2bf8b731
20,B-A,1,optimized,192,gf_mul,15,3926,0x2bf8b731
20,B-A,1,optimized,192,gf_mul,16,3926,0x2bf8b731
20,B-A,1,optimized,192,gf_mul,17,3926,0x2bf8b731
20,B-A,1,optimized,192,gf_mul,18,3926,0x2bf8b731
20,B-A,1,optimized,192,gf_mul,19,3926,0x2bf8b731
20,B-A,1,optimized,192,gf_mul,20,3926,0x2bf8b731
20,B-A,1,optimized,192,gf_mul,21,3926,0x2bf8b731
20,B-A,1,optimized,192,gf_mul,22,3926,0x2bf8b731
20,B-A,1,optimized,192,gf_mul,23,3926,0x2bf8b731
20,B-A,1,optimized,192,gf_mul,24,3926,0x2bf8b731
20,B-A,1,optimized,192,gf_mul,25,3926,0x2bf8b731
20,B-A,1,optimized,192,gf_mul,26,3926,0x2bf8b731
20,B-A,1,optimized,192,gf_mul,27,3926,0x2bf8b731
20,B-A,1,optimized,192,gf_mul,28,3926,0x2bf8b731
20,B-A,1,optimized,192,gf_mul,29,3926,0x2bf8b731
20,B-A,1,optimized,192,gf_mul,30,3926,0x2bf8b731
20,B-A,1,optimized,192,gf_mul,31,3926,0x2bf8b731
20,B-A,1,optimized,192,gf_mul,32,3926,0x2bf8b731
20,B-A,1,optimized,192,gf_mul,33,3926,0x2bf8b731
20,B-A,1,optimized,192,gf_mul,34,3926,0x2bf8b731
20,B-A,1,optimized,192,gf_mul,35,3926,0x2bf8b731
20,B-A,1,optimized,192,gf_mul,36,3926,0x2bf8b731
20,B-A,1,optimized,192,gf_mul,37,3926,0x2bf8b731
20,B-A,1,optimized,192,gf_mul,38,3926,0x2bf8b731
20,B-A,1,optimized,192,gf_mul,39,3926,0x2bf8b731
20,B-A,1,optimized,192,gf_mul,40,3926,0x2bf8b731
20,B-A,1,optimized,192,gf_mul,41,3926,0x2bf8b731
20,B-A,1,optimized,192,gf_mul,42,3926,0x2bf8b731
20,B-A,1,optimized,192,gf_mul,43,3926,0x2bf8b731
20,B-A,1,optimized,192,gf_mul,44,3926,0x2bf8b731
20,B-A,1,optimized,192,gf_mul,45,3926,0x2bf8b731
20,B-A,1,optimized,192,gf_mul,46,3926,0x2bf8b731
20,B-A,1,optimized,192,gf_mul,47,3926,0x2bf8b731
20,B-A,1,optimized,192,gf_mul,48,3926,0x2bf8b731
20,B-A,1,optimized,192,gf_mul,49,3926,0x2bf8b731
20,B-A,1,optimized,192,gf_sqr,0,144,0x2bf8b731
20,B-A,1,optimized,192,gf_sqr,1,144,0x2bf8b731
20,B-A,1,optimized,192,gf_sqr,2,143,0x2bf8b731
20,B-A,1,optimized,192,gf_sqr,3,144,0x2bf8b731
20,B-A,1,optimized,192,gf_sqr,4,144,0x2bf8b731
20,B-A,1,optimized,192,gf_sqr,5,144,0x2bf8b731
20,B-A,1,optimized,192,gf_sqr,6,144,0x2bf8b731
20,B-A,1,optimized,192,gf_sqr,7,144,0x2bf8b731
20,B-A,1,optimized,192,gf_sqr,8,144,0x2bf8b731
20,B-A,1,optimized,192,gf_sqr,9,144,0x2bf8b731
20,B-A,1,optimized,192,gf_sqr,10,144,0x2bf8b731
20,B-A,1,optimized,192,gf_sqr,11,144,0x2bf8b731
20,B-A,1,optimized,192,gf_sqr,12,144,0x2bf8b731
20,B-A,1,optimized,192,gf_sqr,13,144,0x2bf8b731
20,B-A,1,optimized,192,gf_sqr,14,144,0x2bf8b731
20,B-A,1,optimized,192,gf_sqr,15,144,0x2bf8b731
20,B-A,1,optimized,192,gf_sqr,16,144,0x2bf8b731
20,B-A,1,optimized,192,gf_sqr,17,144,0x2bf8b731
20,B-A,1,optimized,192,gf_sqr,18,144,0x2bf8b731
20,B-A,1,optimized,192,gf_sqr,19,144,0x2bf8b731
20,B-A,1,optimized,192,gf_sqr,20,144,0x2bf8b731
20,B-A,1,optimized,192,gf_sqr,21,144,0x2bf8b731
20,B-A,1,optimized,192,gf_sqr,22,144,0x2bf8b731
20,B-A,1,optimized,192,gf_sqr,23,144,0x2bf8b731
20,B-A,1,optimized,192,gf_sqr,24,144,0x2bf8b731
20,B-A,1,optimized,192,gf_sqr,25,144,0x2bf8b731
20,B-A,1,optimized,192,gf_sqr,26,144,0x2bf8b731
20,B-A,1,optimized,192,gf_sqr,27,144,0x2bf8b731
20,B-A,1,optimized,192,gf_sqr,28,144,0x2bf8b731
20,B-A,1,optimized,192,gf_sqr,29,144,0x2bf8b731
20,B-A,1,optimized,192,gf_sqr,30,144,0x2bf8b731
20,B-A,1,optimized,192,gf_sqr,31,144,0x2bf8b731
20,B-A,1,optimized,192,gf_sqr,32,144,0x2bf8b731
20,B-A,1,optimized,192,gf_sqr,33,144,0x2bf8b731
20,B-A,1,optimized,192,gf_sqr,34,144,0x2bf8b731
20,B-A,1,optimized,192,gf_sqr,35,144,0x2bf8b731
20,B-A,1,optimized,192,gf_sqr,36,144,0x2bf8b731
20,B-A,1,optimized,192,gf_sqr,37,144,0x2bf8b731
20,B-A,1,optimized,192,gf_sqr,38,144,0x2bf8b731
20,B-A,1,optimized,192,gf_sqr,39,144,0x2bf8b731
20,B-A,1,optimized,192,gf_sqr,40,144,0x2bf8b731
20,B-A,1,optimized,192,gf_sqr,41,144,0x2bf8b731
20,B-A,1,optimized,192,gf_sqr,42,144,0x2bf8b731
20,B-A,1,optimized,192,gf_sqr,43,144,0x2bf8b731
20,B-A,1,optimized,192,gf_sqr,44,144,0x2bf8b731
20,B-A,1,optimized,192,gf_sqr,45,144,0x2bf8b731
20,B-A,1,optimized,192,gf_sqr,46,144,0x2bf8b731
20,B-A,1,optimized,192,gf_sqr,47,144,0x2bf8b731
20,B-A,1,optimized,192,gf_sqr,48,144,0x2bf8b731
20,B-A,1,optimized,192,gf_sqr,49,144,0x2bf8b731
20,B-A,2,reference,192,gf_mul,0,3927,0x2bf8b731
20,B-A,2,reference,192,gf_mul,1,3927,0x2bf8b731
20,B-A,2,reference,192,gf_mul,2,3927,0x2bf8b731
20,B-A,2,reference,192,gf_mul,3,3926,0x2bf8b731
20,B-A,2,reference,192,gf_mul,4,3926,0x2bf8b731
20,B-A,2,reference,192,gf_mul,5,3926,0x2bf8b731
20,B-A,2,reference,192,gf_mul,6,3926,0x2bf8b731
20,B-A,2,reference,192,gf_mul,7,3926,0x2bf8b731
20,B-A,2,reference,192,gf_mul,8,3926,0x2bf8b731
20,B-A,2,reference,192,gf_mul,9,3926,0x2bf8b731
20,B-A,2,reference,192,gf_mul,10,3926,0x2bf8b731
20,B-A,2,reference,192,gf_mul,11,3926,0x2bf8b731
20,B-A,2,reference,192,gf_mul,12,3926,0x2bf8b731
20,B-A,2,reference,192,gf_mul,13,3926,0x2bf8b731
20,B-A,2,reference,192,gf_mul,14,3926,0x2bf8b731
20,B-A,2,reference,192,gf_mul,15,3926,0x2bf8b731
20,B-A,2,reference,192,gf_mul,16,3926,0x2bf8b731
20,B-A,2,reference,192,gf_mul,17,3926,0x2bf8b731
20,B-A,2,reference,192,gf_mul,18,3926,0x2bf8b731
20,B-A,2,reference,192,gf_mul,19,3926,0x2bf8b731
20,B-A,2,reference,192,gf_mul,20,3926,0x2bf8b731
20,B-A,2,reference,192,gf_mul,21,3926,0x2bf8b731
20,B-A,2,reference,192,gf_mul,22,3926,0x2bf8b731
20,B-A,2,reference,192,gf_mul,23,3926,0x2bf8b731
20,B-A,2,reference,192,gf_mul,24,3926,0x2bf8b731
20,B-A,2,reference,192,gf_mul,25,3926,0x2bf8b731
20,B-A,2,reference,192,gf_mul,26,3926,0x2bf8b731
20,B-A,2,reference,192,gf_mul,27,3926,0x2bf8b731
20,B-A,2,reference,192,gf_mul,28,3926,0x2bf8b731
20,B-A,2,reference,192,gf_mul,29,3926,0x2bf8b731
20,B-A,2,reference,192,gf_mul,30,3926,0x2bf8b731
20,B-A,2,reference,192,gf_mul,31,3926,0x2bf8b731
20,B-A,2,reference,192,gf_mul,32,3926,0x2bf8b731
20,B-A,2,reference,192,gf_mul,33,3926,0x2bf8b731
20,B-A,2,reference,192,gf_mul,34,3926,0x2bf8b731
20,B-A,2,reference,192,gf_mul,35,3926,0x2bf8b731
20,B-A,2,reference,192,gf_mul,36,3926,0x2bf8b731
20,B-A,2,reference,192,gf_mul,37,3926,0x2bf8b731
20,B-A,2,reference,192,gf_mul,38,3926,0x2bf8b731
20,B-A,2,reference,192,gf_mul,39,3926,0x2bf8b731
20,B-A,2,reference,192,gf_mul,40,3926,0x2bf8b731
20,B-A,2,reference,192,gf_mul,41,3926,0x2bf8b731
20,B-A,2,reference,192,gf_mul,42,3926,0x2bf8b731
20,B-A,2,reference,192,gf_mul,43,3926,0x2bf8b731
20,B-A,2,reference,192,gf_mul,44,3926,0x2bf8b731
20,B-A,2,reference,192,gf_mul,45,3926,0x2bf8b731
20,B-A,2,reference,192,gf_mul,46,3926,0x2bf8b731
20,B-A,2,reference,192,gf_mul,47,3926,0x2bf8b731
20,B-A,2,reference,192,gf_mul,48,3926,0x2bf8b731
20,B-A,2,reference,192,gf_mul,49,3926,0x2bf8b731
20,B-A,2,reference,192,gf_sqr,0,144,0x2bf8b731
20,B-A,2,reference,192,gf_sqr,1,144,0x2bf8b731
20,B-A,2,reference,192,gf_sqr,2,143,0x2bf8b731
20,B-A,2,reference,192,gf_sqr,3,144,0x2bf8b731
20,B-A,2,reference,192,gf_sqr,4,144,0x2bf8b731
20,B-A,2,reference,192,gf_sqr,5,144,0x2bf8b731
20,B-A,2,reference,192,gf_sqr,6,144,0x2bf8b731
20,B-A,2,reference,192,gf_sqr,7,144,0x2bf8b731
20,B-A,2,reference,192,gf_sqr,8,144,0x2bf8b731
20,B-A,2,reference,192,gf_sqr,9,144,0x2bf8b731
20,B-A,2,reference,192,gf_sqr,10,144,0x2bf8b731
20,B-A,2,reference,192,gf_sqr,11,144,0x2bf8b731
20,B-A,2,reference,192,gf_sqr,12,144,0x2bf8b731
20,B-A,2,reference,192,gf_sqr,13,144,0x2bf8b731
20,B-A,2,reference,192,gf_sqr,14,144,0x2bf8b731
20,B-A,2,reference,192,gf_sqr,15,144,0x2bf8b731
20,B-A,2,reference,192,gf_sqr,16,144,0x2bf8b731
20,B-A,2,reference,192,gf_sqr,17,144,0x2bf8b731
20,B-A,2,reference,192,gf_sqr,18,144,0x2bf8b731
20,B-A,2,reference,192,gf_sqr,19,144,0x2bf8b731
20,B-A,2,reference,192,gf_sqr,20,144,0x2bf8b731
20,B-A,2,reference,192,gf_sqr,21,144,0x2bf8b731
20,B-A,2,reference,192,gf_sqr,22,144,0x2bf8b731
20,B-A,2,reference,192,gf_sqr,23,144,0x2bf8b731
20,B-A,2,reference,192,gf_sqr,24,144,0x2bf8b731
20,B-A,2,reference,192,gf_sqr,25,144,0x2bf8b731
20,B-A,2,reference,192,gf_sqr,26,144,0x2bf8b731
20,B-A,2,reference,192,gf_sqr,27,144,0x2bf8b731
20,B-A,2,reference,192,gf_sqr,28,144,0x2bf8b731
20,B-A,2,reference,192,gf_sqr,29,144,0x2bf8b731
20,B-A,2,reference,192,gf_sqr,30,144,0x2bf8b731
20,B-A,2,reference,192,gf_sqr,31,144,0x2bf8b731
20,B-A,2,reference,192,gf_sqr,32,144,0x2bf8b731
20,B-A,2,reference,192,gf_sqr,33,144,0x2bf8b731
20,B-A,2,reference,192,gf_sqr,34,144,0x2bf8b731
20,B-A,2,reference,192,gf_sqr,35,144,0x2bf8b731
20,B-A,2,reference,192,gf_sqr,36,144,0x2bf8b731
20,B-A,2,reference,192,gf_sqr,37,144,0x2bf8b731
20,B-A,2,reference,192,gf_sqr,38,144,0x2bf8b731
20,B-A,2,reference,192,gf_sqr,39,144,0x2bf8b731
20,B-A,2,reference,192,gf_sqr,40,144,0x2bf8b731
20,B-A,2,reference,192,gf_sqr,41,144,0x2bf8b731
20,B-A,2,reference,192,gf_sqr,42,144,0x2bf8b731
20,B-A,2,reference,192,gf_sqr,43,144,0x2bf8b731
20,B-A,2,reference,192,gf_sqr,44,144,0x2bf8b731
20,B-A,2,reference,192,gf_sqr,45,144,0x2bf8b731
20,B-A,2,reference,192,gf_sqr,46,144,0x2bf8b731
20,B-A,2,reference,192,gf_sqr,47,144,0x2bf8b731
20,B-A,2,reference,192,gf_sqr,48,144,0x2bf8b731
20,B-A,2,reference,192,gf_sqr,49,144,0x2bf8b731
20,B-A,1,optimized,256,gf_mul,0,5942,0x283807e5
20,B-A,1,optimized,256,gf_mul,1,5940,0x283807e5
20,B-A,1,optimized,256,gf_mul,2,5941,0x283807e5
20,B-A,1,optimized,256,gf_mul,3,5940,0x283807e5
20,B-A,1,optimized,256,gf_mul,4,5940,0x283807e5
20,B-A,1,optimized,256,gf_mul,5,5940,0x283807e5
20,B-A,1,optimized,256,gf_mul,6,5940,0x283807e5
20,B-A,1,optimized,256,gf_mul,7,5940,0x283807e5
20,B-A,1,optimized,256,gf_mul,8,5940,0x283807e5
20,B-A,1,optimized,256,gf_mul,9,5940,0x283807e5
20,B-A,1,optimized,256,gf_mul,10,5940,0x283807e5
20,B-A,1,optimized,256,gf_mul,11,5940,0x283807e5
20,B-A,1,optimized,256,gf_mul,12,5940,0x283807e5
20,B-A,1,optimized,256,gf_mul,13,5940,0x283807e5
20,B-A,1,optimized,256,gf_mul,14,5940,0x283807e5
20,B-A,1,optimized,256,gf_mul,15,5940,0x283807e5
20,B-A,1,optimized,256,gf_mul,16,5940,0x283807e5
20,B-A,1,optimized,256,gf_mul,17,5940,0x283807e5
20,B-A,1,optimized,256,gf_mul,18,5940,0x283807e5
20,B-A,1,optimized,256,gf_mul,19,5940,0x283807e5
20,B-A,1,optimized,256,gf_mul,20,5940,0x283807e5
20,B-A,1,optimized,256,gf_mul,21,5940,0x283807e5
20,B-A,1,optimized,256,gf_mul,22,5940,0x283807e5
20,B-A,1,optimized,256,gf_mul,23,5940,0x283807e5
20,B-A,1,optimized,256,gf_mul,24,5940,0x283807e5
20,B-A,1,optimized,256,gf_mul,25,5940,0x283807e5
20,B-A,1,optimized,256,gf_mul,26,5940,0x283807e5
20,B-A,1,optimized,256,gf_mul,27,5940,0x283807e5
20,B-A,1,optimized,256,gf_mul,28,5940,0x283807e5
20,B-A,1,optimized,256,gf_mul,29,5940,0x283807e5
20,B-A,1,optimized,256,gf_mul,30,5940,0x283807e5
20,B-A,1,optimized,256,gf_mul,31,5940,0x283807e5
20,B-A,1,optimized,256,gf_mul,32,5940,0x283807e5
20,B-A,1,optimized,256,gf_mul,33,5940,0x283807e5
20,B-A,1,optimized,256,gf_mul,34,5940,0x283807e5
20,B-A,1,optimized,256,gf_mul,35,5940,0x283807e5
20,B-A,1,optimized,256,gf_mul,36,5940,0x283807e5
20,B-A,1,optimized,256,gf_mul,37,5940,0x283807e5
20,B-A,1,optimized,256,gf_mul,38,5940,0x283807e5
20,B-A,1,optimized,256,gf_mul,39,5940,0x283807e5
20,B-A,1,optimized,256,gf_mul,40,5940,0x283807e5
20,B-A,1,optimized,256,gf_mul,41,5940,0x283807e5
20,B-A,1,optimized,256,gf_mul,42,5940,0x283807e5
20,B-A,1,optimized,256,gf_mul,43,5940,0x283807e5
20,B-A,1,optimized,256,gf_mul,44,5940,0x283807e5
20,B-A,1,optimized,256,gf_mul,45,5940,0x283807e5
20,B-A,1,optimized,256,gf_mul,46,5940,0x283807e5
20,B-A,1,optimized,256,gf_mul,47,5940,0x283807e5
20,B-A,1,optimized,256,gf_mul,48,5940,0x283807e5
20,B-A,1,optimized,256,gf_mul,49,5940,0x283807e5
20,B-A,1,optimized,256,gf_sqr,0,202,0x283807e5
20,B-A,1,optimized,256,gf_sqr,1,200,0x283807e5
20,B-A,1,optimized,256,gf_sqr,2,201,0x283807e5
20,B-A,1,optimized,256,gf_sqr,3,200,0x283807e5
20,B-A,1,optimized,256,gf_sqr,4,200,0x283807e5
20,B-A,1,optimized,256,gf_sqr,5,200,0x283807e5
20,B-A,1,optimized,256,gf_sqr,6,200,0x283807e5
20,B-A,1,optimized,256,gf_sqr,7,200,0x283807e5
20,B-A,1,optimized,256,gf_sqr,8,200,0x283807e5
20,B-A,1,optimized,256,gf_sqr,9,200,0x283807e5
20,B-A,1,optimized,256,gf_sqr,10,200,0x283807e5
20,B-A,1,optimized,256,gf_sqr,11,200,0x283807e5
20,B-A,1,optimized,256,gf_sqr,12,200,0x283807e5
20,B-A,1,optimized,256,gf_sqr,13,200,0x283807e5
20,B-A,1,optimized,256,gf_sqr,14,200,0x283807e5
20,B-A,1,optimized,256,gf_sqr,15,200,0x283807e5
20,B-A,1,optimized,256,gf_sqr,16,200,0x283807e5
20,B-A,1,optimized,256,gf_sqr,17,200,0x283807e5
20,B-A,1,optimized,256,gf_sqr,18,200,0x283807e5
20,B-A,1,optimized,256,gf_sqr,19,200,0x283807e5
20,B-A,1,optimized,256,gf_sqr,20,200,0x283807e5
20,B-A,1,optimized,256,gf_sqr,21,200,0x283807e5
20,B-A,1,optimized,256,gf_sqr,22,200,0x283807e5
20,B-A,1,optimized,256,gf_sqr,23,200,0x283807e5
20,B-A,1,optimized,256,gf_sqr,24,200,0x283807e5
20,B-A,1,optimized,256,gf_sqr,25,200,0x283807e5
20,B-A,1,optimized,256,gf_sqr,26,200,0x283807e5
20,B-A,1,optimized,256,gf_sqr,27,200,0x283807e5
20,B-A,1,optimized,256,gf_sqr,28,200,0x283807e5
20,B-A,1,optimized,256,gf_sqr,29,200,0x283807e5
20,B-A,1,optimized,256,gf_sqr,30,200,0x283807e5
20,B-A,1,optimized,256,gf_sqr,31,200,0x283807e5
20,B-A,1,optimized,256,gf_sqr,32,200,0x283807e5
20,B-A,1,optimized,256,gf_sqr,33,200,0x283807e5
20,B-A,1,optimized,256,gf_sqr,34,200,0x283807e5
20,B-A,1,optimized,256,gf_sqr,35,200,0x283807e5
20,B-A,1,optimized,256,gf_sqr,36,200,0x283807e5
20,B-A,1,optimized,256,gf_sqr,37,200,0x283807e5
20,B-A,1,optimized,256,gf_sqr,38,200,0x283807e5
20,B-A,1,optimized,256,gf_sqr,39,200,0x283807e5
20,B-A,1,optimized,256,gf_sqr,40,200,0x283807e5
20,B-A,1,optimized,256,gf_sqr,41,200,0x283807e5
20,B-A,1,optimized,256,gf_sqr,42,200,0x283807e5
20,B-A,1,optimized,256,gf_sqr,43,200,0x283807e5
20,B-A,1,optimized,256,gf_sqr,44,200,0x283807e5
20,B-A,1,optimized,256,gf_sqr,45,200,0x283807e5
20,B-A,1,optimized,256,gf_sqr,46,200,0x283807e5
20,B-A,1,optimized,256,gf_sqr,47,200,0x283807e5
20,B-A,1,optimized,256,gf_sqr,48,200,0x283807e5
20,B-A,1,optimized,256,gf_sqr,49,200,0x283807e5
20,B-A,2,reference,256,gf_mul,0,5933,0x283807e5
20,B-A,2,reference,256,gf_mul,1,5932,0x283807e5
20,B-A,2,reference,256,gf_mul,2,5932,0x283807e5
20,B-A,2,reference,256,gf_mul,3,5931,0x283807e5
20,B-A,2,reference,256,gf_mul,4,5931,0x283807e5
20,B-A,2,reference,256,gf_mul,5,5931,0x283807e5
20,B-A,2,reference,256,gf_mul,6,5931,0x283807e5
20,B-A,2,reference,256,gf_mul,7,5931,0x283807e5
20,B-A,2,reference,256,gf_mul,8,5931,0x283807e5
20,B-A,2,reference,256,gf_mul,9,5931,0x283807e5
20,B-A,2,reference,256,gf_mul,10,5931,0x283807e5
20,B-A,2,reference,256,gf_mul,11,5931,0x283807e5
20,B-A,2,reference,256,gf_mul,12,5931,0x283807e5
20,B-A,2,reference,256,gf_mul,13,5931,0x283807e5
20,B-A,2,reference,256,gf_mul,14,5931,0x283807e5
20,B-A,2,reference,256,gf_mul,15,5931,0x283807e5
20,B-A,2,reference,256,gf_mul,16,5931,0x283807e5
20,B-A,2,reference,256,gf_mul,17,5931,0x283807e5
20,B-A,2,reference,256,gf_mul,18,5931,0x283807e5
20,B-A,2,reference,256,gf_mul,19,5931,0x283807e5
20,B-A,2,reference,256,gf_mul,20,5931,0x283807e5
20,B-A,2,reference,256,gf_mul,21,5931,0x283807e5
20,B-A,2,reference,256,gf_mul,22,5931,0x283807e5
20,B-A,2,reference,256,gf_mul,23,5931,0x283807e5
20,B-A,2,reference,256,gf_mul,24,5931,0x283807e5
20,B-A,2,reference,256,gf_mul,25,5931,0x283807e5
20,B-A,2,reference,256,gf_mul,26,5931,0x283807e5
20,B-A,2,reference,256,gf_mul,27,5931,0x283807e5
20,B-A,2,reference,256,gf_mul,28,5931,0x283807e5
20,B-A,2,reference,256,gf_mul,29,5931,0x283807e5
20,B-A,2,reference,256,gf_mul,30,5931,0x283807e5
20,B-A,2,reference,256,gf_mul,31,5931,0x283807e5
20,B-A,2,reference,256,gf_mul,32,5931,0x283807e5
20,B-A,2,reference,256,gf_mul,33,5931,0x283807e5
20,B-A,2,reference,256,gf_mul,34,5931,0x283807e5
20,B-A,2,reference,256,gf_mul,35,5931,0x283807e5
20,B-A,2,reference,256,gf_mul,36,5931,0x283807e5
20,B-A,2,reference,256,gf_mul,37,5931,0x283807e5
20,B-A,2,reference,256,gf_mul,38,5931,0x283807e5
20,B-A,2,reference,256,gf_mul,39,5931,0x283807e5
20,B-A,2,reference,256,gf_mul,40,5931,0x283807e5
20,B-A,2,reference,256,gf_mul,41,5931,0x283807e5
20,B-A,2,reference,256,gf_mul,42,5931,0x283807e5
20,B-A,2,reference,256,gf_mul,43,5931,0x283807e5
20,B-A,2,reference,256,gf_mul,44,5931,0x283807e5
20,B-A,2,reference,256,gf_mul,45,5931,0x283807e5
20,B-A,2,reference,256,gf_mul,46,5931,0x283807e5
20,B-A,2,reference,256,gf_mul,47,5931,0x283807e5
20,B-A,2,reference,256,gf_mul,48,5931,0x283807e5
20,B-A,2,reference,256,gf_mul,49,5931,0x283807e5
20,B-A,2,reference,256,gf_sqr,0,203,0x283807e5
20,B-A,2,reference,256,gf_sqr,1,202,0x283807e5
20,B-A,2,reference,256,gf_sqr,2,203,0x283807e5
20,B-A,2,reference,256,gf_sqr,3,202,0x283807e5
20,B-A,2,reference,256,gf_sqr,4,202,0x283807e5
20,B-A,2,reference,256,gf_sqr,5,202,0x283807e5
20,B-A,2,reference,256,gf_sqr,6,202,0x283807e5
20,B-A,2,reference,256,gf_sqr,7,202,0x283807e5
20,B-A,2,reference,256,gf_sqr,8,202,0x283807e5
20,B-A,2,reference,256,gf_sqr,9,202,0x283807e5
20,B-A,2,reference,256,gf_sqr,10,202,0x283807e5
20,B-A,2,reference,256,gf_sqr,11,202,0x283807e5
20,B-A,2,reference,256,gf_sqr,12,202,0x283807e5
20,B-A,2,reference,256,gf_sqr,13,202,0x283807e5
20,B-A,2,reference,256,gf_sqr,14,202,0x283807e5
20,B-A,2,reference,256,gf_sqr,15,202,0x283807e5
20,B-A,2,reference,256,gf_sqr,16,202,0x283807e5
20,B-A,2,reference,256,gf_sqr,17,202,0x283807e5
20,B-A,2,reference,256,gf_sqr,18,202,0x283807e5
20,B-A,2,reference,256,gf_sqr,19,202,0x283807e5
20,B-A,2,reference,256,gf_sqr,20,202,0x283807e5
20,B-A,2,reference,256,gf_sqr,21,202,0x283807e5
20,B-A,2,reference,256,gf_sqr,22,202,0x283807e5
20,B-A,2,reference,256,gf_sqr,23,202,0x283807e5
20,B-A,2,reference,256,gf_sqr,24,202,0x283807e5
20,B-A,2,reference,256,gf_sqr,25,202,0x283807e5
20,B-A,2,reference,256,gf_sqr,26,202,0x283807e5
20,B-A,2,reference,256,gf_sqr,27,202,0x283807e5
20,B-A,2,reference,256,gf_sqr,28,202,0x283807e5
20,B-A,2,reference,256,gf_sqr,29,202,0x283807e5
20,B-A,2,reference,256,gf_sqr,30,202,0x283807e5
20,B-A,2,reference,256,gf_sqr,31,202,0x283807e5
20,B-A,2,reference,256,gf_sqr,32,202,0x283807e5
20,B-A,2,reference,256,gf_sqr,33,202,0x283807e5
20,B-A,2,reference,256,gf_sqr,34,202,0x283807e5
20,B-A,2,reference,256,gf_sqr,35,202,0x283807e5
20,B-A,2,reference,256,gf_sqr,36,202,0x283807e5
20,B-A,2,reference,256,gf_sqr,37,202,0x283807e5
20,B-A,2,reference,256,gf_sqr,38,202,0x283807e5
20,B-A,2,reference,256,gf_sqr,39,202,0x283807e5
20,B-A,2,reference,256,gf_sqr,40,202,0x283807e5
20,B-A,2,reference,256,gf_sqr,41,202,0x283807e5
20,B-A,2,reference,256,gf_sqr,42,202,0x283807e5
20,B-A,2,reference,256,gf_sqr,43,202,0x283807e5
20,B-A,2,reference,256,gf_sqr,44,202,0x283807e5
20,B-A,2,reference,256,gf_sqr,45,202,0x283807e5
20,B-A,2,reference,256,gf_sqr,46,202,0x283807e5
20,B-A,2,reference,256,gf_sqr,47,202,0x283807e5
20,B-A,2,reference,256,gf_sqr,48,202,0x283807e5
20,B-A,2,reference,256,gf_sqr,49,202,0x283807e5
21,A-B,1,reference,128,gf_mul,0,1969,0x54cada71
21,A-B,1,reference,128,gf_mul,1,1965,0x54cada71
21,A-B,1,reference,128,gf_mul,2,1965,0x54cada71
21,A-B,1,reference,128,gf_mul,3,1964,0x54cada71
21,A-B,1,reference,128,gf_mul,4,1964,0x54cada71
21,A-B,1,reference,128,gf_mul,5,1964,0x54cada71
21,A-B,1,reference,128,gf_mul,6,1964,0x54cada71
21,A-B,1,reference,128,gf_mul,7,1964,0x54cada71
21,A-B,1,reference,128,gf_mul,8,1964,0x54cada71
21,A-B,1,reference,128,gf_mul,9,1964,0x54cada71
21,A-B,1,reference,128,gf_mul,10,1964,0x54cada71
21,A-B,1,reference,128,gf_mul,11,1964,0x54cada71
21,A-B,1,reference,128,gf_mul,12,1964,0x54cada71
21,A-B,1,reference,128,gf_mul,13,1964,0x54cada71
21,A-B,1,reference,128,gf_mul,14,1964,0x54cada71
21,A-B,1,reference,128,gf_mul,15,1964,0x54cada71
21,A-B,1,reference,128,gf_mul,16,1964,0x54cada71
21,A-B,1,reference,128,gf_mul,17,1964,0x54cada71
21,A-B,1,reference,128,gf_mul,18,1964,0x54cada71
21,A-B,1,reference,128,gf_mul,19,1964,0x54cada71
21,A-B,1,reference,128,gf_mul,20,1964,0x54cada71
21,A-B,1,reference,128,gf_mul,21,1964,0x54cada71
21,A-B,1,reference,128,gf_mul,22,1964,0x54cada71
21,A-B,1,reference,128,gf_mul,23,1964,0x54cada71
21,A-B,1,reference,128,gf_mul,24,1964,0x54cada71
21,A-B,1,reference,128,gf_mul,25,1964,0x54cada71
21,A-B,1,reference,128,gf_mul,26,1964,0x54cada71
21,A-B,1,reference,128,gf_mul,27,1964,0x54cada71
21,A-B,1,reference,128,gf_mul,28,1964,0x54cada71
21,A-B,1,reference,128,gf_mul,29,1964,0x54cada71
21,A-B,1,reference,128,gf_mul,30,1964,0x54cada71
21,A-B,1,reference,128,gf_mul,31,1964,0x54cada71
21,A-B,1,reference,128,gf_mul,32,1964,0x54cada71
21,A-B,1,reference,128,gf_mul,33,1964,0x54cada71
21,A-B,1,reference,128,gf_mul,34,1964,0x54cada71
21,A-B,1,reference,128,gf_mul,35,1964,0x54cada71
21,A-B,1,reference,128,gf_mul,36,1964,0x54cada71
21,A-B,1,reference,128,gf_mul,37,1964,0x54cada71
21,A-B,1,reference,128,gf_mul,38,1964,0x54cada71
21,A-B,1,reference,128,gf_mul,39,1964,0x54cada71
21,A-B,1,reference,128,gf_mul,40,1964,0x54cada71
21,A-B,1,reference,128,gf_mul,41,1964,0x54cada71
21,A-B,1,reference,128,gf_mul,42,1964,0x54cada71
21,A-B,1,reference,128,gf_mul,43,1964,0x54cada71
21,A-B,1,reference,128,gf_mul,44,1964,0x54cada71
21,A-B,1,reference,128,gf_mul,45,1964,0x54cada71
21,A-B,1,reference,128,gf_mul,46,1964,0x54cada71
21,A-B,1,reference,128,gf_mul,47,1964,0x54cada71
21,A-B,1,reference,128,gf_mul,48,1964,0x54cada71
21,A-B,1,reference,128,gf_mul,49,1964,0x54cada71
21,A-B,1,reference,128,gf_sqr,0,107,0x54cada71
21,A-B,1,reference,128,gf_sqr,1,103,0x54cada71
21,A-B,1,reference,128,gf_sqr,2,103,0x54cada71
21,A-B,1,reference,128,gf_sqr,3,102,0x54cada71
21,A-B,1,reference,128,gf_sqr,4,102,0x54cada71
21,A-B,1,reference,128,gf_sqr,5,102,0x54cada71
21,A-B,1,reference,128,gf_sqr,6,102,0x54cada71
21,A-B,1,reference,128,gf_sqr,7,102,0x54cada71
21,A-B,1,reference,128,gf_sqr,8,102,0x54cada71
21,A-B,1,reference,128,gf_sqr,9,102,0x54cada71
21,A-B,1,reference,128,gf_sqr,10,102,0x54cada71
21,A-B,1,reference,128,gf_sqr,11,102,0x54cada71
21,A-B,1,reference,128,gf_sqr,12,102,0x54cada71
21,A-B,1,reference,128,gf_sqr,13,102,0x54cada71
21,A-B,1,reference,128,gf_sqr,14,102,0x54cada71
21,A-B,1,reference,128,gf_sqr,15,102,0x54cada71
21,A-B,1,reference,128,gf_sqr,16,102,0x54cada71
21,A-B,1,reference,128,gf_sqr,17,102,0x54cada71
21,A-B,1,reference,128,gf_sqr,18,102,0x54cada71
21,A-B,1,reference,128,gf_sqr,19,102,0x54cada71
21,A-B,1,reference,128,gf_sqr,20,102,0x54cada71
21,A-B,1,reference,128,gf_sqr,21,102,0x54cada71
21,A-B,1,reference,128,gf_sqr,22,102,0x54cada71
21,A-B,1,reference,128,gf_sqr,23,102,0x54cada71
21,A-B,1,reference,128,gf_sqr,24,102,0x54cada71
21,A-B,1,reference,128,gf_sqr,25,102,0x54cada71
21,A-B,1,reference,128,gf_sqr,26,102,0x54cada71
21,A-B,1,reference,128,gf_sqr,27,102,0x54cada71
21,A-B,1,reference,128,gf_sqr,28,102,0x54cada71
21,A-B,1,reference,128,gf_sqr,29,102,0x54cada71
21,A-B,1,reference,128,gf_sqr,30,102,0x54cada71
21,A-B,1,reference,128,gf_sqr,31,102,0x54cada71
21,A-B,1,reference,128,gf_sqr,32,102,0x54cada71
21,A-B,1,reference,128,gf_sqr,33,102,0x54cada71
21,A-B,1,reference,128,gf_sqr,34,102,0x54cada71
21,A-B,1,reference,128,gf_sqr,35,102,0x54cada71
21,A-B,1,reference,128,gf_sqr,36,102,0x54cada71
21,A-B,1,reference,128,gf_sqr,37,102,0x54cada71
21,A-B,1,reference,128,gf_sqr,38,102,0x54cada71
21,A-B,1,reference,128,gf_sqr,39,102,0x54cada71
21,A-B,1,reference,128,gf_sqr,40,102,0x54cada71
21,A-B,1,reference,128,gf_sqr,41,102,0x54cada71
21,A-B,1,reference,128,gf_sqr,42,102,0x54cada71
21,A-B,1,reference,128,gf_sqr,43,102,0x54cada71
21,A-B,1,reference,128,gf_sqr,44,102,0x54cada71
21,A-B,1,reference,128,gf_sqr,45,102,0x54cada71
21,A-B,1,reference,128,gf_sqr,46,102,0x54cada71
21,A-B,1,reference,128,gf_sqr,47,102,0x54cada71
21,A-B,1,reference,128,gf_sqr,48,102,0x54cada71
21,A-B,1,reference,128,gf_sqr,49,102,0x54cada71
21,A-B,2,optimized,128,gf_mul,0,1969,0x54cada71
21,A-B,2,optimized,128,gf_mul,1,1968,0x54cada71
21,A-B,2,optimized,128,gf_mul,2,1968,0x54cada71
21,A-B,2,optimized,128,gf_mul,3,1967,0x54cada71
21,A-B,2,optimized,128,gf_mul,4,1967,0x54cada71
21,A-B,2,optimized,128,gf_mul,5,1967,0x54cada71
21,A-B,2,optimized,128,gf_mul,6,1967,0x54cada71
21,A-B,2,optimized,128,gf_mul,7,1967,0x54cada71
21,A-B,2,optimized,128,gf_mul,8,1967,0x54cada71
21,A-B,2,optimized,128,gf_mul,9,1967,0x54cada71
21,A-B,2,optimized,128,gf_mul,10,1967,0x54cada71
21,A-B,2,optimized,128,gf_mul,11,1967,0x54cada71
21,A-B,2,optimized,128,gf_mul,12,1967,0x54cada71
21,A-B,2,optimized,128,gf_mul,13,1967,0x54cada71
21,A-B,2,optimized,128,gf_mul,14,1967,0x54cada71
21,A-B,2,optimized,128,gf_mul,15,1967,0x54cada71
21,A-B,2,optimized,128,gf_mul,16,1967,0x54cada71
21,A-B,2,optimized,128,gf_mul,17,1967,0x54cada71
21,A-B,2,optimized,128,gf_mul,18,1967,0x54cada71
21,A-B,2,optimized,128,gf_mul,19,1967,0x54cada71
21,A-B,2,optimized,128,gf_mul,20,1967,0x54cada71
21,A-B,2,optimized,128,gf_mul,21,1967,0x54cada71
21,A-B,2,optimized,128,gf_mul,22,1967,0x54cada71
21,A-B,2,optimized,128,gf_mul,23,1967,0x54cada71
21,A-B,2,optimized,128,gf_mul,24,1967,0x54cada71
21,A-B,2,optimized,128,gf_mul,25,1967,0x54cada71
21,A-B,2,optimized,128,gf_mul,26,1967,0x54cada71
21,A-B,2,optimized,128,gf_mul,27,1967,0x54cada71
21,A-B,2,optimized,128,gf_mul,28,1967,0x54cada71
21,A-B,2,optimized,128,gf_mul,29,1967,0x54cada71
21,A-B,2,optimized,128,gf_mul,30,1967,0x54cada71
21,A-B,2,optimized,128,gf_mul,31,1967,0x54cada71
21,A-B,2,optimized,128,gf_mul,32,1967,0x54cada71
21,A-B,2,optimized,128,gf_mul,33,1967,0x54cada71
21,A-B,2,optimized,128,gf_mul,34,1967,0x54cada71
21,A-B,2,optimized,128,gf_mul,35,1967,0x54cada71
21,A-B,2,optimized,128,gf_mul,36,1967,0x54cada71
21,A-B,2,optimized,128,gf_mul,37,1967,0x54cada71
21,A-B,2,optimized,128,gf_mul,38,1967,0x54cada71
21,A-B,2,optimized,128,gf_mul,39,1967,0x54cada71
21,A-B,2,optimized,128,gf_mul,40,1967,0x54cada71
21,A-B,2,optimized,128,gf_mul,41,1967,0x54cada71
21,A-B,2,optimized,128,gf_mul,42,1967,0x54cada71
21,A-B,2,optimized,128,gf_mul,43,1967,0x54cada71
21,A-B,2,optimized,128,gf_mul,44,1967,0x54cada71
21,A-B,2,optimized,128,gf_mul,45,1967,0x54cada71
21,A-B,2,optimized,128,gf_mul,46,1967,0x54cada71
21,A-B,2,optimized,128,gf_mul,47,1967,0x54cada71
21,A-B,2,optimized,128,gf_mul,48,1967,0x54cada71
21,A-B,2,optimized,128,gf_mul,49,1967,0x54cada71
21,A-B,2,optimized,128,gf_sqr,0,107,0x54cada71
21,A-B,2,optimized,128,gf_sqr,1,107,0x54cada71
21,A-B,2,optimized,128,gf_sqr,2,107,0x54cada71
21,A-B,2,optimized,128,gf_sqr,3,106,0x54cada71
21,A-B,2,optimized,128,gf_sqr,4,106,0x54cada71
21,A-B,2,optimized,128,gf_sqr,5,106,0x54cada71
21,A-B,2,optimized,128,gf_sqr,6,106,0x54cada71
21,A-B,2,optimized,128,gf_sqr,7,106,0x54cada71
21,A-B,2,optimized,128,gf_sqr,8,106,0x54cada71
21,A-B,2,optimized,128,gf_sqr,9,106,0x54cada71
21,A-B,2,optimized,128,gf_sqr,10,106,0x54cada71
21,A-B,2,optimized,128,gf_sqr,11,106,0x54cada71
21,A-B,2,optimized,128,gf_sqr,12,106,0x54cada71
21,A-B,2,optimized,128,gf_sqr,13,106,0x54cada71
21,A-B,2,optimized,128,gf_sqr,14,106,0x54cada71
21,A-B,2,optimized,128,gf_sqr,15,106,0x54cada71
21,A-B,2,optimized,128,gf_sqr,16,106,0x54cada71
21,A-B,2,optimized,128,gf_sqr,17,106,0x54cada71
21,A-B,2,optimized,128,gf_sqr,18,106,0x54cada71
21,A-B,2,optimized,128,gf_sqr,19,106,0x54cada71
21,A-B,2,optimized,128,gf_sqr,20,106,0x54cada71
21,A-B,2,optimized,128,gf_sqr,21,106,0x54cada71
21,A-B,2,optimized,128,gf_sqr,22,106,0x54cada71
21,A-B,2,optimized,128,gf_sqr,23,106,0x54cada71
21,A-B,2,optimized,128,gf_sqr,24,106,0x54cada71
21,A-B,2,optimized,128,gf_sqr,25,106,0x54cada71
21,A-B,2,optimized,128,gf_sqr,26,106,0x54cada71
21,A-B,2,optimized,128,gf_sqr,27,106,0x54cada71
21,A-B,2,optimized,128,gf_sqr,28,106,0x54cada71
21,A-B,2,optimized,128,gf_sqr,29,106,0x54cada71
21,A-B,2,optimized,128,gf_sqr,30,106,0x54cada71
21,A-B,2,optimized,128,gf_sqr,31,106,0x54cada71
21,A-B,2,optimized,128,gf_sqr,32,106,0x54cada71
21,A-B,2,optimized,128,gf_sqr,33,106,0x54cada71
21,A-B,2,optimized,128,gf_sqr,34,106,0x54cada71
21,A-B,2,optimized,128,gf_sqr,35,106,0x54cada71
21,A-B,2,optimized,128,gf_sqr,36,106,0x54cada71
21,A-B,2,optimized,128,gf_sqr,37,106,0x54cada71
21,A-B,2,optimized,128,gf_sqr,38,106,0x54cada71
21,A-B,2,optimized,128,gf_sqr,39,106,0x54cada71
21,A-B,2,optimized,128,gf_sqr,40,106,0x54cada71
21,A-B,2,optimized,128,gf_sqr,41,106,0x54cada71
21,A-B,2,optimized,128,gf_sqr,42,106,0x54cada71
21,A-B,2,optimized,128,gf_sqr,43,106,0x54cada71
21,A-B,2,optimized,128,gf_sqr,44,106,0x54cada71
21,A-B,2,optimized,128,gf_sqr,45,106,0x54cada71
21,A-B,2,optimized,128,gf_sqr,46,106,0x54cada71
21,A-B,2,optimized,128,gf_sqr,47,106,0x54cada71
21,A-B,2,optimized,128,gf_sqr,48,106,0x54cada71
21,A-B,2,optimized,128,gf_sqr,49,106,0x54cada71
21,A-B,1,reference,192,gf_mul,0,3927,0x2bf8b731
21,A-B,1,reference,192,gf_mul,1,3927,0x2bf8b731
21,A-B,1,reference,192,gf_mul,2,3927,0x2bf8b731
21,A-B,1,reference,192,gf_mul,3,3926,0x2bf8b731
21,A-B,1,reference,192,gf_mul,4,3926,0x2bf8b731
21,A-B,1,reference,192,gf_mul,5,3926,0x2bf8b731
21,A-B,1,reference,192,gf_mul,6,3926,0x2bf8b731
21,A-B,1,reference,192,gf_mul,7,3926,0x2bf8b731
21,A-B,1,reference,192,gf_mul,8,3926,0x2bf8b731
21,A-B,1,reference,192,gf_mul,9,3926,0x2bf8b731
21,A-B,1,reference,192,gf_mul,10,3926,0x2bf8b731
21,A-B,1,reference,192,gf_mul,11,3926,0x2bf8b731
21,A-B,1,reference,192,gf_mul,12,3926,0x2bf8b731
21,A-B,1,reference,192,gf_mul,13,3926,0x2bf8b731
21,A-B,1,reference,192,gf_mul,14,3926,0x2bf8b731
21,A-B,1,reference,192,gf_mul,15,3926,0x2bf8b731
21,A-B,1,reference,192,gf_mul,16,3926,0x2bf8b731
21,A-B,1,reference,192,gf_mul,17,3926,0x2bf8b731
21,A-B,1,reference,192,gf_mul,18,3926,0x2bf8b731
21,A-B,1,reference,192,gf_mul,19,3926,0x2bf8b731
21,A-B,1,reference,192,gf_mul,20,3926,0x2bf8b731
21,A-B,1,reference,192,gf_mul,21,3926,0x2bf8b731
21,A-B,1,reference,192,gf_mul,22,3926,0x2bf8b731
21,A-B,1,reference,192,gf_mul,23,3926,0x2bf8b731
21,A-B,1,reference,192,gf_mul,24,3926,0x2bf8b731
21,A-B,1,reference,192,gf_mul,25,3926,0x2bf8b731
21,A-B,1,reference,192,gf_mul,26,3926,0x2bf8b731
21,A-B,1,reference,192,gf_mul,27,3926,0x2bf8b731
21,A-B,1,reference,192,gf_mul,28,3926,0x2bf8b731
21,A-B,1,reference,192,gf_mul,29,3926,0x2bf8b731
21,A-B,1,reference,192,gf_mul,30,3926,0x2bf8b731
21,A-B,1,reference,192,gf_mul,31,3926,0x2bf8b731
21,A-B,1,reference,192,gf_mul,32,3926,0x2bf8b731
21,A-B,1,reference,192,gf_mul,33,3926,0x2bf8b731
21,A-B,1,reference,192,gf_mul,34,3926,0x2bf8b731
21,A-B,1,reference,192,gf_mul,35,3926,0x2bf8b731
21,A-B,1,reference,192,gf_mul,36,3926,0x2bf8b731
21,A-B,1,reference,192,gf_mul,37,3926,0x2bf8b731
21,A-B,1,reference,192,gf_mul,38,3926,0x2bf8b731
21,A-B,1,reference,192,gf_mul,39,3926,0x2bf8b731
21,A-B,1,reference,192,gf_mul,40,3926,0x2bf8b731
21,A-B,1,reference,192,gf_mul,41,3926,0x2bf8b731
21,A-B,1,reference,192,gf_mul,42,3926,0x2bf8b731
21,A-B,1,reference,192,gf_mul,43,3926,0x2bf8b731
21,A-B,1,reference,192,gf_mul,44,3926,0x2bf8b731
21,A-B,1,reference,192,gf_mul,45,3926,0x2bf8b731
21,A-B,1,reference,192,gf_mul,46,3926,0x2bf8b731
21,A-B,1,reference,192,gf_mul,47,3926,0x2bf8b731
21,A-B,1,reference,192,gf_mul,48,3926,0x2bf8b731
21,A-B,1,reference,192,gf_mul,49,3926,0x2bf8b731
21,A-B,1,reference,192,gf_sqr,0,144,0x2bf8b731
21,A-B,1,reference,192,gf_sqr,1,144,0x2bf8b731
21,A-B,1,reference,192,gf_sqr,2,143,0x2bf8b731
21,A-B,1,reference,192,gf_sqr,3,144,0x2bf8b731
21,A-B,1,reference,192,gf_sqr,4,144,0x2bf8b731
21,A-B,1,reference,192,gf_sqr,5,144,0x2bf8b731
21,A-B,1,reference,192,gf_sqr,6,144,0x2bf8b731
21,A-B,1,reference,192,gf_sqr,7,144,0x2bf8b731
21,A-B,1,reference,192,gf_sqr,8,144,0x2bf8b731
21,A-B,1,reference,192,gf_sqr,9,144,0x2bf8b731
21,A-B,1,reference,192,gf_sqr,10,144,0x2bf8b731
21,A-B,1,reference,192,gf_sqr,11,144,0x2bf8b731
21,A-B,1,reference,192,gf_sqr,12,144,0x2bf8b731
21,A-B,1,reference,192,gf_sqr,13,144,0x2bf8b731
21,A-B,1,reference,192,gf_sqr,14,144,0x2bf8b731
21,A-B,1,reference,192,gf_sqr,15,144,0x2bf8b731
21,A-B,1,reference,192,gf_sqr,16,144,0x2bf8b731
21,A-B,1,reference,192,gf_sqr,17,144,0x2bf8b731
21,A-B,1,reference,192,gf_sqr,18,144,0x2bf8b731
21,A-B,1,reference,192,gf_sqr,19,144,0x2bf8b731
21,A-B,1,reference,192,gf_sqr,20,144,0x2bf8b731
21,A-B,1,reference,192,gf_sqr,21,144,0x2bf8b731
21,A-B,1,reference,192,gf_sqr,22,144,0x2bf8b731
21,A-B,1,reference,192,gf_sqr,23,144,0x2bf8b731
21,A-B,1,reference,192,gf_sqr,24,144,0x2bf8b731
21,A-B,1,reference,192,gf_sqr,25,144,0x2bf8b731
21,A-B,1,reference,192,gf_sqr,26,144,0x2bf8b731
21,A-B,1,reference,192,gf_sqr,27,144,0x2bf8b731
21,A-B,1,reference,192,gf_sqr,28,144,0x2bf8b731
21,A-B,1,reference,192,gf_sqr,29,144,0x2bf8b731
21,A-B,1,reference,192,gf_sqr,30,144,0x2bf8b731
21,A-B,1,reference,192,gf_sqr,31,144,0x2bf8b731
21,A-B,1,reference,192,gf_sqr,32,144,0x2bf8b731
21,A-B,1,reference,192,gf_sqr,33,144,0x2bf8b731
21,A-B,1,reference,192,gf_sqr,34,144,0x2bf8b731
21,A-B,1,reference,192,gf_sqr,35,144,0x2bf8b731
21,A-B,1,reference,192,gf_sqr,36,144,0x2bf8b731
21,A-B,1,reference,192,gf_sqr,37,144,0x2bf8b731
21,A-B,1,reference,192,gf_sqr,38,144,0x2bf8b731
21,A-B,1,reference,192,gf_sqr,39,144,0x2bf8b731
21,A-B,1,reference,192,gf_sqr,40,144,0x2bf8b731
21,A-B,1,reference,192,gf_sqr,41,144,0x2bf8b731
21,A-B,1,reference,192,gf_sqr,42,144,0x2bf8b731
21,A-B,1,reference,192,gf_sqr,43,144,0x2bf8b731
21,A-B,1,reference,192,gf_sqr,44,144,0x2bf8b731
21,A-B,1,reference,192,gf_sqr,45,144,0x2bf8b731
21,A-B,1,reference,192,gf_sqr,46,144,0x2bf8b731
21,A-B,1,reference,192,gf_sqr,47,144,0x2bf8b731
21,A-B,1,reference,192,gf_sqr,48,144,0x2bf8b731
21,A-B,1,reference,192,gf_sqr,49,144,0x2bf8b731
21,A-B,2,optimized,192,gf_mul,0,3927,0x2bf8b731
21,A-B,2,optimized,192,gf_mul,1,3927,0x2bf8b731
21,A-B,2,optimized,192,gf_mul,2,3927,0x2bf8b731
21,A-B,2,optimized,192,gf_mul,3,3926,0x2bf8b731
21,A-B,2,optimized,192,gf_mul,4,3926,0x2bf8b731
21,A-B,2,optimized,192,gf_mul,5,3926,0x2bf8b731
21,A-B,2,optimized,192,gf_mul,6,3926,0x2bf8b731
21,A-B,2,optimized,192,gf_mul,7,3926,0x2bf8b731
21,A-B,2,optimized,192,gf_mul,8,3926,0x2bf8b731
21,A-B,2,optimized,192,gf_mul,9,3926,0x2bf8b731
21,A-B,2,optimized,192,gf_mul,10,3926,0x2bf8b731
21,A-B,2,optimized,192,gf_mul,11,3926,0x2bf8b731
21,A-B,2,optimized,192,gf_mul,12,3926,0x2bf8b731
21,A-B,2,optimized,192,gf_mul,13,3926,0x2bf8b731
21,A-B,2,optimized,192,gf_mul,14,3926,0x2bf8b731
21,A-B,2,optimized,192,gf_mul,15,3926,0x2bf8b731
21,A-B,2,optimized,192,gf_mul,16,3926,0x2bf8b731
21,A-B,2,optimized,192,gf_mul,17,3926,0x2bf8b731
21,A-B,2,optimized,192,gf_mul,18,3926,0x2bf8b731
21,A-B,2,optimized,192,gf_mul,19,3926,0x2bf8b731
21,A-B,2,optimized,192,gf_mul,20,3926,0x2bf8b731
21,A-B,2,optimized,192,gf_mul,21,3926,0x2bf8b731
21,A-B,2,optimized,192,gf_mul,22,3926,0x2bf8b731
21,A-B,2,optimized,192,gf_mul,23,3926,0x2bf8b731
21,A-B,2,optimized,192,gf_mul,24,3926,0x2bf8b731
21,A-B,2,optimized,192,gf_mul,25,3926,0x2bf8b731
21,A-B,2,optimized,192,gf_mul,26,3926,0x2bf8b731
21,A-B,2,optimized,192,gf_mul,27,3926,0x2bf8b731
21,A-B,2,optimized,192,gf_mul,28,3926,0x2bf8b731
21,A-B,2,optimized,192,gf_mul,29,3926,0x2bf8b731
21,A-B,2,optimized,192,gf_mul,30,3926,0x2bf8b731
21,A-B,2,optimized,192,gf_mul,31,3926,0x2bf8b731
21,A-B,2,optimized,192,gf_mul,32,3926,0x2bf8b731
21,A-B,2,optimized,192,gf_mul,33,3926,0x2bf8b731
21,A-B,2,optimized,192,gf_mul,34,3926,0x2bf8b731
21,A-B,2,optimized,192,gf_mul,35,3926,0x2bf8b731
21,A-B,2,optimized,192,gf_mul,36,3926,0x2bf8b731
21,A-B,2,optimized,192,gf_mul,37,3926,0x2bf8b731
21,A-B,2,optimized,192,gf_mul,38,3926,0x2bf8b731
21,A-B,2,optimized,192,gf_mul,39,3926,0x2bf8b731
21,A-B,2,optimized,192,gf_mul,40,3926,0x2bf8b731
21,A-B,2,optimized,192,gf_mul,41,3926,0x2bf8b731
21,A-B,2,optimized,192,gf_mul,42,3926,0x2bf8b731
21,A-B,2,optimized,192,gf_mul,43,3926,0x2bf8b731
21,A-B,2,optimized,192,gf_mul,44,3926,0x2bf8b731
21,A-B,2,optimized,192,gf_mul,45,3926,0x2bf8b731
21,A-B,2,optimized,192,gf_mul,46,3926,0x2bf8b731
21,A-B,2,optimized,192,gf_mul,47,3926,0x2bf8b731
21,A-B,2,optimized,192,gf_mul,48,3926,0x2bf8b731
21,A-B,2,optimized,192,gf_mul,49,3926,0x2bf8b731
21,A-B,2,optimized,192,gf_sqr,0,144,0x2bf8b731
21,A-B,2,optimized,192,gf_sqr,1,144,0x2bf8b731
21,A-B,2,optimized,192,gf_sqr,2,143,0x2bf8b731
21,A-B,2,optimized,192,gf_sqr,3,144,0x2bf8b731
21,A-B,2,optimized,192,gf_sqr,4,144,0x2bf8b731
21,A-B,2,optimized,192,gf_sqr,5,144,0x2bf8b731
21,A-B,2,optimized,192,gf_sqr,6,144,0x2bf8b731
21,A-B,2,optimized,192,gf_sqr,7,144,0x2bf8b731
21,A-B,2,optimized,192,gf_sqr,8,144,0x2bf8b731
21,A-B,2,optimized,192,gf_sqr,9,144,0x2bf8b731
21,A-B,2,optimized,192,gf_sqr,10,144,0x2bf8b731
21,A-B,2,optimized,192,gf_sqr,11,144,0x2bf8b731
21,A-B,2,optimized,192,gf_sqr,12,144,0x2bf8b731
21,A-B,2,optimized,192,gf_sqr,13,144,0x2bf8b731
21,A-B,2,optimized,192,gf_sqr,14,144,0x2bf8b731
21,A-B,2,optimized,192,gf_sqr,15,144,0x2bf8b731
21,A-B,2,optimized,192,gf_sqr,16,144,0x2bf8b731
21,A-B,2,optimized,192,gf_sqr,17,144,0x2bf8b731
21,A-B,2,optimized,192,gf_sqr,18,144,0x2bf8b731
21,A-B,2,optimized,192,gf_sqr,19,144,0x2bf8b731
21,A-B,2,optimized,192,gf_sqr,20,144,0x2bf8b731
21,A-B,2,optimized,192,gf_sqr,21,144,0x2bf8b731
21,A-B,2,optimized,192,gf_sqr,22,144,0x2bf8b731
21,A-B,2,optimized,192,gf_sqr,23,144,0x2bf8b731
21,A-B,2,optimized,192,gf_sqr,24,144,0x2bf8b731
21,A-B,2,optimized,192,gf_sqr,25,144,0x2bf8b731
21,A-B,2,optimized,192,gf_sqr,26,144,0x2bf8b731
21,A-B,2,optimized,192,gf_sqr,27,144,0x2bf8b731
21,A-B,2,optimized,192,gf_sqr,28,144,0x2bf8b731
21,A-B,2,optimized,192,gf_sqr,29,144,0x2bf8b731
21,A-B,2,optimized,192,gf_sqr,30,144,0x2bf8b731
21,A-B,2,optimized,192,gf_sqr,31,144,0x2bf8b731
21,A-B,2,optimized,192,gf_sqr,32,144,0x2bf8b731
21,A-B,2,optimized,192,gf_sqr,33,144,0x2bf8b731
21,A-B,2,optimized,192,gf_sqr,34,144,0x2bf8b731
21,A-B,2,optimized,192,gf_sqr,35,144,0x2bf8b731
21,A-B,2,optimized,192,gf_sqr,36,144,0x2bf8b731
21,A-B,2,optimized,192,gf_sqr,37,144,0x2bf8b731
21,A-B,2,optimized,192,gf_sqr,38,144,0x2bf8b731
21,A-B,2,optimized,192,gf_sqr,39,144,0x2bf8b731
21,A-B,2,optimized,192,gf_sqr,40,144,0x2bf8b731
21,A-B,2,optimized,192,gf_sqr,41,144,0x2bf8b731
21,A-B,2,optimized,192,gf_sqr,42,144,0x2bf8b731
21,A-B,2,optimized,192,gf_sqr,43,144,0x2bf8b731
21,A-B,2,optimized,192,gf_sqr,44,144,0x2bf8b731
21,A-B,2,optimized,192,gf_sqr,45,144,0x2bf8b731
21,A-B,2,optimized,192,gf_sqr,46,144,0x2bf8b731
21,A-B,2,optimized,192,gf_sqr,47,144,0x2bf8b731
21,A-B,2,optimized,192,gf_sqr,48,144,0x2bf8b731
21,A-B,2,optimized,192,gf_sqr,49,144,0x2bf8b731
21,A-B,1,reference,256,gf_mul,0,5933,0x283807e5
21,A-B,1,reference,256,gf_mul,1,5932,0x283807e5
21,A-B,1,reference,256,gf_mul,2,5932,0x283807e5
21,A-B,1,reference,256,gf_mul,3,5931,0x283807e5
21,A-B,1,reference,256,gf_mul,4,5931,0x283807e5
21,A-B,1,reference,256,gf_mul,5,5931,0x283807e5
21,A-B,1,reference,256,gf_mul,6,5931,0x283807e5
21,A-B,1,reference,256,gf_mul,7,5931,0x283807e5
21,A-B,1,reference,256,gf_mul,8,5931,0x283807e5
21,A-B,1,reference,256,gf_mul,9,5931,0x283807e5
21,A-B,1,reference,256,gf_mul,10,5931,0x283807e5
21,A-B,1,reference,256,gf_mul,11,5931,0x283807e5
21,A-B,1,reference,256,gf_mul,12,5931,0x283807e5
21,A-B,1,reference,256,gf_mul,13,5931,0x283807e5
21,A-B,1,reference,256,gf_mul,14,5931,0x283807e5
21,A-B,1,reference,256,gf_mul,15,5931,0x283807e5
21,A-B,1,reference,256,gf_mul,16,5931,0x283807e5
21,A-B,1,reference,256,gf_mul,17,5931,0x283807e5
21,A-B,1,reference,256,gf_mul,18,5931,0x283807e5
21,A-B,1,reference,256,gf_mul,19,5931,0x283807e5
21,A-B,1,reference,256,gf_mul,20,5931,0x283807e5
21,A-B,1,reference,256,gf_mul,21,5931,0x283807e5
21,A-B,1,reference,256,gf_mul,22,5931,0x283807e5
21,A-B,1,reference,256,gf_mul,23,5931,0x283807e5
21,A-B,1,reference,256,gf_mul,24,5931,0x283807e5
21,A-B,1,reference,256,gf_mul,25,5931,0x283807e5
21,A-B,1,reference,256,gf_mul,26,5931,0x283807e5
21,A-B,1,reference,256,gf_mul,27,5931,0x283807e5
21,A-B,1,reference,256,gf_mul,28,5931,0x283807e5
21,A-B,1,reference,256,gf_mul,29,5931,0x283807e5
21,A-B,1,reference,256,gf_mul,30,5931,0x283807e5
21,A-B,1,reference,256,gf_mul,31,5931,0x283807e5
21,A-B,1,reference,256,gf_mul,32,5931,0x283807e5
21,A-B,1,reference,256,gf_mul,33,5931,0x283807e5
21,A-B,1,reference,256,gf_mul,34,5931,0x283807e5
21,A-B,1,reference,256,gf_mul,35,5931,0x283807e5
21,A-B,1,reference,256,gf_mul,36,5931,0x283807e5
21,A-B,1,reference,256,gf_mul,37,5931,0x283807e5
21,A-B,1,reference,256,gf_mul,38,5931,0x283807e5
21,A-B,1,reference,256,gf_mul,39,5931,0x283807e5
21,A-B,1,reference,256,gf_mul,40,5931,0x283807e5
21,A-B,1,reference,256,gf_mul,41,5931,0x283807e5
21,A-B,1,reference,256,gf_mul,42,5931,0x283807e5
21,A-B,1,reference,256,gf_mul,43,5931,0x283807e5
21,A-B,1,reference,256,gf_mul,44,5931,0x283807e5
21,A-B,1,reference,256,gf_mul,45,5931,0x283807e5
21,A-B,1,reference,256,gf_mul,46,5931,0x283807e5
21,A-B,1,reference,256,gf_mul,47,5931,0x283807e5
21,A-B,1,reference,256,gf_mul,48,5931,0x283807e5
21,A-B,1,reference,256,gf_mul,49,5931,0x283807e5
21,A-B,1,reference,256,gf_sqr,0,203,0x283807e5
21,A-B,1,reference,256,gf_sqr,1,202,0x283807e5
21,A-B,1,reference,256,gf_sqr,2,203,0x283807e5
21,A-B,1,reference,256,gf_sqr,3,202,0x283807e5
21,A-B,1,reference,256,gf_sqr,4,202,0x283807e5
21,A-B,1,reference,256,gf_sqr,5,202,0x283807e5
21,A-B,1,reference,256,gf_sqr,6,202,0x283807e5
21,A-B,1,reference,256,gf_sqr,7,202,0x283807e5
21,A-B,1,reference,256,gf_sqr,8,202,0x283807e5
21,A-B,1,reference,256,gf_sqr,9,202,0x283807e5
21,A-B,1,reference,256,gf_sqr,10,202,0x283807e5
21,A-B,1,reference,256,gf_sqr,11,202,0x283807e5
21,A-B,1,reference,256,gf_sqr,12,202,0x283807e5
21,A-B,1,reference,256,gf_sqr,13,202,0x283807e5
21,A-B,1,reference,256,gf_sqr,14,202,0x283807e5
21,A-B,1,reference,256,gf_sqr,15,202,0x283807e5
21,A-B,1,reference,256,gf_sqr,16,202,0x283807e5
21,A-B,1,reference,256,gf_sqr,17,202,0x283807e5
21,A-B,1,reference,256,gf_sqr,18,202,0x283807e5
21,A-B,1,reference,256,gf_sqr,19,202,0x283807e5
21,A-B,1,reference,256,gf_sqr,20,202,0x283807e5
21,A-B,1,reference,256,gf_sqr,21,202,0x283807e5
21,A-B,1,reference,256,gf_sqr,22,202,0x283807e5
21,A-B,1,reference,256,gf_sqr,23,202,0x283807e5
21,A-B,1,reference,256,gf_sqr,24,202,0x283807e5
21,A-B,1,reference,256,gf_sqr,25,202,0x283807e5
21,A-B,1,reference,256,gf_sqr,26,202,0x283807e5
21,A-B,1,reference,256,gf_sqr,27,202,0x283807e5
21,A-B,1,reference,256,gf_sqr,28,202,0x283807e5
21,A-B,1,reference,256,gf_sqr,29,202,0x283807e5
21,A-B,1,reference,256,gf_sqr,30,202,0x283807e5
21,A-B,1,reference,256,gf_sqr,31,202,0x283807e5
21,A-B,1,reference,256,gf_sqr,32,202,0x283807e5
21,A-B,1,reference,256,gf_sqr,33,202,0x283807e5
21,A-B,1,reference,256,gf_sqr,34,202,0x283807e5
21,A-B,1,reference,256,gf_sqr,35,202,0x283807e5
21,A-B,1,reference,256,gf_sqr,36,202,0x283807e5
21,A-B,1,reference,256,gf_sqr,37,202,0x283807e5
21,A-B,1,reference,256,gf_sqr,38,202,0x283807e5
21,A-B,1,reference,256,gf_sqr,39,202,0x283807e5
21,A-B,1,reference,256,gf_sqr,40,202,0x283807e5
21,A-B,1,reference,256,gf_sqr,41,202,0x283807e5
21,A-B,1,reference,256,gf_sqr,42,202,0x283807e5
21,A-B,1,reference,256,gf_sqr,43,202,0x283807e5
21,A-B,1,reference,256,gf_sqr,44,202,0x283807e5
21,A-B,1,reference,256,gf_sqr,45,202,0x283807e5
21,A-B,1,reference,256,gf_sqr,46,202,0x283807e5
21,A-B,1,reference,256,gf_sqr,47,202,0x283807e5
21,A-B,1,reference,256,gf_sqr,48,202,0x283807e5
21,A-B,1,reference,256,gf_sqr,49,202,0x283807e5
21,A-B,2,optimized,256,gf_mul,0,5942,0x283807e5
21,A-B,2,optimized,256,gf_mul,1,5940,0x283807e5
21,A-B,2,optimized,256,gf_mul,2,5941,0x283807e5
21,A-B,2,optimized,256,gf_mul,3,5940,0x283807e5
21,A-B,2,optimized,256,gf_mul,4,5940,0x283807e5
21,A-B,2,optimized,256,gf_mul,5,5940,0x283807e5
21,A-B,2,optimized,256,gf_mul,6,5940,0x283807e5
21,A-B,2,optimized,256,gf_mul,7,5940,0x283807e5
21,A-B,2,optimized,256,gf_mul,8,5940,0x283807e5
21,A-B,2,optimized,256,gf_mul,9,5940,0x283807e5
21,A-B,2,optimized,256,gf_mul,10,5940,0x283807e5
21,A-B,2,optimized,256,gf_mul,11,5940,0x283807e5
21,A-B,2,optimized,256,gf_mul,12,5940,0x283807e5
21,A-B,2,optimized,256,gf_mul,13,5940,0x283807e5
21,A-B,2,optimized,256,gf_mul,14,5940,0x283807e5
21,A-B,2,optimized,256,gf_mul,15,5940,0x283807e5
21,A-B,2,optimized,256,gf_mul,16,5940,0x283807e5
21,A-B,2,optimized,256,gf_mul,17,5940,0x283807e5
21,A-B,2,optimized,256,gf_mul,18,5940,0x283807e5
21,A-B,2,optimized,256,gf_mul,19,5940,0x283807e5
21,A-B,2,optimized,256,gf_mul,20,5940,0x283807e5
21,A-B,2,optimized,256,gf_mul,21,5940,0x283807e5
21,A-B,2,optimized,256,gf_mul,22,5940,0x283807e5
21,A-B,2,optimized,256,gf_mul,23,5940,0x283807e5
21,A-B,2,optimized,256,gf_mul,24,5940,0x283807e5
21,A-B,2,optimized,256,gf_mul,25,5940,0x283807e5
21,A-B,2,optimized,256,gf_mul,26,5940,0x283807e5
21,A-B,2,optimized,256,gf_mul,27,5940,0x283807e5
21,A-B,2,optimized,256,gf_mul,28,5940,0x283807e5
21,A-B,2,optimized,256,gf_mul,29,5940,0x283807e5
21,A-B,2,optimized,256,gf_mul,30,5940,0x283807e5
21,A-B,2,optimized,256,gf_mul,31,5940,0x283807e5
21,A-B,2,optimized,256,gf_mul,32,5940,0x283807e5
21,A-B,2,optimized,256,gf_mul,33,5940,0x283807e5
21,A-B,2,optimized,256,gf_mul,34,5940,0x283807e5
21,A-B,2,optimized,256,gf_mul,35,5940,0x283807e5
21,A-B,2,optimized,256,gf_mul,36,5940,0x283807e5
21,A-B,2,optimized,256,gf_mul,37,5940,0x283807e5
21,A-B,2,optimized,256,gf_mul,38,5940,0x283807e5
21,A-B,2,optimized,256,gf_mul,39,5940,0x283807e5
21,A-B,2,optimized,256,gf_mul,40,5940,0x283807e5
21,A-B,2,optimized,256,gf_mul,41,5940,0x283807e5
21,A-B,2,optimized,256,gf_mul,42,5940,0x283807e5
21,A-B,2,optimized,256,gf_mul,43,5940,0x283807e5
21,A-B,2,optimized,256,gf_mul,44,5940,0x283807e5
21,A-B,2,optimized,256,gf_mul,45,5940,0x283807e5
21,A-B,2,optimized,256,gf_mul,46,5940,0x283807e5
21,A-B,2,optimized,256,gf_mul,47,5940,0x283807e5
21,A-B,2,optimized,256,gf_mul,48,5940,0x283807e5
21,A-B,2,optimized,256,gf_mul,49,5940,0x283807e5
21,A-B,2,optimized,256,gf_sqr,0,202,0x283807e5
21,A-B,2,optimized,256,gf_sqr,1,200,0x283807e5
21,A-B,2,optimized,256,gf_sqr,2,201,0x283807e5
21,A-B,2,optimized,256,gf_sqr,3,200,0x283807e5
21,A-B,2,optimized,256,gf_sqr,4,200,0x283807e5
21,A-B,2,optimized,256,gf_sqr,5,200,0x283807e5
21,A-B,2,optimized,256,gf_sqr,6,200,0x283807e5
21,A-B,2,optimized,256,gf_sqr,7,200,0x283807e5
21,A-B,2,optimized,256,gf_sqr,8,200,0x283807e5
21,A-B,2,optimized,256,gf_sqr,9,200,0x283807e5
21,A-B,2,optimized,256,gf_sqr,10,200,0x283807e5
21,A-B,2,optimized,256,gf_sqr,11,200,0x283807e5
21,A-B,2,optimized,256,gf_sqr,12,200,0x283807e5
21,A-B,2,optimized,256,gf_sqr,13,200,0x283807e5
21,A-B,2,optimized,256,gf_sqr,14,200,0x283807e5
21,A-B,2,optimized,256,gf_sqr,15,200,0x283807e5
21,A-B,2,optimized,256,gf_sqr,16,200,0x283807e5
21,A-B,2,optimized,256,gf_sqr,17,200,0x283807e5
21,A-B,2,optimized,256,gf_sqr,18,200,0x283807e5
21,A-B,2,optimized,256,gf_sqr,19,200,0x283807e5
21,A-B,2,optimized,256,gf_sqr,20,200,0x283807e5
21,A-B,2,optimized,256,gf_sqr,21,200,0x283807e5
21,A-B,2,optimized,256,gf_sqr,22,200,0x283807e5
21,A-B,2,optimized,256,gf_sqr,23,200,0x283807e5
21,A-B,2,optimized,256,gf_sqr,24,200,0x283807e5
21,A-B,2,optimized,256,gf_sqr,25,200,0x283807e5
21,A-B,2,optimized,256,gf_sqr,26,200,0x283807e5
21,A-B,2,optimized,256,gf_sqr,27,200,0x283807e5
21,A-B,2,optimized,256,gf_sqr,28,200,0x283807e5
21,A-B,2,optimized,256,gf_sqr,29,200,0x283807e5
21,A-B,2,optimized,256,gf_sqr,30,200,0x283807e5
21,A-B,2,optimized,256,gf_sqr,31,200,0x283807e5
21,A-B,2,optimized,256,gf_sqr,32,200,0x283807e5
21,A-B,2,optimized,256,gf_sqr,33,200,0x283807e5
21,A-B,2,optimized,256,gf_sqr,34,200,0x283807e5
21,A-B,2,optimized,256,gf_sqr,35,200,0x283807e5
21,A-B,2,optimized,256,gf_sqr,36,200,0x283807e5
21,A-B,2,optimized,256,gf_sqr,37,200,0x283807e5
21,A-B,2,optimized,256,gf_sqr,38,200,0x283807e5
21,A-B,2,optimized,256,gf_sqr,39,200,0x283807e5
21,A-B,2,optimized,256,gf_sqr,40,200,0x283807e5
21,A-B,2,optimized,256,gf_sqr,41,200,0x283807e5
21,A-B,2,optimized,256,gf_sqr,42,200,0x283807e5
21,A-B,2,optimized,256,gf_sqr,43,200,0x283807e5
21,A-B,2,optimized,256,gf_sqr,44,200,0x283807e5
21,A-B,2,optimized,256,gf_sqr,45,200,0x283807e5
21,A-B,2,optimized,256,gf_sqr,46,200,0x283807e5
21,A-B,2,optimized,256,gf_sqr,47,200,0x283807e5
21,A-B,2,optimized,256,gf_sqr,48,200,0x283807e5
21,A-B,2,optimized,256,gf_sqr,49,200,0x283807e5
22,B-A,1,optimized,128,gf_mul,0,1969,0x54cada71
22,B-A,1,optimized,128,gf_mul,1,1968,0x54cada71
22,B-A,1,optimized,128,gf_mul,2,1968,0x54cada71
22,B-A,1,optimized,128,gf_mul,3,1967,0x54cada71
22,B-A,1,optimized,128,gf_mul,4,1967,0x54cada71
22,B-A,1,optimized,128,gf_mul,5,1967,0x54cada71
22,B-A,1,optimized,128,gf_mul,6,1967,0x54cada71
22,B-A,1,optimized,128,gf_mul,7,1967,0x54cada71
22,B-A,1,optimized,128,gf_mul,8,1967,0x54cada71
22,B-A,1,optimized,128,gf_mul,9,1967,0x54cada71
22,B-A,1,optimized,128,gf_mul,10,1967,0x54cada71
22,B-A,1,optimized,128,gf_mul,11,1967,0x54cada71
22,B-A,1,optimized,128,gf_mul,12,1967,0x54cada71
22,B-A,1,optimized,128,gf_mul,13,1967,0x54cada71
22,B-A,1,optimized,128,gf_mul,14,1967,0x54cada71
22,B-A,1,optimized,128,gf_mul,15,1967,0x54cada71
22,B-A,1,optimized,128,gf_mul,16,1967,0x54cada71
22,B-A,1,optimized,128,gf_mul,17,1967,0x54cada71
22,B-A,1,optimized,128,gf_mul,18,1967,0x54cada71
22,B-A,1,optimized,128,gf_mul,19,1967,0x54cada71
22,B-A,1,optimized,128,gf_mul,20,1967,0x54cada71
22,B-A,1,optimized,128,gf_mul,21,1967,0x54cada71
22,B-A,1,optimized,128,gf_mul,22,1967,0x54cada71
22,B-A,1,optimized,128,gf_mul,23,1967,0x54cada71
22,B-A,1,optimized,128,gf_mul,24,1967,0x54cada71
22,B-A,1,optimized,128,gf_mul,25,1967,0x54cada71
22,B-A,1,optimized,128,gf_mul,26,1967,0x54cada71
22,B-A,1,optimized,128,gf_mul,27,1967,0x54cada71
22,B-A,1,optimized,128,gf_mul,28,1967,0x54cada71
22,B-A,1,optimized,128,gf_mul,29,1967,0x54cada71
22,B-A,1,optimized,128,gf_mul,30,1967,0x54cada71
22,B-A,1,optimized,128,gf_mul,31,1967,0x54cada71
22,B-A,1,optimized,128,gf_mul,32,1967,0x54cada71
22,B-A,1,optimized,128,gf_mul,33,1967,0x54cada71
22,B-A,1,optimized,128,gf_mul,34,1967,0x54cada71
22,B-A,1,optimized,128,gf_mul,35,1967,0x54cada71
22,B-A,1,optimized,128,gf_mul,36,1967,0x54cada71
22,B-A,1,optimized,128,gf_mul,37,1967,0x54cada71
22,B-A,1,optimized,128,gf_mul,38,1967,0x54cada71
22,B-A,1,optimized,128,gf_mul,39,1967,0x54cada71
22,B-A,1,optimized,128,gf_mul,40,1967,0x54cada71
22,B-A,1,optimized,128,gf_mul,41,1967,0x54cada71
22,B-A,1,optimized,128,gf_mul,42,1967,0x54cada71
22,B-A,1,optimized,128,gf_mul,43,1967,0x54cada71
22,B-A,1,optimized,128,gf_mul,44,1967,0x54cada71
22,B-A,1,optimized,128,gf_mul,45,1967,0x54cada71
22,B-A,1,optimized,128,gf_mul,46,1967,0x54cada71
22,B-A,1,optimized,128,gf_mul,47,1967,0x54cada71
22,B-A,1,optimized,128,gf_mul,48,1967,0x54cada71
22,B-A,1,optimized,128,gf_mul,49,1967,0x54cada71
22,B-A,1,optimized,128,gf_sqr,0,107,0x54cada71
22,B-A,1,optimized,128,gf_sqr,1,107,0x54cada71
22,B-A,1,optimized,128,gf_sqr,2,107,0x54cada71
22,B-A,1,optimized,128,gf_sqr,3,106,0x54cada71
22,B-A,1,optimized,128,gf_sqr,4,106,0x54cada71
22,B-A,1,optimized,128,gf_sqr,5,106,0x54cada71
22,B-A,1,optimized,128,gf_sqr,6,106,0x54cada71
22,B-A,1,optimized,128,gf_sqr,7,106,0x54cada71
22,B-A,1,optimized,128,gf_sqr,8,106,0x54cada71
22,B-A,1,optimized,128,gf_sqr,9,106,0x54cada71
22,B-A,1,optimized,128,gf_sqr,10,106,0x54cada71
22,B-A,1,optimized,128,gf_sqr,11,106,0x54cada71
22,B-A,1,optimized,128,gf_sqr,12,106,0x54cada71
22,B-A,1,optimized,128,gf_sqr,13,106,0x54cada71
22,B-A,1,optimized,128,gf_sqr,14,106,0x54cada71
22,B-A,1,optimized,128,gf_sqr,15,106,0x54cada71
22,B-A,1,optimized,128,gf_sqr,16,106,0x54cada71
22,B-A,1,optimized,128,gf_sqr,17,106,0x54cada71
22,B-A,1,optimized,128,gf_sqr,18,106,0x54cada71
22,B-A,1,optimized,128,gf_sqr,19,106,0x54cada71
22,B-A,1,optimized,128,gf_sqr,20,106,0x54cada71
22,B-A,1,optimized,128,gf_sqr,21,106,0x54cada71
22,B-A,1,optimized,128,gf_sqr,22,106,0x54cada71
22,B-A,1,optimized,128,gf_sqr,23,106,0x54cada71
22,B-A,1,optimized,128,gf_sqr,24,106,0x54cada71
22,B-A,1,optimized,128,gf_sqr,25,106,0x54cada71
22,B-A,1,optimized,128,gf_sqr,26,106,0x54cada71
22,B-A,1,optimized,128,gf_sqr,27,106,0x54cada71
22,B-A,1,optimized,128,gf_sqr,28,106,0x54cada71
22,B-A,1,optimized,128,gf_sqr,29,106,0x54cada71
22,B-A,1,optimized,128,gf_sqr,30,106,0x54cada71
22,B-A,1,optimized,128,gf_sqr,31,106,0x54cada71
22,B-A,1,optimized,128,gf_sqr,32,106,0x54cada71
22,B-A,1,optimized,128,gf_sqr,33,106,0x54cada71
22,B-A,1,optimized,128,gf_sqr,34,106,0x54cada71
22,B-A,1,optimized,128,gf_sqr,35,106,0x54cada71
22,B-A,1,optimized,128,gf_sqr,36,106,0x54cada71
22,B-A,1,optimized,128,gf_sqr,37,106,0x54cada71
22,B-A,1,optimized,128,gf_sqr,38,106,0x54cada71
22,B-A,1,optimized,128,gf_sqr,39,106,0x54cada71
22,B-A,1,optimized,128,gf_sqr,40,106,0x54cada71
22,B-A,1,optimized,128,gf_sqr,41,106,0x54cada71
22,B-A,1,optimized,128,gf_sqr,42,106,0x54cada71
22,B-A,1,optimized,128,gf_sqr,43,106,0x54cada71
22,B-A,1,optimized,128,gf_sqr,44,106,0x54cada71
22,B-A,1,optimized,128,gf_sqr,45,106,0x54cada71
22,B-A,1,optimized,128,gf_sqr,46,106,0x54cada71
22,B-A,1,optimized,128,gf_sqr,47,106,0x54cada71
22,B-A,1,optimized,128,gf_sqr,48,106,0x54cada71
22,B-A,1,optimized,128,gf_sqr,49,106,0x54cada71
22,B-A,2,reference,128,gf_mul,0,1969,0x54cada71
22,B-A,2,reference,128,gf_mul,1,1965,0x54cada71
22,B-A,2,reference,128,gf_mul,2,1965,0x54cada71
22,B-A,2,reference,128,gf_mul,3,1964,0x54cada71
22,B-A,2,reference,128,gf_mul,4,1964,0x54cada71
22,B-A,2,reference,128,gf_mul,5,1964,0x54cada71
22,B-A,2,reference,128,gf_mul,6,1964,0x54cada71
22,B-A,2,reference,128,gf_mul,7,1964,0x54cada71
22,B-A,2,reference,128,gf_mul,8,1964,0x54cada71
22,B-A,2,reference,128,gf_mul,9,1964,0x54cada71
22,B-A,2,reference,128,gf_mul,10,1964,0x54cada71
22,B-A,2,reference,128,gf_mul,11,1964,0x54cada71
22,B-A,2,reference,128,gf_mul,12,1964,0x54cada71
22,B-A,2,reference,128,gf_mul,13,1964,0x54cada71
22,B-A,2,reference,128,gf_mul,14,1964,0x54cada71
22,B-A,2,reference,128,gf_mul,15,1964,0x54cada71
22,B-A,2,reference,128,gf_mul,16,1964,0x54cada71
22,B-A,2,reference,128,gf_mul,17,1964,0x54cada71
22,B-A,2,reference,128,gf_mul,18,1964,0x54cada71
22,B-A,2,reference,128,gf_mul,19,1964,0x54cada71
22,B-A,2,reference,128,gf_mul,20,1964,0x54cada71
22,B-A,2,reference,128,gf_mul,21,1964,0x54cada71
22,B-A,2,reference,128,gf_mul,22,1964,0x54cada71
22,B-A,2,reference,128,gf_mul,23,1964,0x54cada71
22,B-A,2,reference,128,gf_mul,24,1964,0x54cada71
22,B-A,2,reference,128,gf_mul,25,1964,0x54cada71
22,B-A,2,reference,128,gf_mul,26,1964,0x54cada71
22,B-A,2,reference,128,gf_mul,27,1964,0x54cada71
22,B-A,2,reference,128,gf_mul,28,1964,0x54cada71
22,B-A,2,reference,128,gf_mul,29,1964,0x54cada71
22,B-A,2,reference,128,gf_mul,30,1964,0x54cada71
22,B-A,2,reference,128,gf_mul,31,1964,0x54cada71
22,B-A,2,reference,128,gf_mul,32,1964,0x54cada71
22,B-A,2,reference,128,gf_mul,33,1964,0x54cada71
22,B-A,2,reference,128,gf_mul,34,1964,0x54cada71
22,B-A,2,reference,128,gf_mul,35,1964,0x54cada71
22,B-A,2,reference,128,gf_mul,36,1964,0x54cada71
22,B-A,2,reference,128,gf_mul,37,1964,0x54cada71
22,B-A,2,reference,128,gf_mul,38,1964,0x54cada71
22,B-A,2,reference,128,gf_mul,39,1964,0x54cada71
22,B-A,2,reference,128,gf_mul,40,1964,0x54cada71
22,B-A,2,reference,128,gf_mul,41,1964,0x54cada71
22,B-A,2,reference,128,gf_mul,42,1964,0x54cada71
22,B-A,2,reference,128,gf_mul,43,1964,0x54cada71
22,B-A,2,reference,128,gf_mul,44,1964,0x54cada71
22,B-A,2,reference,128,gf_mul,45,1964,0x54cada71
22,B-A,2,reference,128,gf_mul,46,1964,0x54cada71
22,B-A,2,reference,128,gf_mul,47,1964,0x54cada71
22,B-A,2,reference,128,gf_mul,48,1964,0x54cada71
22,B-A,2,reference,128,gf_mul,49,1964,0x54cada71
22,B-A,2,reference,128,gf_sqr,0,107,0x54cada71
22,B-A,2,reference,128,gf_sqr,1,103,0x54cada71
22,B-A,2,reference,128,gf_sqr,2,103,0x54cada71
22,B-A,2,reference,128,gf_sqr,3,102,0x54cada71
22,B-A,2,reference,128,gf_sqr,4,102,0x54cada71
22,B-A,2,reference,128,gf_sqr,5,102,0x54cada71
22,B-A,2,reference,128,gf_sqr,6,102,0x54cada71
22,B-A,2,reference,128,gf_sqr,7,102,0x54cada71
22,B-A,2,reference,128,gf_sqr,8,102,0x54cada71
22,B-A,2,reference,128,gf_sqr,9,102,0x54cada71
22,B-A,2,reference,128,gf_sqr,10,102,0x54cada71
22,B-A,2,reference,128,gf_sqr,11,102,0x54cada71
22,B-A,2,reference,128,gf_sqr,12,102,0x54cada71
22,B-A,2,reference,128,gf_sqr,13,102,0x54cada71
22,B-A,2,reference,128,gf_sqr,14,102,0x54cada71
22,B-A,2,reference,128,gf_sqr,15,102,0x54cada71
22,B-A,2,reference,128,gf_sqr,16,102,0x54cada71
22,B-A,2,reference,128,gf_sqr,17,102,0x54cada71
22,B-A,2,reference,128,gf_sqr,18,102,0x54cada71
22,B-A,2,reference,128,gf_sqr,19,102,0x54cada71
22,B-A,2,reference,128,gf_sqr,20,102,0x54cada71
22,B-A,2,reference,128,gf_sqr,21,102,0x54cada71
22,B-A,2,reference,128,gf_sqr,22,102,0x54cada71
22,B-A,2,reference,128,gf_sqr,23,102,0x54cada71
22,B-A,2,reference,128,gf_sqr,24,102,0x54cada71
22,B-A,2,reference,128,gf_sqr,25,102,0x54cada71
22,B-A,2,reference,128,gf_sqr,26,102,0x54cada71
22,B-A,2,reference,128,gf_sqr,27,102,0x54cada71
22,B-A,2,reference,128,gf_sqr,28,102,0x54cada71
22,B-A,2,reference,128,gf_sqr,29,102,0x54cada71
22,B-A,2,reference,128,gf_sqr,30,102,0x54cada71
22,B-A,2,reference,128,gf_sqr,31,102,0x54cada71
22,B-A,2,reference,128,gf_sqr,32,102,0x54cada71
22,B-A,2,reference,128,gf_sqr,33,102,0x54cada71
22,B-A,2,reference,128,gf_sqr,34,102,0x54cada71
22,B-A,2,reference,128,gf_sqr,35,102,0x54cada71
22,B-A,2,reference,128,gf_sqr,36,102,0x54cada71
22,B-A,2,reference,128,gf_sqr,37,102,0x54cada71
22,B-A,2,reference,128,gf_sqr,38,102,0x54cada71
22,B-A,2,reference,128,gf_sqr,39,102,0x54cada71
22,B-A,2,reference,128,gf_sqr,40,102,0x54cada71
22,B-A,2,reference,128,gf_sqr,41,102,0x54cada71
22,B-A,2,reference,128,gf_sqr,42,102,0x54cada71
22,B-A,2,reference,128,gf_sqr,43,102,0x54cada71
22,B-A,2,reference,128,gf_sqr,44,102,0x54cada71
22,B-A,2,reference,128,gf_sqr,45,102,0x54cada71
22,B-A,2,reference,128,gf_sqr,46,102,0x54cada71
22,B-A,2,reference,128,gf_sqr,47,102,0x54cada71
22,B-A,2,reference,128,gf_sqr,48,102,0x54cada71
22,B-A,2,reference,128,gf_sqr,49,102,0x54cada71
22,B-A,1,optimized,192,gf_mul,0,3927,0x2bf8b731
22,B-A,1,optimized,192,gf_mul,1,3927,0x2bf8b731
22,B-A,1,optimized,192,gf_mul,2,3927,0x2bf8b731
22,B-A,1,optimized,192,gf_mul,3,3926,0x2bf8b731
22,B-A,1,optimized,192,gf_mul,4,3926,0x2bf8b731
22,B-A,1,optimized,192,gf_mul,5,3926,0x2bf8b731
22,B-A,1,optimized,192,gf_mul,6,3926,0x2bf8b731
22,B-A,1,optimized,192,gf_mul,7,3926,0x2bf8b731
22,B-A,1,optimized,192,gf_mul,8,3926,0x2bf8b731
22,B-A,1,optimized,192,gf_mul,9,3926,0x2bf8b731
22,B-A,1,optimized,192,gf_mul,10,3926,0x2bf8b731
22,B-A,1,optimized,192,gf_mul,11,3926,0x2bf8b731
22,B-A,1,optimized,192,gf_mul,12,3926,0x2bf8b731
22,B-A,1,optimized,192,gf_mul,13,3926,0x2bf8b731
22,B-A,1,optimized,192,gf_mul,14,3926,0x2bf8b731
22,B-A,1,optimized,192,gf_mul,15,3926,0x2bf8b731
22,B-A,1,optimized,192,gf_mul,16,3926,0x2bf8b731
22,B-A,1,optimized,192,gf_mul,17,3926,0x2bf8b731
22,B-A,1,optimized,192,gf_mul,18,3926,0x2bf8b731
22,B-A,1,optimized,192,gf_mul,19,3926,0x2bf8b731
22,B-A,1,optimized,192,gf_mul,20,3926,0x2bf8b731
22,B-A,1,optimized,192,gf_mul,21,3926,0x2bf8b731
22,B-A,1,optimized,192,gf_mul,22,3926,0x2bf8b731
22,B-A,1,optimized,192,gf_mul,23,3926,0x2bf8b731
22,B-A,1,optimized,192,gf_mul,24,3926,0x2bf8b731
22,B-A,1,optimized,192,gf_mul,25,3926,0x2bf8b731
22,B-A,1,optimized,192,gf_mul,26,3926,0x2bf8b731
22,B-A,1,optimized,192,gf_mul,27,3926,0x2bf8b731
22,B-A,1,optimized,192,gf_mul,28,3926,0x2bf8b731
22,B-A,1,optimized,192,gf_mul,29,3926,0x2bf8b731
22,B-A,1,optimized,192,gf_mul,30,3926,0x2bf8b731
22,B-A,1,optimized,192,gf_mul,31,3926,0x2bf8b731
22,B-A,1,optimized,192,gf_mul,32,3926,0x2bf8b731
22,B-A,1,optimized,192,gf_mul,33,3926,0x2bf8b731
22,B-A,1,optimized,192,gf_mul,34,3926,0x2bf8b731
22,B-A,1,optimized,192,gf_mul,35,3926,0x2bf8b731
22,B-A,1,optimized,192,gf_mul,36,3926,0x2bf8b731
22,B-A,1,optimized,192,gf_mul,37,3926,0x2bf8b731
22,B-A,1,optimized,192,gf_mul,38,3926,0x2bf8b731
22,B-A,1,optimized,192,gf_mul,39,3926,0x2bf8b731
22,B-A,1,optimized,192,gf_mul,40,3926,0x2bf8b731
22,B-A,1,optimized,192,gf_mul,41,3926,0x2bf8b731
22,B-A,1,optimized,192,gf_mul,42,3926,0x2bf8b731
22,B-A,1,optimized,192,gf_mul,43,3926,0x2bf8b731
22,B-A,1,optimized,192,gf_mul,44,3926,0x2bf8b731
22,B-A,1,optimized,192,gf_mul,45,3926,0x2bf8b731
22,B-A,1,optimized,192,gf_mul,46,3926,0x2bf8b731
22,B-A,1,optimized,192,gf_mul,47,3926,0x2bf8b731
22,B-A,1,optimized,192,gf_mul,48,3926,0x2bf8b731
22,B-A,1,optimized,192,gf_mul,49,3926,0x2bf8b731
22,B-A,1,optimized,192,gf_sqr,0,144,0x2bf8b731
22,B-A,1,optimized,192,gf_sqr,1,144,0x2bf8b731
22,B-A,1,optimized,192,gf_sqr,2,143,0x2bf8b731
22,B-A,1,optimized,192,gf_sqr,3,144,0x2bf8b731
22,B-A,1,optimized,192,gf_sqr,4,144,0x2bf8b731
22,B-A,1,optimized,192,gf_sqr,5,144,0x2bf8b731
22,B-A,1,optimized,192,gf_sqr,6,144,0x2bf8b731
22,B-A,1,optimized,192,gf_sqr,7,144,0x2bf8b731
22,B-A,1,optimized,192,gf_sqr,8,144,0x2bf8b731
22,B-A,1,optimized,192,gf_sqr,9,144,0x2bf8b731
22,B-A,1,optimized,192,gf_sqr,10,144,0x2bf8b731
22,B-A,1,optimized,192,gf_sqr,11,144,0x2bf8b731
22,B-A,1,optimized,192,gf_sqr,12,144,0x2bf8b731
22,B-A,1,optimized,192,gf_sqr,13,144,0x2bf8b731
22,B-A,1,optimized,192,gf_sqr,14,144,0x2bf8b731
22,B-A,1,optimized,192,gf_sqr,15,144,0x2bf8b731
22,B-A,1,optimized,192,gf_sqr,16,144,0x2bf8b731
22,B-A,1,optimized,192,gf_sqr,17,144,0x2bf8b731
22,B-A,1,optimized,192,gf_sqr,18,144,0x2bf8b731
22,B-A,1,optimized,192,gf_sqr,19,144,0x2bf8b731
22,B-A,1,optimized,192,gf_sqr,20,144,0x2bf8b731
22,B-A,1,optimized,192,gf_sqr,21,144,0x2bf8b731
22,B-A,1,optimized,192,gf_sqr,22,144,0x2bf8b731
22,B-A,1,optimized,192,gf_sqr,23,144,0x2bf8b731
22,B-A,1,optimized,192,gf_sqr,24,144,0x2bf8b731
22,B-A,1,optimized,192,gf_sqr,25,144,0x2bf8b731
22,B-A,1,optimized,192,gf_sqr,26,144,0x2bf8b731
22,B-A,1,optimized,192,gf_sqr,27,144,0x2bf8b731
22,B-A,1,optimized,192,gf_sqr,28,144,0x2bf8b731
22,B-A,1,optimized,192,gf_sqr,29,144,0x2bf8b731
22,B-A,1,optimized,192,gf_sqr,30,144,0x2bf8b731
22,B-A,1,optimized,192,gf_sqr,31,144,0x2bf8b731
22,B-A,1,optimized,192,gf_sqr,32,144,0x2bf8b731
22,B-A,1,optimized,192,gf_sqr,33,144,0x2bf8b731
22,B-A,1,optimized,192,gf_sqr,34,144,0x2bf8b731
22,B-A,1,optimized,192,gf_sqr,35,144,0x2bf8b731
22,B-A,1,optimized,192,gf_sqr,36,144,0x2bf8b731
22,B-A,1,optimized,192,gf_sqr,37,144,0x2bf8b731
22,B-A,1,optimized,192,gf_sqr,38,144,0x2bf8b731
22,B-A,1,optimized,192,gf_sqr,39,144,0x2bf8b731
22,B-A,1,optimized,192,gf_sqr,40,144,0x2bf8b731
22,B-A,1,optimized,192,gf_sqr,41,144,0x2bf8b731
22,B-A,1,optimized,192,gf_sqr,42,144,0x2bf8b731
22,B-A,1,optimized,192,gf_sqr,43,144,0x2bf8b731
22,B-A,1,optimized,192,gf_sqr,44,144,0x2bf8b731
22,B-A,1,optimized,192,gf_sqr,45,144,0x2bf8b731
22,B-A,1,optimized,192,gf_sqr,46,144,0x2bf8b731
22,B-A,1,optimized,192,gf_sqr,47,144,0x2bf8b731
22,B-A,1,optimized,192,gf_sqr,48,144,0x2bf8b731
22,B-A,1,optimized,192,gf_sqr,49,144,0x2bf8b731
22,B-A,2,reference,192,gf_mul,0,3927,0x2bf8b731
22,B-A,2,reference,192,gf_mul,1,3927,0x2bf8b731
22,B-A,2,reference,192,gf_mul,2,3927,0x2bf8b731
22,B-A,2,reference,192,gf_mul,3,3926,0x2bf8b731
22,B-A,2,reference,192,gf_mul,4,3926,0x2bf8b731
22,B-A,2,reference,192,gf_mul,5,3926,0x2bf8b731
22,B-A,2,reference,192,gf_mul,6,3926,0x2bf8b731
22,B-A,2,reference,192,gf_mul,7,3926,0x2bf8b731
22,B-A,2,reference,192,gf_mul,8,3926,0x2bf8b731
22,B-A,2,reference,192,gf_mul,9,3926,0x2bf8b731
22,B-A,2,reference,192,gf_mul,10,3926,0x2bf8b731
22,B-A,2,reference,192,gf_mul,11,3926,0x2bf8b731
22,B-A,2,reference,192,gf_mul,12,3926,0x2bf8b731
22,B-A,2,reference,192,gf_mul,13,3926,0x2bf8b731
22,B-A,2,reference,192,gf_mul,14,3926,0x2bf8b731
22,B-A,2,reference,192,gf_mul,15,3926,0x2bf8b731
22,B-A,2,reference,192,gf_mul,16,3926,0x2bf8b731
22,B-A,2,reference,192,gf_mul,17,3926,0x2bf8b731
22,B-A,2,reference,192,gf_mul,18,3926,0x2bf8b731
22,B-A,2,reference,192,gf_mul,19,3926,0x2bf8b731
22,B-A,2,reference,192,gf_mul,20,3926,0x2bf8b731
22,B-A,2,reference,192,gf_mul,21,3926,0x2bf8b731
22,B-A,2,reference,192,gf_mul,22,3926,0x2bf8b731
22,B-A,2,reference,192,gf_mul,23,3926,0x2bf8b731
22,B-A,2,reference,192,gf_mul,24,3926,0x2bf8b731
22,B-A,2,reference,192,gf_mul,25,3926,0x2bf8b731
22,B-A,2,reference,192,gf_mul,26,3926,0x2bf8b731
22,B-A,2,reference,192,gf_mul,27,3926,0x2bf8b731
22,B-A,2,reference,192,gf_mul,28,3926,0x2bf8b731
22,B-A,2,reference,192,gf_mul,29,3926,0x2bf8b731
22,B-A,2,reference,192,gf_mul,30,3926,0x2bf8b731
22,B-A,2,reference,192,gf_mul,31,3926,0x2bf8b731
22,B-A,2,reference,192,gf_mul,32,3926,0x2bf8b731
22,B-A,2,reference,192,gf_mul,33,3926,0x2bf8b731
22,B-A,2,reference,192,gf_mul,34,3926,0x2bf8b731
22,B-A,2,reference,192,gf_mul,35,3926,0x2bf8b731
22,B-A,2,reference,192,gf_mul,36,3926,0x2bf8b731
22,B-A,2,reference,192,gf_mul,37,3926,0x2bf8b731
22,B-A,2,reference,192,gf_mul,38,3926,0x2bf8b731
22,B-A,2,reference,192,gf_mul,39,3926,0x2bf8b731
22,B-A,2,reference,192,gf_mul,40,3926,0x2bf8b731
22,B-A,2,reference,192,gf_mul,41,3926,0x2bf8b731
22,B-A,2,reference,192,gf_mul,42,3926,0x2bf8b731
22,B-A,2,reference,192,gf_mul,43,3926,0x2bf8b731
22,B-A,2,reference,192,gf_mul,44,3926,0x2bf8b731
22,B-A,2,reference,192,gf_mul,45,3926,0x2bf8b731
22,B-A,2,reference,192,gf_mul,46,3926,0x2bf8b731
22,B-A,2,reference,192,gf_mul,47,3926,0x2bf8b731
22,B-A,2,reference,192,gf_mul,48,3926,0x2bf8b731
22,B-A,2,reference,192,gf_mul,49,3926,0x2bf8b731
22,B-A,2,reference,192,gf_sqr,0,144,0x2bf8b731
22,B-A,2,reference,192,gf_sqr,1,144,0x2bf8b731
22,B-A,2,reference,192,gf_sqr,2,143,0x2bf8b731
22,B-A,2,reference,192,gf_sqr,3,144,0x2bf8b731
22,B-A,2,reference,192,gf_sqr,4,144,0x2bf8b731
22,B-A,2,reference,192,gf_sqr,5,144,0x2bf8b731
22,B-A,2,reference,192,gf_sqr,6,144,0x2bf8b731
22,B-A,2,reference,192,gf_sqr,7,144,0x2bf8b731
22,B-A,2,reference,192,gf_sqr,8,144,0x2bf8b731
22,B-A,2,reference,192,gf_sqr,9,144,0x2bf8b731
22,B-A,2,reference,192,gf_sqr,10,144,0x2bf8b731
22,B-A,2,reference,192,gf_sqr,11,144,0x2bf8b731
22,B-A,2,reference,192,gf_sqr,12,144,0x2bf8b731
22,B-A,2,reference,192,gf_sqr,13,144,0x2bf8b731
22,B-A,2,reference,192,gf_sqr,14,144,0x2bf8b731
22,B-A,2,reference,192,gf_sqr,15,144,0x2bf8b731
22,B-A,2,reference,192,gf_sqr,16,144,0x2bf8b731
22,B-A,2,reference,192,gf_sqr,17,144,0x2bf8b731
22,B-A,2,reference,192,gf_sqr,18,144,0x2bf8b731
22,B-A,2,reference,192,gf_sqr,19,144,0x2bf8b731
22,B-A,2,reference,192,gf_sqr,20,144,0x2bf8b731
22,B-A,2,reference,192,gf_sqr,21,144,0x2bf8b731
22,B-A,2,reference,192,gf_sqr,22,144,0x2bf8b731
22,B-A,2,reference,192,gf_sqr,23,144,0x2bf8b731
22,B-A,2,reference,192,gf_sqr,24,144,0x2bf8b731
22,B-A,2,reference,192,gf_sqr,25,144,0x2bf8b731
22,B-A,2,reference,192,gf_sqr,26,144,0x2bf8b731
22,B-A,2,reference,192,gf_sqr,27,144,0x2bf8b731
22,B-A,2,reference,192,gf_sqr,28,144,0x2bf8b731
22,B-A,2,reference,192,gf_sqr,29,144,0x2bf8b731
22,B-A,2,reference,192,gf_sqr,30,144,0x2bf8b731
22,B-A,2,reference,192,gf_sqr,31,144,0x2bf8b731
22,B-A,2,reference,192,gf_sqr,32,144,0x2bf8b731
22,B-A,2,reference,192,gf_sqr,33,144,0x2bf8b731
22,B-A,2,reference,192,gf_sqr,34,144,0x2bf8b731
22,B-A,2,reference,192,gf_sqr,35,144,0x2bf8b731
22,B-A,2,reference,192,gf_sqr,36,144,0x2bf8b731
22,B-A,2,reference,192,gf_sqr,37,144,0x2bf8b731
22,B-A,2,reference,192,gf_sqr,38,144,0x2bf8b731
22,B-A,2,reference,192,gf_sqr,39,144,0x2bf8b731
22,B-A,2,reference,192,gf_sqr,40,144,0x2bf8b731
22,B-A,2,reference,192,gf_sqr,41,144,0x2bf8b731
22,B-A,2,reference,192,gf_sqr,42,144,0x2bf8b731
22,B-A,2,reference,192,gf_sqr,43,144,0x2bf8b731
22,B-A,2,reference,192,gf_sqr,44,144,0x2bf8b731
22,B-A,2,reference,192,gf_sqr,45,144,0x2bf8b731
22,B-A,2,reference,192,gf_sqr,46,144,0x2bf8b731
22,B-A,2,reference,192,gf_sqr,47,144,0x2bf8b731
22,B-A,2,reference,192,gf_sqr,48,144,0x2bf8b731
22,B-A,2,reference,192,gf_sqr,49,144,0x2bf8b731
22,B-A,1,optimized,256,gf_mul,0,5942,0x283807e5
22,B-A,1,optimized,256,gf_mul,1,5940,0x283807e5
22,B-A,1,optimized,256,gf_mul,2,5941,0x283807e5
22,B-A,1,optimized,256,gf_mul,3,5940,0x283807e5
22,B-A,1,optimized,256,gf_mul,4,5940,0x283807e5
22,B-A,1,optimized,256,gf_mul,5,5940,0x283807e5
22,B-A,1,optimized,256,gf_mul,6,5940,0x283807e5
22,B-A,1,optimized,256,gf_mul,7,5940,0x283807e5
22,B-A,1,optimized,256,gf_mul,8,5940,0x283807e5
22,B-A,1,optimized,256,gf_mul,9,5940,0x283807e5
22,B-A,1,optimized,256,gf_mul,10,5940,0x283807e5
22,B-A,1,optimized,256,gf_mul,11,5940,0x283807e5
22,B-A,1,optimized,256,gf_mul,12,5940,0x283807e5
22,B-A,1,optimized,256,gf_mul,13,5940,0x283807e5
22,B-A,1,optimized,256,gf_mul,14,5940,0x283807e5
22,B-A,1,optimized,256,gf_mul,15,5940,0x283807e5
22,B-A,1,optimized,256,gf_mul,16,5940,0x283807e5
22,B-A,1,optimized,256,gf_mul,17,5940,0x283807e5
22,B-A,1,optimized,256,gf_mul,18,5940,0x283807e5
22,B-A,1,optimized,256,gf_mul,19,5940,0x283807e5
22,B-A,1,optimized,256,gf_mul,20,5940,0x283807e5
22,B-A,1,optimized,256,gf_mul,21,5940,0x283807e5
22,B-A,1,optimized,256,gf_mul,22,5940,0x283807e5
22,B-A,1,optimized,256,gf_mul,23,5940,0x283807e5
22,B-A,1,optimized,256,gf_mul,24,5940,0x283807e5
22,B-A,1,optimized,256,gf_mul,25,5940,0x283807e5
22,B-A,1,optimized,256,gf_mul,26,5940,0x283807e5
22,B-A,1,optimized,256,gf_mul,27,5940,0x283807e5
22,B-A,1,optimized,256,gf_mul,28,5940,0x283807e5
22,B-A,1,optimized,256,gf_mul,29,5940,0x283807e5
22,B-A,1,optimized,256,gf_mul,30,5940,0x283807e5
22,B-A,1,optimized,256,gf_mul,31,5940,0x283807e5
22,B-A,1,optimized,256,gf_mul,32,5940,0x283807e5
22,B-A,1,optimized,256,gf_mul,33,5940,0x283807e5
22,B-A,1,optimized,256,gf_mul,34,5940,0x283807e5
22,B-A,1,optimized,256,gf_mul,35,5940,0x283807e5
22,B-A,1,optimized,256,gf_mul,36,5940,0x283807e5
22,B-A,1,optimized,256,gf_mul,37,5940,0x283807e5
22,B-A,1,optimized,256,gf_mul,38,5940,0x283807e5
22,B-A,1,optimized,256,gf_mul,39,5940,0x283807e5
22,B-A,1,optimized,256,gf_mul,40,5940,0x283807e5
22,B-A,1,optimized,256,gf_mul,41,5940,0x283807e5
22,B-A,1,optimized,256,gf_mul,42,5940,0x283807e5
22,B-A,1,optimized,256,gf_mul,43,5940,0x283807e5
22,B-A,1,optimized,256,gf_mul,44,5940,0x283807e5
22,B-A,1,optimized,256,gf_mul,45,5940,0x283807e5
22,B-A,1,optimized,256,gf_mul,46,5940,0x283807e5
22,B-A,1,optimized,256,gf_mul,47,5940,0x283807e5
22,B-A,1,optimized,256,gf_mul,48,5940,0x283807e5
22,B-A,1,optimized,256,gf_mul,49,5940,0x283807e5
22,B-A,1,optimized,256,gf_sqr,0,202,0x283807e5
22,B-A,1,optimized,256,gf_sqr,1,200,0x283807e5
22,B-A,1,optimized,256,gf_sqr,2,201,0x283807e5
22,B-A,1,optimized,256,gf_sqr,3,200,0x283807e5
22,B-A,1,optimized,256,gf_sqr,4,200,0x283807e5
22,B-A,1,optimized,256,gf_sqr,5,200,0x283807e5
22,B-A,1,optimized,256,gf_sqr,6,200,0x283807e5
22,B-A,1,optimized,256,gf_sqr,7,200,0x283807e5
22,B-A,1,optimized,256,gf_sqr,8,200,0x283807e5
22,B-A,1,optimized,256,gf_sqr,9,200,0x283807e5
22,B-A,1,optimized,256,gf_sqr,10,200,0x283807e5
22,B-A,1,optimized,256,gf_sqr,11,200,0x283807e5
22,B-A,1,optimized,256,gf_sqr,12,200,0x283807e5
22,B-A,1,optimized,256,gf_sqr,13,200,0x283807e5
22,B-A,1,optimized,256,gf_sqr,14,200,0x283807e5
22,B-A,1,optimized,256,gf_sqr,15,200,0x283807e5
22,B-A,1,optimized,256,gf_sqr,16,200,0x283807e5
22,B-A,1,optimized,256,gf_sqr,17,200,0x283807e5
22,B-A,1,optimized,256,gf_sqr,18,200,0x283807e5
22,B-A,1,optimized,256,gf_sqr,19,200,0x283807e5
22,B-A,1,optimized,256,gf_sqr,20,200,0x283807e5
22,B-A,1,optimized,256,gf_sqr,21,200,0x283807e5
22,B-A,1,optimized,256,gf_sqr,22,200,0x283807e5
22,B-A,1,optimized,256,gf_sqr,23,200,0x283807e5
22,B-A,1,optimized,256,gf_sqr,24,200,0x283807e5
22,B-A,1,optimized,256,gf_sqr,25,200,0x283807e5
22,B-A,1,optimized,256,gf_sqr,26,200,0x283807e5
22,B-A,1,optimized,256,gf_sqr,27,200,0x283807e5
22,B-A,1,optimized,256,gf_sqr,28,200,0x283807e5
22,B-A,1,optimized,256,gf_sqr,29,200,0x283807e5
22,B-A,1,optimized,256,gf_sqr,30,200,0x283807e5
22,B-A,1,optimized,256,gf_sqr,31,200,0x283807e5
22,B-A,1,optimized,256,gf_sqr,32,200,0x283807e5
22,B-A,1,optimized,256,gf_sqr,33,200,0x283807e5
22,B-A,1,optimized,256,gf_sqr,34,200,0x283807e5
22,B-A,1,optimized,256,gf_sqr,35,200,0x283807e5
22,B-A,1,optimized,256,gf_sqr,36,200,0x283807e5
22,B-A,1,optimized,256,gf_sqr,37,200,0x283807e5
22,B-A,1,optimized,256,gf_sqr,38,200,0x283807e5
22,B-A,1,optimized,256,gf_sqr,39,200,0x283807e5
22,B-A,1,optimized,256,gf_sqr,40,200,0x283807e5
22,B-A,1,optimized,256,gf_sqr,41,200,0x283807e5
22,B-A,1,optimized,256,gf_sqr,42,200,0x283807e5
22,B-A,1,optimized,256,gf_sqr,43,200,0x283807e5
22,B-A,1,optimized,256,gf_sqr,44,200,0x283807e5
22,B-A,1,optimized,256,gf_sqr,45,200,0x283807e5
22,B-A,1,optimized,256,gf_sqr,46,200,0x283807e5
22,B-A,1,optimized,256,gf_sqr,47,200,0x283807e5
22,B-A,1,optimized,256,gf_sqr,48,200,0x283807e5
22,B-A,1,optimized,256,gf_sqr,49,200,0x283807e5
22,B-A,2,reference,256,gf_mul,0,5933,0x283807e5
22,B-A,2,reference,256,gf_mul,1,5932,0x283807e5
22,B-A,2,reference,256,gf_mul,2,5932,0x283807e5
22,B-A,2,reference,256,gf_mul,3,5931,0x283807e5
22,B-A,2,reference,256,gf_mul,4,5931,0x283807e5
22,B-A,2,reference,256,gf_mul,5,5931,0x283807e5
22,B-A,2,reference,256,gf_mul,6,5931,0x283807e5
22,B-A,2,reference,256,gf_mul,7,5931,0x283807e5
22,B-A,2,reference,256,gf_mul,8,5931,0x283807e5
22,B-A,2,reference,256,gf_mul,9,5931,0x283807e5
22,B-A,2,reference,256,gf_mul,10,5931,0x283807e5
22,B-A,2,reference,256,gf_mul,11,5931,0x283807e5
22,B-A,2,reference,256,gf_mul,12,5931,0x283807e5
22,B-A,2,reference,256,gf_mul,13,5931,0x283807e5
22,B-A,2,reference,256,gf_mul,14,5931,0x283807e5
22,B-A,2,reference,256,gf_mul,15,5931,0x283807e5
22,B-A,2,reference,256,gf_mul,16,5931,0x283807e5
22,B-A,2,reference,256,gf_mul,17,5931,0x283807e5
22,B-A,2,reference,256,gf_mul,18,5931,0x283807e5
22,B-A,2,reference,256,gf_mul,19,5931,0x283807e5
22,B-A,2,reference,256,gf_mul,20,5931,0x283807e5
22,B-A,2,reference,256,gf_mul,21,5931,0x283807e5
22,B-A,2,reference,256,gf_mul,22,5931,0x283807e5
22,B-A,2,reference,256,gf_mul,23,5931,0x283807e5
22,B-A,2,reference,256,gf_mul,24,5931,0x283807e5
22,B-A,2,reference,256,gf_mul,25,5931,0x283807e5
22,B-A,2,reference,256,gf_mul,26,5931,0x283807e5
22,B-A,2,reference,256,gf_mul,27,5931,0x283807e5
22,B-A,2,reference,256,gf_mul,28,5931,0x283807e5
22,B-A,2,reference,256,gf_mul,29,5931,0x283807e5
22,B-A,2,reference,256,gf_mul,30,5931,0x283807e5
22,B-A,2,reference,256,gf_mul,31,5931,0x283807e5
22,B-A,2,reference,256,gf_mul,32,5931,0x283807e5
22,B-A,2,reference,256,gf_mul,33,5931,0x283807e5
22,B-A,2,reference,256,gf_mul,34,5931,0x283807e5
22,B-A,2,reference,256,gf_mul,35,5931,0x283807e5
22,B-A,2,reference,256,gf_mul,36,5931,0x283807e5
22,B-A,2,reference,256,gf_mul,37,5931,0x283807e5
22,B-A,2,reference,256,gf_mul,38,5931,0x283807e5
22,B-A,2,reference,256,gf_mul,39,5931,0x283807e5
22,B-A,2,reference,256,gf_mul,40,5931,0x283807e5
22,B-A,2,reference,256,gf_mul,41,5931,0x283807e5
22,B-A,2,reference,256,gf_mul,42,5931,0x283807e5
22,B-A,2,reference,256,gf_mul,43,5931,0x283807e5
22,B-A,2,reference,256,gf_mul,44,5931,0x283807e5
22,B-A,2,reference,256,gf_mul,45,5931,0x283807e5
22,B-A,2,reference,256,gf_mul,46,5931,0x283807e5
22,B-A,2,reference,256,gf_mul,47,5931,0x283807e5
22,B-A,2,reference,256,gf_mul,48,5931,0x283807e5
22,B-A,2,reference,256,gf_mul,49,5931,0x283807e5
22,B-A,2,reference,256,gf_sqr,0,203,0x283807e5
22,B-A,2,reference,256,gf_sqr,1,202,0x283807e5
22,B-A,2,reference,256,gf_sqr,2,203,0x283807e5
22,B-A,2,reference,256,gf_sqr,3,202,0x283807e5
22,B-A,2,reference,256,gf_sqr,4,202,0x283807e5
22,B-A,2,reference,256,gf_sqr,5,202,0x283807e5
22,B-A,2,reference,256,gf_sqr,6,202,0x283807e5
22,B-A,2,reference,256,gf_sqr,7,202,0x283807e5
22,B-A,2,reference,256,gf_sqr,8,202,0x283807e5
22,B-A,2,reference,256,gf_sqr,9,202,0x283807e5
22,B-A,2,reference,256,gf_sqr,10,202,0x283807e5
22,B-A,2,reference,256,gf_sqr,11,202,0x283807e5
22,B-A,2,reference,256,gf_sqr,12,202,0x283807e5
22,B-A,2,reference,256,gf_sqr,13,202,0x283807e5
22,B-A,2,reference,256,gf_sqr,14,202,0x283807e5
22,B-A,2,reference,256,gf_sqr,15,202,0x283807e5
22,B-A,2,reference,256,gf_sqr,16,202,0x283807e5
22,B-A,2,reference,256,gf_sqr,17,202,0x283807e5
22,B-A,2,reference,256,gf_sqr,18,202,0x283807e5
22,B-A,2,reference,256,gf_sqr,19,202,0x283807e5
22,B-A,2,reference,256,gf_sqr,20,202,0x283807e5
22,B-A,2,reference,256,gf_sqr,21,202,0x283807e5
22,B-A,2,reference,256,gf_sqr,22,202,0x283807e5
22,B-A,2,reference,256,gf_sqr,23,202,0x283807e5
22,B-A,2,reference,256,gf_sqr,24,202,0x283807e5
22,B-A,2,reference,256,gf_sqr,25,202,0x283807e5
22,B-A,2,reference,256,gf_sqr,26,202,0x283807e5
22,B-A,2,reference,256,gf_sqr,27,202,0x283807e5
22,B-A,2,reference,256,gf_sqr,28,202,0x283807e5
22,B-A,2,reference,256,gf_sqr,29,202,0x283807e5
22,B-A,2,reference,256,gf_sqr,30,202,0x283807e5
22,B-A,2,reference,256,gf_sqr,31,202,0x283807e5
22,B-A,2,reference,256,gf_sqr,32,202,0x283807e5
22,B-A,2,reference,256,gf_sqr,33,202,0x283807e5
22,B-A,2,reference,256,gf_sqr,34,202,0x283807e5
22,B-A,2,reference,256,gf_sqr,35,202,0x283807e5
22,B-A,2,reference,256,gf_sqr,36,202,0x283807e5
22,B-A,2,reference,256,gf_sqr,37,202,0x283807e5
22,B-A,2,reference,256,gf_sqr,38,202,0x283807e5
22,B-A,2,reference,256,gf_sqr,39,202,0x283807e5
22,B-A,2,reference,256,gf_sqr,40,202,0x283807e5
22,B-A,2,reference,256,gf_sqr,41,202,0x283807e5
22,B-A,2,reference,256,gf_sqr,42,202,0x283807e5
22,B-A,2,reference,256,gf_sqr,43,202,0x283807e5
22,B-A,2,reference,256,gf_sqr,44,202,0x283807e5
22,B-A,2,reference,256,gf_sqr,45,202,0x283807e5
22,B-A,2,reference,256,gf_sqr,46,202,0x283807e5
22,B-A,2,reference,256,gf_sqr,47,202,0x283807e5
22,B-A,2,reference,256,gf_sqr,48,202,0x283807e5
22,B-A,2,reference,256,gf_sqr,49,202,0x283807e5
23,A-B,1,reference,128,gf_mul,0,1969,0x54cada71
23,A-B,1,reference,128,gf_mul,1,1965,0x54cada71
23,A-B,1,reference,128,gf_mul,2,1965,0x54cada71
23,A-B,1,reference,128,gf_mul,3,1964,0x54cada71
23,A-B,1,reference,128,gf_mul,4,1964,0x54cada71
23,A-B,1,reference,128,gf_mul,5,1964,0x54cada71
23,A-B,1,reference,128,gf_mul,6,1964,0x54cada71
23,A-B,1,reference,128,gf_mul,7,1964,0x54cada71
23,A-B,1,reference,128,gf_mul,8,1964,0x54cada71
23,A-B,1,reference,128,gf_mul,9,1964,0x54cada71
23,A-B,1,reference,128,gf_mul,10,1964,0x54cada71
23,A-B,1,reference,128,gf_mul,11,1964,0x54cada71
23,A-B,1,reference,128,gf_mul,12,1964,0x54cada71
23,A-B,1,reference,128,gf_mul,13,1964,0x54cada71
23,A-B,1,reference,128,gf_mul,14,1964,0x54cada71
23,A-B,1,reference,128,gf_mul,15,1964,0x54cada71
23,A-B,1,reference,128,gf_mul,16,1964,0x54cada71
23,A-B,1,reference,128,gf_mul,17,1964,0x54cada71
23,A-B,1,reference,128,gf_mul,18,1964,0x54cada71
23,A-B,1,reference,128,gf_mul,19,1964,0x54cada71
23,A-B,1,reference,128,gf_mul,20,1964,0x54cada71
23,A-B,1,reference,128,gf_mul,21,1964,0x54cada71
23,A-B,1,reference,128,gf_mul,22,1964,0x54cada71
23,A-B,1,reference,128,gf_mul,23,1964,0x54cada71
23,A-B,1,reference,128,gf_mul,24,1964,0x54cada71
23,A-B,1,reference,128,gf_mul,25,1964,0x54cada71
23,A-B,1,reference,128,gf_mul,26,1964,0x54cada71
23,A-B,1,reference,128,gf_mul,27,1964,0x54cada71
23,A-B,1,reference,128,gf_mul,28,1964,0x54cada71
23,A-B,1,reference,128,gf_mul,29,1964,0x54cada71
23,A-B,1,reference,128,gf_mul,30,1964,0x54cada71
23,A-B,1,reference,128,gf_mul,31,1964,0x54cada71
23,A-B,1,reference,128,gf_mul,32,1964,0x54cada71
23,A-B,1,reference,128,gf_mul,33,1964,0x54cada71
23,A-B,1,reference,128,gf_mul,34,1964,0x54cada71
23,A-B,1,reference,128,gf_mul,35,1964,0x54cada71
23,A-B,1,reference,128,gf_mul,36,1964,0x54cada71
23,A-B,1,reference,128,gf_mul,37,1964,0x54cada71
23,A-B,1,reference,128,gf_mul,38,1964,0x54cada71
23,A-B,1,reference,128,gf_mul,39,1964,0x54cada71
23,A-B,1,reference,128,gf_mul,40,1964,0x54cada71
23,A-B,1,reference,128,gf_mul,41,1964,0x54cada71
23,A-B,1,reference,128,gf_mul,42,1964,0x54cada71
23,A-B,1,reference,128,gf_mul,43,1964,0x54cada71
23,A-B,1,reference,128,gf_mul,44,1964,0x54cada71
23,A-B,1,reference,128,gf_mul,45,1964,0x54cada71
23,A-B,1,reference,128,gf_mul,46,1964,0x54cada71
23,A-B,1,reference,128,gf_mul,47,1964,0x54cada71
23,A-B,1,reference,128,gf_mul,48,1964,0x54cada71
23,A-B,1,reference,128,gf_mul,49,1964,0x54cada71
23,A-B,1,reference,128,gf_sqr,0,107,0x54cada71
23,A-B,1,reference,128,gf_sqr,1,103,0x54cada71
23,A-B,1,reference,128,gf_sqr,2,103,0x54cada71
23,A-B,1,reference,128,gf_sqr,3,102,0x54cada71
23,A-B,1,reference,128,gf_sqr,4,102,0x54cada71
23,A-B,1,reference,128,gf_sqr,5,102,0x54cada71
23,A-B,1,reference,128,gf_sqr,6,102,0x54cada71
23,A-B,1,reference,128,gf_sqr,7,102,0x54cada71
23,A-B,1,reference,128,gf_sqr,8,102,0x54cada71
23,A-B,1,reference,128,gf_sqr,9,102,0x54cada71
23,A-B,1,reference,128,gf_sqr,10,102,0x54cada71
23,A-B,1,reference,128,gf_sqr,11,102,0x54cada71
23,A-B,1,reference,128,gf_sqr,12,102,0x54cada71
23,A-B,1,reference,128,gf_sqr,13,102,0x54cada71
23,A-B,1,reference,128,gf_sqr,14,102,0x54cada71
23,A-B,1,reference,128,gf_sqr,15,102,0x54cada71
23,A-B,1,reference,128,gf_sqr,16,102,0x54cada71
23,A-B,1,reference,128,gf_sqr,17,102,0x54cada71
23,A-B,1,reference,128,gf_sqr,18,102,0x54cada71
23,A-B,1,reference,128,gf_sqr,19,102,0x54cada71
23,A-B,1,reference,128,gf_sqr,20,102,0x54cada71
23,A-B,1,reference,128,gf_sqr,21,102,0x54cada71
23,A-B,1,reference,128,gf_sqr,22,102,0x54cada71
23,A-B,1,reference,128,gf_sqr,23,102,0x54cada71
23,A-B,1,reference,128,gf_sqr,24,102,0x54cada71
23,A-B,1,reference,128,gf_sqr,25,102,0x54cada71
23,A-B,1,reference,128,gf_sqr,26,102,0x54cada71
23,A-B,1,reference,128,gf_sqr,27,102,0x54cada71
23,A-B,1,reference,128,gf_sqr,28,102,0x54cada71
23,A-B,1,reference,128,gf_sqr,29,102,0x54cada71
23,A-B,1,reference,128,gf_sqr,30,102,0x54cada71
23,A-B,1,reference,128,gf_sqr,31,102,0x54cada71
23,A-B,1,reference,128,gf_sqr,32,102,0x54cada71
23,A-B,1,reference,128,gf_sqr,33,102,0x54cada71
23,A-B,1,reference,128,gf_sqr,34,102,0x54cada71
23,A-B,1,reference,128,gf_sqr,35,102,0x54cada71
23,A-B,1,reference,128,gf_sqr,36,102,0x54cada71
23,A-B,1,reference,128,gf_sqr,37,102,0x54cada71
23,A-B,1,reference,128,gf_sqr,38,102,0x54cada71
23,A-B,1,reference,128,gf_sqr,39,102,0x54cada71
23,A-B,1,reference,128,gf_sqr,40,102,0x54cada71
23,A-B,1,reference,128,gf_sqr,41,102,0x54cada71
23,A-B,1,reference,128,gf_sqr,42,102,0x54cada71
23,A-B,1,reference,128,gf_sqr,43,102,0x54cada71
23,A-B,1,reference,128,gf_sqr,44,102,0x54cada71
23,A-B,1,reference,128,gf_sqr,45,102,0x54cada71
23,A-B,1,reference,128,gf_sqr,46,102,0x54cada71
23,A-B,1,reference,128,gf_sqr,47,102,0x54cada71
23,A-B,1,reference,128,gf_sqr,48,102,0x54cada71
23,A-B,1,reference,128,gf_sqr,49,102,0x54cada71
23,A-B,2,optimized,128,gf_mul,0,1969,0x54cada71
23,A-B,2,optimized,128,gf_mul,1,1968,0x54cada71
23,A-B,2,optimized,128,gf_mul,2,1968,0x54cada71
23,A-B,2,optimized,128,gf_mul,3,1967,0x54cada71
23,A-B,2,optimized,128,gf_mul,4,1967,0x54cada71
23,A-B,2,optimized,128,gf_mul,5,1967,0x54cada71
23,A-B,2,optimized,128,gf_mul,6,1967,0x54cada71
23,A-B,2,optimized,128,gf_mul,7,1967,0x54cada71
23,A-B,2,optimized,128,gf_mul,8,1967,0x54cada71
23,A-B,2,optimized,128,gf_mul,9,1967,0x54cada71
23,A-B,2,optimized,128,gf_mul,10,1967,0x54cada71
23,A-B,2,optimized,128,gf_mul,11,1967,0x54cada71
23,A-B,2,optimized,128,gf_mul,12,1967,0x54cada71
23,A-B,2,optimized,128,gf_mul,13,1967,0x54cada71
23,A-B,2,optimized,128,gf_mul,14,1967,0x54cada71
23,A-B,2,optimized,128,gf_mul,15,1967,0x54cada71
23,A-B,2,optimized,128,gf_mul,16,1967,0x54cada71
23,A-B,2,optimized,128,gf_mul,17,1967,0x54cada71
23,A-B,2,optimized,128,gf_mul,18,1967,0x54cada71
23,A-B,2,optimized,128,gf_mul,19,1967,0x54cada71
23,A-B,2,optimized,128,gf_mul,20,1967,0x54cada71
23,A-B,2,optimized,128,gf_mul,21,1967,0x54cada71
23,A-B,2,optimized,128,gf_mul,22,1967,0x54cada71
23,A-B,2,optimized,128,gf_mul,23,1967,0x54cada71
23,A-B,2,optimized,128,gf_mul,24,1967,0x54cada71
23,A-B,2,optimized,128,gf_mul,25,1967,0x54cada71
23,A-B,2,optimized,128,gf_mul,26,1967,0x54cada71
23,A-B,2,optimized,128,gf_mul,27,1967,0x54cada71
23,A-B,2,optimized,128,gf_mul,28,1967,0x54cada71
23,A-B,2,optimized,128,gf_mul,29,1967,0x54cada71
23,A-B,2,optimized,128,gf_mul,30,1967,0x54cada71
23,A-B,2,optimized,128,gf_mul,31,1967,0x54cada71
23,A-B,2,optimized,128,gf_mul,32,1967,0x54cada71
23,A-B,2,optimized,128,gf_mul,33,1967,0x54cada71
23,A-B,2,optimized,128,gf_mul,34,1967,0x54cada71
23,A-B,2,optimized,128,gf_mul,35,1967,0x54cada71
23,A-B,2,optimized,128,gf_mul,36,1967,0x54cada71
23,A-B,2,optimized,128,gf_mul,37,1967,0x54cada71
23,A-B,2,optimized,128,gf_mul,38,1967,0x54cada71
23,A-B,2,optimized,128,gf_mul,39,1967,0x54cada71
23,A-B,2,optimized,128,gf_mul,40,1967,0x54cada71
23,A-B,2,optimized,128,gf_mul,41,1967,0x54cada71
23,A-B,2,optimized,128,gf_mul,42,1967,0x54cada71
23,A-B,2,optimized,128,gf_mul,43,1967,0x54cada71
23,A-B,2,optimized,128,gf_mul,44,1967,0x54cada71
23,A-B,2,optimized,128,gf_mul,45,1967,0x54cada71
23,A-B,2,optimized,128,gf_mul,46,1967,0x54cada71
23,A-B,2,optimized,128,gf_mul,47,1967,0x54cada71
23,A-B,2,optimized,128,gf_mul,48,1967,0x54cada71
23,A-B,2,optimized,128,gf_mul,49,1967,0x54cada71
23,A-B,2,optimized,128,gf_sqr,0,107,0x54cada71
23,A-B,2,optimized,128,gf_sqr,1,107,0x54cada71
23,A-B,2,optimized,128,gf_sqr,2,107,0x54cada71
23,A-B,2,optimized,128,gf_sqr,3,106,0x54cada71
23,A-B,2,optimized,128,gf_sqr,4,106,0x54cada71
23,A-B,2,optimized,128,gf_sqr,5,106,0x54cada71
23,A-B,2,optimized,128,gf_sqr,6,106,0x54cada71
23,A-B,2,optimized,128,gf_sqr,7,106,0x54cada71
23,A-B,2,optimized,128,gf_sqr,8,106,0x54cada71
23,A-B,2,optimized,128,gf_sqr,9,106,0x54cada71
23,A-B,2,optimized,128,gf_sqr,10,106,0x54cada71
23,A-B,2,optimized,128,gf_sqr,11,106,0x54cada71
23,A-B,2,optimized,128,gf_sqr,12,106,0x54cada71
23,A-B,2,optimized,128,gf_sqr,13,106,0x54cada71
23,A-B,2,optimized,128,gf_sqr,14,106,0x54cada71
23,A-B,2,optimized,128,gf_sqr,15,106,0x54cada71
23,A-B,2,optimized,128,gf_sqr,16,106,0x54cada71
23,A-B,2,optimized,128,gf_sqr,17,106,0x54cada71
23,A-B,2,optimized,128,gf_sqr,18,106,0x54cada71
23,A-B,2,optimized,128,gf_sqr,19,106,0x54cada71
23,A-B,2,optimized,128,gf_sqr,20,106,0x54cada71
23,A-B,2,optimized,128,gf_sqr,21,106,0x54cada71
23,A-B,2,optimized,128,gf_sqr,22,106,0x54cada71
23,A-B,2,optimized,128,gf_sqr,23,106,0x54cada71
23,A-B,2,optimized,128,gf_sqr,24,106,0x54cada71
23,A-B,2,optimized,128,gf_sqr,25,106,0x54cada71
23,A-B,2,optimized,128,gf_sqr,26,106,0x54cada71
23,A-B,2,optimized,128,gf_sqr,27,106,0x54cada71
23,A-B,2,optimized,128,gf_sqr,28,106,0x54cada71
23,A-B,2,optimized,128,gf_sqr,29,106,0x54cada71
23,A-B,2,optimized,128,gf_sqr,30,106,0x54cada71
23,A-B,2,optimized,128,gf_sqr,31,106,0x54cada71
23,A-B,2,optimized,128,gf_sqr,32,106,0x54cada71
23,A-B,2,optimized,128,gf_sqr,33,106,0x54cada71
23,A-B,2,optimized,128,gf_sqr,34,106,0x54cada71
23,A-B,2,optimized,128,gf_sqr,35,106,0x54cada71
23,A-B,2,optimized,128,gf_sqr,36,106,0x54cada71
23,A-B,2,optimized,128,gf_sqr,37,106,0x54cada71
23,A-B,2,optimized,128,gf_sqr,38,106,0x54cada71
23,A-B,2,optimized,128,gf_sqr,39,106,0x54cada71
23,A-B,2,optimized,128,gf_sqr,40,106,0x54cada71
23,A-B,2,optimized,128,gf_sqr,41,106,0x54cada71
23,A-B,2,optimized,128,gf_sqr,42,106,0x54cada71
23,A-B,2,optimized,128,gf_sqr,43,106,0x54cada71
23,A-B,2,optimized,128,gf_sqr,44,106,0x54cada71
23,A-B,2,optimized,128,gf_sqr,45,106,0x54cada71
23,A-B,2,optimized,128,gf_sqr,46,106,0x54cada71
23,A-B,2,optimized,128,gf_sqr,47,106,0x54cada71
23,A-B,2,optimized,128,gf_sqr,48,106,0x54cada71
23,A-B,2,optimized,128,gf_sqr,49,106,0x54cada71
23,A-B,1,reference,192,gf_mul,0,3927,0x2bf8b731
23,A-B,1,reference,192,gf_mul,1,3927,0x2bf8b731
23,A-B,1,reference,192,gf_mul,2,3927,0x2bf8b731
23,A-B,1,reference,192,gf_mul,3,3926,0x2bf8b731
23,A-B,1,reference,192,gf_mul,4,3926,0x2bf8b731
23,A-B,1,reference,192,gf_mul,5,3926,0x2bf8b731
23,A-B,1,reference,192,gf_mul,6,3926,0x2bf8b731
23,A-B,1,reference,192,gf_mul,7,3926,0x2bf8b731
23,A-B,1,reference,192,gf_mul,8,3926,0x2bf8b731
23,A-B,1,reference,192,gf_mul,9,3926,0x2bf8b731
23,A-B,1,reference,192,gf_mul,10,3926,0x2bf8b731
23,A-B,1,reference,192,gf_mul,11,3926,0x2bf8b731
23,A-B,1,reference,192,gf_mul,12,3926,0x2bf8b731
23,A-B,1,reference,192,gf_mul,13,3926,0x2bf8b731
23,A-B,1,reference,192,gf_mul,14,3926,0x2bf8b731
23,A-B,1,reference,192,gf_mul,15,3926,0x2bf8b731
23,A-B,1,reference,192,gf_mul,16,3926,0x2bf8b731
23,A-B,1,reference,192,gf_mul,17,3926,0x2bf8b731
23,A-B,1,reference,192,gf_mul,18,3926,0x2bf8b731
23,A-B,1,reference,192,gf_mul,19,3926,0x2bf8b731
23,A-B,1,reference,192,gf_mul,20,3926,0x2bf8b731
23,A-B,1,reference,192,gf_mul,21,3926,0x2bf8b731
23,A-B,1,reference,192,gf_mul,22,3926,0x2bf8b731
23,A-B,1,reference,192,gf_mul,23,3926,0x2bf8b731
23,A-B,1,reference,192,gf_mul,24,3926,0x2bf8b731
23,A-B,1,reference,192,gf_mul,25,3926,0x2bf8b731
23,A-B,1,reference,192,gf_mul,26,3926,0x2bf8b731
23,A-B,1,reference,192,gf_mul,27,3926,0x2bf8b731
23,A-B,1,reference,192,gf_mul,28,3926,0x2bf8b731
23,A-B,1,reference,192,gf_mul,29,3926,0x2bf8b731
23,A-B,1,reference,192,gf_mul,30,3926,0x2bf8b731
23,A-B,1,reference,192,gf_mul,31,3926,0x2bf8b731
23,A-B,1,reference,192,gf_mul,32,3926,0x2bf8b731
23,A-B,1,reference,192,gf_mul,33,3926,0x2bf8b731
23,A-B,1,reference,192,gf_mul,34,3926,0x2bf8b731
23,A-B,1,reference,192,gf_mul,35,3926,0x2bf8b731
23,A-B,1,reference,192,gf_mul,36,3926,0x2bf8b731
23,A-B,1,reference,192,gf_mul,37,3926,0x2bf8b731
23,A-B,1,reference,192,gf_mul,38,3926,0x2bf8b731
23,A-B,1,reference,192,gf_mul,39,3926,0x2bf8b731
23,A-B,1,reference,192,gf_mul,40,3926,0x2bf8b731
23,A-B,1,reference,192,gf_mul,41,3926,0x2bf8b731
23,A-B,1,reference,192,gf_mul,42,3926,0x2bf8b731
23,A-B,1,reference,192,gf_mul,43,3926,0x2bf8b731
23,A-B,1,reference,192,gf_mul,44,3926,0x2bf8b731
23,A-B,1,reference,192,gf_mul,45,3926,0x2bf8b731
23,A-B,1,reference,192,gf_mul,46,3926,0x2bf8b731
23,A-B,1,reference,192,gf_mul,47,3926,0x2bf8b731
23,A-B,1,reference,192,gf_mul,48,3926,0x2bf8b731
23,A-B,1,reference,192,gf_mul,49,3926,0x2bf8b731
23,A-B,1,reference,192,gf_sqr,0,144,0x2bf8b731
23,A-B,1,reference,192,gf_sqr,1,144,0x2bf8b731
23,A-B,1,reference,192,gf_sqr,2,143,0x2bf8b731
23,A-B,1,reference,192,gf_sqr,3,144,0x2bf8b731
23,A-B,1,reference,192,gf_sqr,4,144,0x2bf8b731
23,A-B,1,reference,192,gf_sqr,5,144,0x2bf8b731
23,A-B,1,reference,192,gf_sqr,6,144,0x2bf8b731
23,A-B,1,reference,192,gf_sqr,7,144,0x2bf8b731
23,A-B,1,reference,192,gf_sqr,8,144,0x2bf8b731
23,A-B,1,reference,192,gf_sqr,9,144,0x2bf8b731
23,A-B,1,reference,192,gf_sqr,10,144,0x2bf8b731
23,A-B,1,reference,192,gf_sqr,11,144,0x2bf8b731
23,A-B,1,reference,192,gf_sqr,12,144,0x2bf8b731
23,A-B,1,reference,192,gf_sqr,13,144,0x2bf8b731
23,A-B,1,reference,192,gf_sqr,14,144,0x2bf8b731
23,A-B,1,reference,192,gf_sqr,15,144,0x2bf8b731
23,A-B,1,reference,192,gf_sqr,16,144,0x2bf8b731
23,A-B,1,reference,192,gf_sqr,17,144,0x2bf8b731
23,A-B,1,reference,192,gf_sqr,18,144,0x2bf8b731
23,A-B,1,reference,192,gf_sqr,19,144,0x2bf8b731
23,A-B,1,reference,192,gf_sqr,20,144,0x2bf8b731
23,A-B,1,reference,192,gf_sqr,21,144,0x2bf8b731
23,A-B,1,reference,192,gf_sqr,22,144,0x2bf8b731
23,A-B,1,reference,192,gf_sqr,23,144,0x2bf8b731
23,A-B,1,reference,192,gf_sqr,24,144,0x2bf8b731
23,A-B,1,reference,192,gf_sqr,25,144,0x2bf8b731
23,A-B,1,reference,192,gf_sqr,26,144,0x2bf8b731
23,A-B,1,reference,192,gf_sqr,27,144,0x2bf8b731
23,A-B,1,reference,192,gf_sqr,28,144,0x2bf8b731
23,A-B,1,reference,192,gf_sqr,29,144,0x2bf8b731
23,A-B,1,reference,192,gf_sqr,30,144,0x2bf8b731
23,A-B,1,reference,192,gf_sqr,31,144,0x2bf8b731
23,A-B,1,reference,192,gf_sqr,32,144,0x2bf8b731
23,A-B,1,reference,192,gf_sqr,33,144,0x2bf8b731
23,A-B,1,reference,192,gf_sqr,34,144,0x2bf8b731
23,A-B,1,reference,192,gf_sqr,35,144,0x2bf8b731
23,A-B,1,reference,192,gf_sqr,36,144,0x2bf8b731
23,A-B,1,reference,192,gf_sqr,37,144,0x2bf8b731
23,A-B,1,reference,192,gf_sqr,38,144,0x2bf8b731
23,A-B,1,reference,192,gf_sqr,39,144,0x2bf8b731
23,A-B,1,reference,192,gf_sqr,40,144,0x2bf8b731
23,A-B,1,reference,192,gf_sqr,41,144,0x2bf8b731
23,A-B,1,reference,192,gf_sqr,42,144,0x2bf8b731
23,A-B,1,reference,192,gf_sqr,43,144,0x2bf8b731
23,A-B,1,reference,192,gf_sqr,44,144,0x2bf8b731
23,A-B,1,reference,192,gf_sqr,45,144,0x2bf8b731
23,A-B,1,reference,192,gf_sqr,46,144,0x2bf8b731
23,A-B,1,reference,192,gf_sqr,47,144,0x2bf8b731
23,A-B,1,reference,192,gf_sqr,48,144,0x2bf8b731
23,A-B,1,reference,192,gf_sqr,49,144,0x2bf8b731
23,A-B,2,optimized,192,gf_mul,0,3927,0x2bf8b731
23,A-B,2,optimized,192,gf_mul,1,3927,0x2bf8b731
23,A-B,2,optimized,192,gf_mul,2,3927,0x2bf8b731
23,A-B,2,optimized,192,gf_mul,3,3926,0x2bf8b731
23,A-B,2,optimized,192,gf_mul,4,3926,0x2bf8b731
23,A-B,2,optimized,192,gf_mul,5,3926,0x2bf8b731
23,A-B,2,optimized,192,gf_mul,6,3926,0x2bf8b731
23,A-B,2,optimized,192,gf_mul,7,3926,0x2bf8b731
23,A-B,2,optimized,192,gf_mul,8,3926,0x2bf8b731
23,A-B,2,optimized,192,gf_mul,9,3926,0x2bf8b731
23,A-B,2,optimized,192,gf_mul,10,3926,0x2bf8b731
23,A-B,2,optimized,192,gf_mul,11,3926,0x2bf8b731
23,A-B,2,optimized,192,gf_mul,12,3926,0x2bf8b731
23,A-B,2,optimized,192,gf_mul,13,3926,0x2bf8b731
23,A-B,2,optimized,192,gf_mul,14,3926,0x2bf8b731
23,A-B,2,optimized,192,gf_mul,15,3926,0x2bf8b731
23,A-B,2,optimized,192,gf_mul,16,3926,0x2bf8b731
23,A-B,2,optimized,192,gf_mul,17,3926,0x2bf8b731
23,A-B,2,optimized,192,gf_mul,18,3926,0x2bf8b731
23,A-B,2,optimized,192,gf_mul,19,3926,0x2bf8b731
23,A-B,2,optimized,192,gf_mul,20,3926,0x2bf8b731
23,A-B,2,optimized,192,gf_mul,21,3926,0x2bf8b731
23,A-B,2,optimized,192,gf_mul,22,3926,0x2bf8b731
23,A-B,2,optimized,192,gf_mul,23,3926,0x2bf8b731
23,A-B,2,optimized,192,gf_mul,24,3926,0x2bf8b731
23,A-B,2,optimized,192,gf_mul,25,3926,0x2bf8b731
23,A-B,2,optimized,192,gf_mul,26,3926,0x2bf8b731
23,A-B,2,optimized,192,gf_mul,27,3926,0x2bf8b731
23,A-B,2,optimized,192,gf_mul,28,3926,0x2bf8b731
23,A-B,2,optimized,192,gf_mul,29,3926,0x2bf8b731
23,A-B,2,optimized,192,gf_mul,30,3926,0x2bf8b731
23,A-B,2,optimized,192,gf_mul,31,3926,0x2bf8b731
23,A-B,2,optimized,192,gf_mul,32,3926,0x2bf8b731
23,A-B,2,optimized,192,gf_mul,33,3926,0x2bf8b731
23,A-B,2,optimized,192,gf_mul,34,3926,0x2bf8b731
23,A-B,2,optimized,192,gf_mul,35,3926,0x2bf8b731
23,A-B,2,optimized,192,gf_mul,36,3926,0x2bf8b731
23,A-B,2,optimized,192,gf_mul,37,3926,0x2bf8b731
23,A-B,2,optimized,192,gf_mul,38,3926,0x2bf8b731
23,A-B,2,optimized,192,gf_mul,39,3926,0x2bf8b731
23,A-B,2,optimized,192,gf_mul,40,3926,0x2bf8b731
23,A-B,2,optimized,192,gf_mul,41,3926,0x2bf8b731
23,A-B,2,optimized,192,gf_mul,42,3926,0x2bf8b731
23,A-B,2,optimized,192,gf_mul,43,3926,0x2bf8b731
23,A-B,2,optimized,192,gf_mul,44,3926,0x2bf8b731
23,A-B,2,optimized,192,gf_mul,45,3926,0x2bf8b731
23,A-B,2,optimized,192,gf_mul,46,3926,0x2bf8b731
23,A-B,2,optimized,192,gf_mul,47,3926,0x2bf8b731
23,A-B,2,optimized,192,gf_mul,48,3926,0x2bf8b731
23,A-B,2,optimized,192,gf_mul,49,3926,0x2bf8b731
23,A-B,2,optimized,192,gf_sqr,0,144,0x2bf8b731
23,A-B,2,optimized,192,gf_sqr,1,144,0x2bf8b731
23,A-B,2,optimized,192,gf_sqr,2,143,0x2bf8b731
23,A-B,2,optimized,192,gf_sqr,3,144,0x2bf8b731
23,A-B,2,optimized,192,gf_sqr,4,144,0x2bf8b731
23,A-B,2,optimized,192,gf_sqr,5,144,0x2bf8b731
23,A-B,2,optimized,192,gf_sqr,6,144,0x2bf8b731
23,A-B,2,optimized,192,gf_sqr,7,144,0x2bf8b731
23,A-B,2,optimized,192,gf_sqr,8,144,0x2bf8b731
23,A-B,2,optimized,192,gf_sqr,9,144,0x2bf8b731
23,A-B,2,optimized,192,gf_sqr,10,144,0x2bf8b731
23,A-B,2,optimized,192,gf_sqr,11,144,0x2bf8b731
23,A-B,2,optimized,192,gf_sqr,12,144,0x2bf8b731
23,A-B,2,optimized,192,gf_sqr,13,144,0x2bf8b731
23,A-B,2,optimized,192,gf_sqr,14,144,0x2bf8b731
23,A-B,2,optimized,192,gf_sqr,15,144,0x2bf8b731
23,A-B,2,optimized,192,gf_sqr,16,144,0x2bf8b731
23,A-B,2,optimized,192,gf_sqr,17,144,0x2bf8b731
23,A-B,2,optimized,192,gf_sqr,18,144,0x2bf8b731
23,A-B,2,optimized,192,gf_sqr,19,144,0x2bf8b731
23,A-B,2,optimized,192,gf_sqr,20,144,0x2bf8b731
23,A-B,2,optimized,192,gf_sqr,21,144,0x2bf8b731
23,A-B,2,optimized,192,gf_sqr,22,144,0x2bf8b731
23,A-B,2,optimized,192,gf_sqr,23,144,0x2bf8b731
23,A-B,2,optimized,192,gf_sqr,24,144,0x2bf8b731
23,A-B,2,optimized,192,gf_sqr,25,144,0x2bf8b731
23,A-B,2,optimized,192,gf_sqr,26,144,0x2bf8b731
23,A-B,2,optimized,192,gf_sqr,27,144,0x2bf8b731
23,A-B,2,optimized,192,gf_sqr,28,144,0x2bf8b731
23,A-B,2,optimized,192,gf_sqr,29,144,0x2bf8b731
23,A-B,2,optimized,192,gf_sqr,30,144,0x2bf8b731
23,A-B,2,optimized,192,gf_sqr,31,144,0x2bf8b731
23,A-B,2,optimized,192,gf_sqr,32,144,0x2bf8b731
23,A-B,2,optimized,192,gf_sqr,33,144,0x2bf8b731
23,A-B,2,optimized,192,gf_sqr,34,144,0x2bf8b731
23,A-B,2,optimized,192,gf_sqr,35,144,0x2bf8b731
23,A-B,2,optimized,192,gf_sqr,36,144,0x2bf8b731
23,A-B,2,optimized,192,gf_sqr,37,144,0x2bf8b731
23,A-B,2,optimized,192,gf_sqr,38,144,0x2bf8b731
23,A-B,2,optimized,192,gf_sqr,39,144,0x2bf8b731
23,A-B,2,optimized,192,gf_sqr,40,144,0x2bf8b731
23,A-B,2,optimized,192,gf_sqr,41,144,0x2bf8b731
23,A-B,2,optimized,192,gf_sqr,42,144,0x2bf8b731
23,A-B,2,optimized,192,gf_sqr,43,144,0x2bf8b731
23,A-B,2,optimized,192,gf_sqr,44,144,0x2bf8b731
23,A-B,2,optimized,192,gf_sqr,45,144,0x2bf8b731
23,A-B,2,optimized,192,gf_sqr,46,144,0x2bf8b731
23,A-B,2,optimized,192,gf_sqr,47,144,0x2bf8b731
23,A-B,2,optimized,192,gf_sqr,48,144,0x2bf8b731
23,A-B,2,optimized,192,gf_sqr,49,144,0x2bf8b731
23,A-B,1,reference,256,gf_mul,0,5933,0x283807e5
23,A-B,1,reference,256,gf_mul,1,5932,0x283807e5
23,A-B,1,reference,256,gf_mul,2,5932,0x283807e5
23,A-B,1,reference,256,gf_mul,3,5931,0x283807e5
23,A-B,1,reference,256,gf_mul,4,5931,0x283807e5
23,A-B,1,reference,256,gf_mul,5,5931,0x283807e5
23,A-B,1,reference,256,gf_mul,6,5931,0x283807e5
23,A-B,1,reference,256,gf_mul,7,5931,0x283807e5
23,A-B,1,reference,256,gf_mul,8,5931,0x283807e5
23,A-B,1,reference,256,gf_mul,9,5931,0x283807e5
23,A-B,1,reference,256,gf_mul,10,5931,0x283807e5
23,A-B,1,reference,256,gf_mul,11,5931,0x283807e5
23,A-B,1,reference,256,gf_mul,12,5931,0x283807e5
23,A-B,1,reference,256,gf_mul,13,5931,0x283807e5
23,A-B,1,reference,256,gf_mul,14,5931,0x283807e5
23,A-B,1,reference,256,gf_mul,15,5931,0x283807e5
23,A-B,1,reference,256,gf_mul,16,5931,0x283807e5
23,A-B,1,reference,256,gf_mul,17,5931,0x283807e5
23,A-B,1,reference,256,gf_mul,18,5931,0x283807e5
23,A-B,1,reference,256,gf_mul,19,5931,0x283807e5
23,A-B,1,reference,256,gf_mul,20,5931,0x283807e5
23,A-B,1,reference,256,gf_mul,21,5931,0x283807e5
23,A-B,1,reference,256,gf_mul,22,5931,0x283807e5
23,A-B,1,reference,256,gf_mul,23,5931,0x283807e5
23,A-B,1,reference,256,gf_mul,24,5931,0x283807e5
23,A-B,1,reference,256,gf_mul,25,5931,0x283807e5
23,A-B,1,reference,256,gf_mul,26,5931,0x283807e5
23,A-B,1,reference,256,gf_mul,27,5931,0x283807e5
23,A-B,1,reference,256,gf_mul,28,5931,0x283807e5
23,A-B,1,reference,256,gf_mul,29,5931,0x283807e5
23,A-B,1,reference,256,gf_mul,30,5931,0x283807e5
23,A-B,1,reference,256,gf_mul,31,5931,0x283807e5
23,A-B,1,reference,256,gf_mul,32,5931,0x283807e5
23,A-B,1,reference,256,gf_mul,33,5931,0x283807e5
23,A-B,1,reference,256,gf_mul,34,5931,0x283807e5
23,A-B,1,reference,256,gf_mul,35,5931,0x283807e5
23,A-B,1,reference,256,gf_mul,36,5931,0x283807e5
23,A-B,1,reference,256,gf_mul,37,5931,0x283807e5
23,A-B,1,reference,256,gf_mul,38,5931,0x283807e5
23,A-B,1,reference,256,gf_mul,39,5931,0x283807e5
23,A-B,1,reference,256,gf_mul,40,5931,0x283807e5
23,A-B,1,reference,256,gf_mul,41,5931,0x283807e5
23,A-B,1,reference,256,gf_mul,42,5931,0x283807e5
23,A-B,1,reference,256,gf_mul,43,5931,0x283807e5
23,A-B,1,reference,256,gf_mul,44,5931,0x283807e5
23,A-B,1,reference,256,gf_mul,45,5931,0x283807e5
23,A-B,1,reference,256,gf_mul,46,5931,0x283807e5
23,A-B,1,reference,256,gf_mul,47,5931,0x283807e5
23,A-B,1,reference,256,gf_mul,48,5931,0x283807e5
23,A-B,1,reference,256,gf_mul,49,5931,0x283807e5
23,A-B,1,reference,256,gf_sqr,0,203,0x283807e5
23,A-B,1,reference,256,gf_sqr,1,202,0x283807e5
23,A-B,1,reference,256,gf_sqr,2,203,0x283807e5
23,A-B,1,reference,256,gf_sqr,3,202,0x283807e5
23,A-B,1,reference,256,gf_sqr,4,202,0x283807e5
23,A-B,1,reference,256,gf_sqr,5,202,0x283807e5
23,A-B,1,reference,256,gf_sqr,6,202,0x283807e5
23,A-B,1,reference,256,gf_sqr,7,202,0x283807e5
23,A-B,1,reference,256,gf_sqr,8,202,0x283807e5
23,A-B,1,reference,256,gf_sqr,9,202,0x283807e5
23,A-B,1,reference,256,gf_sqr,10,202,0x283807e5
23,A-B,1,reference,256,gf_sqr,11,202,0x283807e5
23,A-B,1,reference,256,gf_sqr,12,202,0x283807e5
23,A-B,1,reference,256,gf_sqr,13,202,0x283807e5
23,A-B,1,reference,256,gf_sqr,14,202,0x283807e5
23,A-B,1,reference,256,gf_sqr,15,202,0x283807e5
23,A-B,1,reference,256,gf_sqr,16,202,0x283807e5
23,A-B,1,reference,256,gf_sqr,17,202,0x283807e5
23,A-B,1,reference,256,gf_sqr,18,202,0x283807e5
23,A-B,1,reference,256,gf_sqr,19,202,0x283807e5
23,A-B,1,reference,256,gf_sqr,20,202,0x283807e5
23,A-B,1,reference,256,gf_sqr,21,202,0x283807e5
23,A-B,1,reference,256,gf_sqr,22,202,0x283807e5
23,A-B,1,reference,256,gf_sqr,23,202,0x283807e5
23,A-B,1,reference,256,gf_sqr,24,202,0x283807e5
23,A-B,1,reference,256,gf_sqr,25,202,0x283807e5
23,A-B,1,reference,256,gf_sqr,26,202,0x283807e5
23,A-B,1,reference,256,gf_sqr,27,202,0x283807e5
23,A-B,1,reference,256,gf_sqr,28,202,0x283807e5
23,A-B,1,reference,256,gf_sqr,29,202,0x283807e5
23,A-B,1,reference,256,gf_sqr,30,202,0x283807e5
23,A-B,1,reference,256,gf_sqr,31,202,0x283807e5
23,A-B,1,reference,256,gf_sqr,32,202,0x283807e5
23,A-B,1,reference,256,gf_sqr,33,202,0x283807e5
23,A-B,1,reference,256,gf_sqr,34,202,0x283807e5
23,A-B,1,reference,256,gf_sqr,35,202,0x283807e5
23,A-B,1,reference,256,gf_sqr,36,202,0x283807e5
23,A-B,1,reference,256,gf_sqr,37,202,0x283807e5
23,A-B,1,reference,256,gf_sqr,38,202,0x283807e5
23,A-B,1,reference,256,gf_sqr,39,202,0x283807e5
23,A-B,1,reference,256,gf_sqr,40,202,0x283807e5
23,A-B,1,reference,256,gf_sqr,41,202,0x283807e5
23,A-B,1,reference,256,gf_sqr,42,202,0x283807e5
23,A-B,1,reference,256,gf_sqr,43,202,0x283807e5
23,A-B,1,reference,256,gf_sqr,44,202,0x283807e5
23,A-B,1,reference,256,gf_sqr,45,202,0x283807e5
23,A-B,1,reference,256,gf_sqr,46,202,0x283807e5
23,A-B,1,reference,256,gf_sqr,47,202,0x283807e5
23,A-B,1,reference,256,gf_sqr,48,202,0x283807e5
23,A-B,1,reference,256,gf_sqr,49,202,0x283807e5
23,A-B,2,optimized,256,gf_mul,0,5942,0x283807e5
23,A-B,2,optimized,256,gf_mul,1,5940,0x283807e5
23,A-B,2,optimized,256,gf_mul,2,5941,0x283807e5
23,A-B,2,optimized,256,gf_mul,3,5940,0x283807e5
23,A-B,2,optimized,256,gf_mul,4,5940,0x283807e5
23,A-B,2,optimized,256,gf_mul,5,5940,0x283807e5
23,A-B,2,optimized,256,gf_mul,6,5940,0x283807e5
23,A-B,2,optimized,256,gf_mul,7,5940,0x283807e5
23,A-B,2,optimized,256,gf_mul,8,5940,0x283807e5
23,A-B,2,optimized,256,gf_mul,9,5940,0x283807e5
23,A-B,2,optimized,256,gf_mul,10,5940,0x283807e5
23,A-B,2,optimized,256,gf_mul,11,5940,0x283807e5
23,A-B,2,optimized,256,gf_mul,12,5940,0x283807e5
23,A-B,2,optimized,256,gf_mul,13,5940,0x283807e5
23,A-B,2,optimized,256,gf_mul,14,5940,0x283807e5
23,A-B,2,optimized,256,gf_mul,15,5940,0x283807e5
23,A-B,2,optimized,256,gf_mul,16,5940,0x283807e5
23,A-B,2,optimized,256,gf_mul,17,5940,0x283807e5
23,A-B,2,optimized,256,gf_mul,18,5940,0x283807e5
23,A-B,2,optimized,256,gf_mul,19,5940,0x283807e5
23,A-B,2,optimized,256,gf_mul,20,5940,0x283807e5
23,A-B,2,optimized,256,gf_mul,21,5940,0x283807e5
23,A-B,2,optimized,256,gf_mul,22,5940,0x283807e5
23,A-B,2,optimized,256,gf_mul,23,5940,0x283807e5
23,A-B,2,optimized,256,gf_mul,24,5940,0x283807e5
23,A-B,2,optimized,256,gf_mul,25,5940,0x283807e5
23,A-B,2,optimized,256,gf_mul,26,5940,0x283807e5
23,A-B,2,optimized,256,gf_mul,27,5940,0x283807e5
23,A-B,2,optimized,256,gf_mul,28,5940,0x283807e5
23,A-B,2,optimized,256,gf_mul,29,5940,0x283807e5
23,A-B,2,optimized,256,gf_mul,30,5940,0x283807e5
23,A-B,2,optimized,256,gf_mul,31,5940,0x283807e5
23,A-B,2,optimized,256,gf_mul,32,5940,0x283807e5
23,A-B,2,optimized,256,gf_mul,33,5940,0x283807e5
23,A-B,2,optimized,256,gf_mul,34,5940,0x283807e5
23,A-B,2,optimized,256,gf_mul,35,5940,0x283807e5
23,A-B,2,optimized,256,gf_mul,36,5940,0x283807e5
23,A-B,2,optimized,256,gf_mul,37,5940,0x283807e5
23,A-B,2,optimized,256,gf_mul,38,5940,0x283807e5
23,A-B,2,optimized,256,gf_mul,39,5940,0x283807e5
23,A-B,2,optimized,256,gf_mul,40,5940,0x283807e5
23,A-B,2,optimized,256,gf_mul,41,5940,0x283807e5
23,A-B,2,optimized,256,gf_mul,42,5940,0x283807e5
23,A-B,2,optimized,256,gf_mul,43,5940,0x283807e5
23,A-B,2,optimized,256,gf_mul,44,5940,0x283807e5
23,A-B,2,optimized,256,gf_mul,45,5940,0x283807e5
23,A-B,2,optimized,256,gf_mul,46,5940,0x283807e5
23,A-B,2,optimized,256,gf_mul,47,5940,0x283807e5
23,A-B,2,optimized,256,gf_mul,48,5940,0x283807e5
23,A-B,2,optimized,256,gf_mul,49,5940,0x283807e5
23,A-B,2,optimized,256,gf_sqr,0,202,0x283807e5
23,A-B,2,optimized,256,gf_sqr,1,200,0x283807e5
23,A-B,2,optimized,256,gf_sqr,2,201,0x283807e5
23,A-B,2,optimized,256,gf_sqr,3,200,0x283807e5
23,A-B,2,optimized,256,gf_sqr,4,200,0x283807e5
23,A-B,2,optimized,256,gf_sqr,5,200,0x283807e5
23,A-B,2,optimized,256,gf_sqr,6,200,0x283807e5
23,A-B,2,optimized,256,gf_sqr,7,200,0x283807e5
23,A-B,2,optimized,256,gf_sqr,8,200,0x283807e5
23,A-B,2,optimized,256,gf_sqr,9,200,0x283807e5
23,A-B,2,optimized,256,gf_sqr,10,200,0x283807e5
23,A-B,2,optimized,256,gf_sqr,11,200,0x283807e5
23,A-B,2,optimized,256,gf_sqr,12,200,0x283807e5
23,A-B,2,optimized,256,gf_sqr,13,200,0x283807e5
23,A-B,2,optimized,256,gf_sqr,14,200,0x283807e5
23,A-B,2,optimized,256,gf_sqr,15,200,0x283807e5
23,A-B,2,optimized,256,gf_sqr,16,200,0x283807e5
23,A-B,2,optimized,256,gf_sqr,17,200,0x283807e5
23,A-B,2,optimized,256,gf_sqr,18,200,0x283807e5
23,A-B,2,optimized,256,gf_sqr,19,200,0x283807e5
23,A-B,2,optimized,256,gf_sqr,20,200,0x283807e5
23,A-B,2,optimized,256,gf_sqr,21,200,0x283807e5
23,A-B,2,optimized,256,gf_sqr,22,200,0x283807e5
23,A-B,2,optimized,256,gf_sqr,23,200,0x283807e5
23,A-B,2,optimized,256,gf_sqr,24,200,0x283807e5
23,A-B,2,optimized,256,gf_sqr,25,200,0x283807e5
23,A-B,2,optimized,256,gf_sqr,26,200,0x283807e5
23,A-B,2,optimized,256,gf_sqr,27,200,0x283807e5
23,A-B,2,optimized,256,gf_sqr,28,200,0x283807e5
23,A-B,2,optimized,256,gf_sqr,29,200,0x283807e5
23,A-B,2,optimized,256,gf_sqr,30,200,0x283807e5
23,A-B,2,optimized,256,gf_sqr,31,200,0x283807e5
23,A-B,2,optimized,256,gf_sqr,32,200,0x283807e5
23,A-B,2,optimized,256,gf_sqr,33,200,0x283807e5
23,A-B,2,optimized,256,gf_sqr,34,200,0x283807e5
23,A-B,2,optimized,256,gf_sqr,35,200,0x283807e5
23,A-B,2,optimized,256,gf_sqr,36,200,0x283807e5
23,A-B,2,optimized,256,gf_sqr,37,200,0x283807e5
23,A-B,2,optimized,256,gf_sqr,38,200,0x283807e5
23,A-B,2,optimized,256,gf_sqr,39,200,0x283807e5
23,A-B,2,optimized,256,gf_sqr,40,200,0x283807e5
23,A-B,2,optimized,256,gf_sqr,41,200,0x283807e5
23,A-B,2,optimized,256,gf_sqr,42,200,0x283807e5
23,A-B,2,optimized,256,gf_sqr,43,200,0x283807e5
23,A-B,2,optimized,256,gf_sqr,44,200,0x283807e5
23,A-B,2,optimized,256,gf_sqr,45,200,0x283807e5
23,A-B,2,optimized,256,gf_sqr,46,200,0x283807e5
23,A-B,2,optimized,256,gf_sqr,47,200,0x283807e5
23,A-B,2,optimized,256,gf_sqr,48,200,0x283807e5
23,A-B,2,optimized,256,gf_sqr,49,200,0x283807e5
24,B-A,1,optimized,128,gf_mul,0,1969,0x54cada71
24,B-A,1,optimized,128,gf_mul,1,1968,0x54cada71
24,B-A,1,optimized,128,gf_mul,2,1968,0x54cada71
24,B-A,1,optimized,128,gf_mul,3,1967,0x54cada71
24,B-A,1,optimized,128,gf_mul,4,1967,0x54cada71
24,B-A,1,optimized,128,gf_mul,5,1967,0x54cada71
24,B-A,1,optimized,128,gf_mul,6,1967,0x54cada71
24,B-A,1,optimized,128,gf_mul,7,1967,0x54cada71
24,B-A,1,optimized,128,gf_mul,8,1967,0x54cada71
24,B-A,1,optimized,128,gf_mul,9,1967,0x54cada71
24,B-A,1,optimized,128,gf_mul,10,1967,0x54cada71
24,B-A,1,optimized,128,gf_mul,11,1967,0x54cada71
24,B-A,1,optimized,128,gf_mul,12,1967,0x54cada71
24,B-A,1,optimized,128,gf_mul,13,1967,0x54cada71
24,B-A,1,optimized,128,gf_mul,14,1967,0x54cada71
24,B-A,1,optimized,128,gf_mul,15,1967,0x54cada71
24,B-A,1,optimized,128,gf_mul,16,1967,0x54cada71
24,B-A,1,optimized,128,gf_mul,17,1967,0x54cada71
24,B-A,1,optimized,128,gf_mul,18,1967,0x54cada71
24,B-A,1,optimized,128,gf_mul,19,1967,0x54cada71
24,B-A,1,optimized,128,gf_mul,20,1967,0x54cada71
24,B-A,1,optimized,128,gf_mul,21,1967,0x54cada71
24,B-A,1,optimized,128,gf_mul,22,1967,0x54cada71
24,B-A,1,optimized,128,gf_mul,23,1967,0x54cada71
24,B-A,1,optimized,128,gf_mul,24,1967,0x54cada71
24,B-A,1,optimized,128,gf_mul,25,1967,0x54cada71
24,B-A,1,optimized,128,gf_mul,26,1967,0x54cada71
24,B-A,1,optimized,128,gf_mul,27,1967,0x54cada71
24,B-A,1,optimized,128,gf_mul,28,1967,0x54cada71
24,B-A,1,optimized,128,gf_mul,29,1967,0x54cada71
24,B-A,1,optimized,128,gf_mul,30,1967,0x54cada71
24,B-A,1,optimized,128,gf_mul,31,1967,0x54cada71
24,B-A,1,optimized,128,gf_mul,32,1967,0x54cada71
24,B-A,1,optimized,128,gf_mul,33,1967,0x54cada71
24,B-A,1,optimized,128,gf_mul,34,1967,0x54cada71
24,B-A,1,optimized,128,gf_mul,35,1967,0x54cada71
24,B-A,1,optimized,128,gf_mul,36,1967,0x54cada71
24,B-A,1,optimized,128,gf_mul,37,1967,0x54cada71
24,B-A,1,optimized,128,gf_mul,38,1967,0x54cada71
24,B-A,1,optimized,128,gf_mul,39,1967,0x54cada71
24,B-A,1,optimized,128,gf_mul,40,1967,0x54cada71
24,B-A,1,optimized,128,gf_mul,41,1967,0x54cada71
24,B-A,1,optimized,128,gf_mul,42,1967,0x54cada71
24,B-A,1,optimized,128,gf_mul,43,1967,0x54cada71
24,B-A,1,optimized,128,gf_mul,44,1967,0x54cada71
24,B-A,1,optimized,128,gf_mul,45,1967,0x54cada71
24,B-A,1,optimized,128,gf_mul,46,1967,0x54cada71
24,B-A,1,optimized,128,gf_mul,47,1967,0x54cada71
24,B-A,1,optimized,128,gf_mul,48,1967,0x54cada71
24,B-A,1,optimized,128,gf_mul,49,1967,0x54cada71
24,B-A,1,optimized,128,gf_sqr,0,107,0x54cada71
24,B-A,1,optimized,128,gf_sqr,1,107,0x54cada71
24,B-A,1,optimized,128,gf_sqr,2,107,0x54cada71
24,B-A,1,optimized,128,gf_sqr,3,106,0x54cada71
24,B-A,1,optimized,128,gf_sqr,4,106,0x54cada71
24,B-A,1,optimized,128,gf_sqr,5,106,0x54cada71
24,B-A,1,optimized,128,gf_sqr,6,106,0x54cada71
24,B-A,1,optimized,128,gf_sqr,7,106,0x54cada71
24,B-A,1,optimized,128,gf_sqr,8,106,0x54cada71
24,B-A,1,optimized,128,gf_sqr,9,106,0x54cada71
24,B-A,1,optimized,128,gf_sqr,10,106,0x54cada71
24,B-A,1,optimized,128,gf_sqr,11,106,0x54cada71
24,B-A,1,optimized,128,gf_sqr,12,106,0x54cada71
24,B-A,1,optimized,128,gf_sqr,13,106,0x54cada71
24,B-A,1,optimized,128,gf_sqr,14,106,0x54cada71
24,B-A,1,optimized,128,gf_sqr,15,106,0x54cada71
24,B-A,1,optimized,128,gf_sqr,16,106,0x54cada71
24,B-A,1,optimized,128,gf_sqr,17,106,0x54cada71
24,B-A,1,optimized,128,gf_sqr,18,106,0x54cada71
24,B-A,1,optimized,128,gf_sqr,19,106,0x54cada71
24,B-A,1,optimized,128,gf_sqr,20,106,0x54cada71
24,B-A,1,optimized,128,gf_sqr,21,106,0x54cada71
24,B-A,1,optimized,128,gf_sqr,22,106,0x54cada71
24,B-A,1,optimized,128,gf_sqr,23,106,0x54cada71
24,B-A,1,optimized,128,gf_sqr,24,106,0x54cada71
24,B-A,1,optimized,128,gf_sqr,25,106,0x54cada71
24,B-A,1,optimized,128,gf_sqr,26,106,0x54cada71
24,B-A,1,optimized,128,gf_sqr,27,106,0x54cada71
24,B-A,1,optimized,128,gf_sqr,28,106,0x54cada71
24,B-A,1,optimized,128,gf_sqr,29,106,0x54cada71
24,B-A,1,optimized,128,gf_sqr,30,106,0x54cada71
24,B-A,1,optimized,128,gf_sqr,31,106,0x54cada71
24,B-A,1,optimized,128,gf_sqr,32,106,0x54cada71
24,B-A,1,optimized,128,gf_sqr,33,106,0x54cada71
24,B-A,1,optimized,128,gf_sqr,34,106,0x54cada71
24,B-A,1,optimized,128,gf_sqr,35,106,0x54cada71
24,B-A,1,optimized,128,gf_sqr,36,106,0x54cada71
24,B-A,1,optimized,128,gf_sqr,37,106,0x54cada71
24,B-A,1,optimized,128,gf_sqr,38,106,0x54cada71
24,B-A,1,optimized,128,gf_sqr,39,106,0x54cada71
24,B-A,1,optimized,128,gf_sqr,40,106,0x54cada71
24,B-A,1,optimized,128,gf_sqr,41,106,0x54cada71
24,B-A,1,optimized,128,gf_sqr,42,106,0x54cada71
24,B-A,1,optimized,128,gf_sqr,43,106,0x54cada71
24,B-A,1,optimized,128,gf_sqr,44,106,0x54cada71
24,B-A,1,optimized,128,gf_sqr,45,106,0x54cada71
24,B-A,1,optimized,128,gf_sqr,46,106,0x54cada71
24,B-A,1,optimized,128,gf_sqr,47,106,0x54cada71
24,B-A,1,optimized,128,gf_sqr,48,106,0x54cada71
24,B-A,1,optimized,128,gf_sqr,49,106,0x54cada71
24,B-A,2,reference,128,gf_mul,0,1969,0x54cada71
24,B-A,2,reference,128,gf_mul,1,1965,0x54cada71
24,B-A,2,reference,128,gf_mul,2,1965,0x54cada71
24,B-A,2,reference,128,gf_mul,3,1964,0x54cada71
24,B-A,2,reference,128,gf_mul,4,1964,0x54cada71
24,B-A,2,reference,128,gf_mul,5,1964,0x54cada71
24,B-A,2,reference,128,gf_mul,6,1964,0x54cada71
24,B-A,2,reference,128,gf_mul,7,1964,0x54cada71
24,B-A,2,reference,128,gf_mul,8,1964,0x54cada71
24,B-A,2,reference,128,gf_mul,9,1964,0x54cada71
24,B-A,2,reference,128,gf_mul,10,1964,0x54cada71
24,B-A,2,reference,128,gf_mul,11,1964,0x54cada71
24,B-A,2,reference,128,gf_mul,12,1964,0x54cada71
24,B-A,2,reference,128,gf_mul,13,1964,0x54cada71
24,B-A,2,reference,128,gf_mul,14,1964,0x54cada71
24,B-A,2,reference,128,gf_mul,15,1964,0x54cada71
24,B-A,2,reference,128,gf_mul,16,1964,0x54cada71
24,B-A,2,reference,128,gf_mul,17,1964,0x54cada71
24,B-A,2,reference,128,gf_mul,18,1964,0x54cada71
24,B-A,2,reference,128,gf_mul,19,1964,0x54cada71
24,B-A,2,reference,128,gf_mul,20,1964,0x54cada71
24,B-A,2,reference,128,gf_mul,21,1964,0x54cada71
24,B-A,2,reference,128,gf_mul,22,1964,0x54cada71
24,B-A,2,reference,128,gf_mul,23,1964,0x54cada71
24,B-A,2,reference,128,gf_mul,24,1964,0x54cada71
24,B-A,2,reference,128,gf_mul,25,1964,0x54cada71
24,B-A,2,reference,128,gf_mul,26,1964,0x54cada71
24,B-A,2,reference,128,gf_mul,27,1964,0x54cada71
24,B-A,2,reference,128,gf_mul,28,1964,0x54cada71
24,B-A,2,reference,128,gf_mul,29,1964,0x54cada71
24,B-A,2,reference,128,gf_mul,30,1964,0x54cada71
24,B-A,2,reference,128,gf_mul,31,1964,0x54cada71
24,B-A,2,reference,128,gf_mul,32,1964,0x54cada71
24,B-A,2,reference,128,gf_mul,33,1964,0x54cada71
24,B-A,2,reference,128,gf_mul,34,1964,0x54cada71
24,B-A,2,reference,128,gf_mul,35,1964,0x54cada71
24,B-A,2,reference,128,gf_mul,36,1964,0x54cada71
24,B-A,2,reference,128,gf_mul,37,1964,0x54cada71
24,B-A,2,reference,128,gf_mul,38,1964,0x54cada71
24,B-A,2,reference,128,gf_mul,39,1964,0x54cada71
24,B-A,2,reference,128,gf_mul,40,1964,0x54cada71
24,B-A,2,reference,128,gf_mul,41,1964,0x54cada71
24,B-A,2,reference,128,gf_mul,42,1964,0x54cada71
24,B-A,2,reference,128,gf_mul,43,1964,0x54cada71
24,B-A,2,reference,128,gf_mul,44,1964,0x54cada71
24,B-A,2,reference,128,gf_mul,45,1964,0x54cada71
24,B-A,2,reference,128,gf_mul,46,1964,0x54cada71
24,B-A,2,reference,128,gf_mul,47,1964,0x54cada71
24,B-A,2,reference,128,gf_mul,48,1964,0x54cada71
24,B-A,2,reference,128,gf_mul,49,1964,0x54cada71
24,B-A,2,reference,128,gf_sqr,0,107,0x54cada71
24,B-A,2,reference,128,gf_sqr,1,103,0x54cada71
24,B-A,2,reference,128,gf_sqr,2,103,0x54cada71
24,B-A,2,reference,128,gf_sqr,3,102,0x54cada71
24,B-A,2,reference,128,gf_sqr,4,102,0x54cada71
24,B-A,2,reference,128,gf_sqr,5,102,0x54cada71
24,B-A,2,reference,128,gf_sqr,6,102,0x54cada71
24,B-A,2,reference,128,gf_sqr,7,102,0x54cada71
24,B-A,2,reference,128,gf_sqr,8,102,0x54cada71
24,B-A,2,reference,128,gf_sqr,9,102,0x54cada71
24,B-A,2,reference,128,gf_sqr,10,102,0x54cada71
24,B-A,2,reference,128,gf_sqr,11,102,0x54cada71
24,B-A,2,reference,128,gf_sqr,12,102,0x54cada71
24,B-A,2,reference,128,gf_sqr,13,102,0x54cada71
24,B-A,2,reference,128,gf_sqr,14,102,0x54cada71
24,B-A,2,reference,128,gf_sqr,15,102,0x54cada71
24,B-A,2,reference,128,gf_sqr,16,102,0x54cada71
24,B-A,2,reference,128,gf_sqr,17,102,0x54cada71
24,B-A,2,reference,128,gf_sqr,18,102,0x54cada71
24,B-A,2,reference,128,gf_sqr,19,102,0x54cada71
24,B-A,2,reference,128,gf_sqr,20,102,0x54cada71
24,B-A,2,reference,128,gf_sqr,21,102,0x54cada71
24,B-A,2,reference,128,gf_sqr,22,102,0x54cada71
24,B-A,2,reference,128,gf_sqr,23,102,0x54cada71
24,B-A,2,reference,128,gf_sqr,24,102,0x54cada71
24,B-A,2,reference,128,gf_sqr,25,102,0x54cada71
24,B-A,2,reference,128,gf_sqr,26,102,0x54cada71
24,B-A,2,reference,128,gf_sqr,27,102,0x54cada71
24,B-A,2,reference,128,gf_sqr,28,102,0x54cada71
24,B-A,2,reference,128,gf_sqr,29,102,0x54cada71
24,B-A,2,reference,128,gf_sqr,30,102,0x54cada71
24,B-A,2,reference,128,gf_sqr,31,102,0x54cada71
24,B-A,2,reference,128,gf_sqr,32,102,0x54cada71
24,B-A,2,reference,128,gf_sqr,33,102,0x54cada71
24,B-A,2,reference,128,gf_sqr,34,102,0x54cada71
24,B-A,2,reference,128,gf_sqr,35,102,0x54cada71
24,B-A,2,reference,128,gf_sqr,36,102,0x54cada71
24,B-A,2,reference,128,gf_sqr,37,102,0x54cada71
24,B-A,2,reference,128,gf_sqr,38,102,0x54cada71
24,B-A,2,reference,128,gf_sqr,39,102,0x54cada71
24,B-A,2,reference,128,gf_sqr,40,102,0x54cada71
24,B-A,2,reference,128,gf_sqr,41,102,0x54cada71
24,B-A,2,reference,128,gf_sqr,42,102,0x54cada71
24,B-A,2,reference,128,gf_sqr,43,102,0x54cada71
24,B-A,2,reference,128,gf_sqr,44,102,0x54cada71
24,B-A,2,reference,128,gf_sqr,45,102,0x54cada71
24,B-A,2,reference,128,gf_sqr,46,102,0x54cada71
24,B-A,2,reference,128,gf_sqr,47,102,0x54cada71
24,B-A,2,reference,128,gf_sqr,48,102,0x54cada71
24,B-A,2,reference,128,gf_sqr,49,102,0x54cada71
24,B-A,1,optimized,192,gf_mul,0,3927,0x2bf8b731
24,B-A,1,optimized,192,gf_mul,1,3927,0x2bf8b731
24,B-A,1,optimized,192,gf_mul,2,3927,0x2bf8b731
24,B-A,1,optimized,192,gf_mul,3,3926,0x2bf8b731
24,B-A,1,optimized,192,gf_mul,4,3926,0x2bf8b731
24,B-A,1,optimized,192,gf_mul,5,3926,0x2bf8b731
24,B-A,1,optimized,192,gf_mul,6,3926,0x2bf8b731
24,B-A,1,optimized,192,gf_mul,7,3926,0x2bf8b731
24,B-A,1,optimized,192,gf_mul,8,3926,0x2bf8b731
24,B-A,1,optimized,192,gf_mul,9,3926,0x2bf8b731
24,B-A,1,optimized,192,gf_mul,10,3926,0x2bf8b731
24,B-A,1,optimized,192,gf_mul,11,3926,0x2bf8b731
24,B-A,1,optimized,192,gf_mul,12,3926,0x2bf8b731
24,B-A,1,optimized,192,gf_mul,13,3926,0x2bf8b731
24,B-A,1,optimized,192,gf_mul,14,3926,0x2bf8b731
24,B-A,1,optimized,192,gf_mul,15,3926,0x2bf8b731
24,B-A,1,optimized,192,gf_mul,16,3926,0x2bf8b731
24,B-A,1,optimized,192,gf_mul,17,3926,0x2bf8b731
24,B-A,1,optimized,192,gf_mul,18,3926,0x2bf8b731
24,B-A,1,optimized,192,gf_mul,19,3926,0x2bf8b731
24,B-A,1,optimized,192,gf_mul,20,3926,0x2bf8b731
24,B-A,1,optimized,192,gf_mul,21,3926,0x2bf8b731
24,B-A,1,optimized,192,gf_mul,22,3926,0x2bf8b731
24,B-A,1,optimized,192,gf_mul,23,3926,0x2bf8b731
24,B-A,1,optimized,192,gf_mul,24,3926,0x2bf8b731
24,B-A,1,optimized,192,gf_mul,25,3926,0x2bf8b731
24,B-A,1,optimized,192,gf_mul,26,3926,0x2bf8b731
24,B-A,1,optimized,192,gf_mul,27,3926,0x2bf8b731
24,B-A,1,optimized,192,gf_mul,28,3926,0x2bf8b731
24,B-A,1,optimized,192,gf_mul,29,3926,0x2bf8b731
24,B-A,1,optimized,192,gf_mul,30,3926,0x2bf8b731
24,B-A,1,optimized,192,gf_mul,31,3926,0x2bf8b731
24,B-A,1,optimized,192,gf_mul,32,3926,0x2bf8b731
24,B-A,1,optimized,192,gf_mul,33,3926,0x2bf8b731
24,B-A,1,optimized,192,gf_mul,34,3926,0x2bf8b731
24,B-A,1,optimized,192,gf_mul,35,3926,0x2bf8b731
24,B-A,1,optimized,192,gf_mul,36,3926,0x2bf8b731
24,B-A,1,optimized,192,gf_mul,37,3926,0x2bf8b731
24,B-A,1,optimized,192,gf_mul,38,3926,0x2bf8b731
24,B-A,1,optimized,192,gf_mul,39,3926,0x2bf8b731
24,B-A,1,optimized,192,gf_mul,40,3926,0x2bf8b731
24,B-A,1,optimized,192,gf_mul,41,3926,0x2bf8b731
24,B-A,1,optimized,192,gf_mul,42,3926,0x2bf8b731
24,B-A,1,optimized,192,gf_mul,43,3926,0x2bf8b731
24,B-A,1,optimized,192,gf_mul,44,3926,0x2bf8b731
24,B-A,1,optimized,192,gf_mul,45,3926,0x2bf8b731
24,B-A,1,optimized,192,gf_mul,46,3926,0x2bf8b731
24,B-A,1,optimized,192,gf_mul,47,3926,0x2bf8b731
24,B-A,1,optimized,192,gf_mul,48,3926,0x2bf8b731
24,B-A,1,optimized,192,gf_mul,49,3926,0x2bf8b731
24,B-A,1,optimized,192,gf_sqr,0,144,0x2bf8b731
24,B-A,1,optimized,192,gf_sqr,1,144,0x2bf8b731
24,B-A,1,optimized,192,gf_sqr,2,143,0x2bf8b731
24,B-A,1,optimized,192,gf_sqr,3,144,0x2bf8b731
24,B-A,1,optimized,192,gf_sqr,4,144,0x2bf8b731
24,B-A,1,optimized,192,gf_sqr,5,144,0x2bf8b731
24,B-A,1,optimized,192,gf_sqr,6,144,0x2bf8b731
24,B-A,1,optimized,192,gf_sqr,7,144,0x2bf8b731
24,B-A,1,optimized,192,gf_sqr,8,144,0x2bf8b731
24,B-A,1,optimized,192,gf_sqr,9,144,0x2bf8b731
24,B-A,1,optimized,192,gf_sqr,10,144,0x2bf8b731
24,B-A,1,optimized,192,gf_sqr,11,144,0x2bf8b731
24,B-A,1,optimized,192,gf_sqr,12,144,0x2bf8b731
24,B-A,1,optimized,192,gf_sqr,13,144,0x2bf8b731
24,B-A,1,optimized,192,gf_sqr,14,144,0x2bf8b731
24,B-A,1,optimized,192,gf_sqr,15,144,0x2bf8b731
24,B-A,1,optimized,192,gf_sqr,16,144,0x2bf8b731
24,B-A,1,optimized,192,gf_sqr,17,144,0x2bf8b731
24,B-A,1,optimized,192,gf_sqr,18,144,0x2bf8b731
24,B-A,1,optimized,192,gf_sqr,19,144,0x2bf8b731
24,B-A,1,optimized,192,gf_sqr,20,144,0x2bf8b731
24,B-A,1,optimized,192,gf_sqr,21,144,0x2bf8b731
24,B-A,1,optimized,192,gf_sqr,22,144,0x2bf8b731
24,B-A,1,optimized,192,gf_sqr,23,144,0x2bf8b731
24,B-A,1,optimized,192,gf_sqr,24,144,0x2bf8b731
24,B-A,1,optimized,192,gf_sqr,25,144,0x2bf8b731
24,B-A,1,optimized,192,gf_sqr,26,144,0x2bf8b731
24,B-A,1,optimized,192,gf_sqr,27,144,0x2bf8b731
24,B-A,1,optimized,192,gf_sqr,28,144,0x2bf8b731
24,B-A,1,optimized,192,gf_sqr,29,144,0x2bf8b731
24,B-A,1,optimized,192,gf_sqr,30,144,0x2bf8b731
24,B-A,1,optimized,192,gf_sqr,31,144,0x2bf8b731
24,B-A,1,optimized,192,gf_sqr,32,144,0x2bf8b731
24,B-A,1,optimized,192,gf_sqr,33,144,0x2bf8b731
24,B-A,1,optimized,192,gf_sqr,34,144,0x2bf8b731
24,B-A,1,optimized,192,gf_sqr,35,144,0x2bf8b731
24,B-A,1,optimized,192,gf_sqr,36,144,0x2bf8b731
24,B-A,1,optimized,192,gf_sqr,37,144,0x2bf8b731
24,B-A,1,optimized,192,gf_sqr,38,144,0x2bf8b731
24,B-A,1,optimized,192,gf_sqr,39,144,0x2bf8b731
24,B-A,1,optimized,192,gf_sqr,40,144,0x2bf8b731
24,B-A,1,optimized,192,gf_sqr,41,144,0x2bf8b731
24,B-A,1,optimized,192,gf_sqr,42,144,0x2bf8b731
24,B-A,1,optimized,192,gf_sqr,43,144,0x2bf8b731
24,B-A,1,optimized,192,gf_sqr,44,144,0x2bf8b731
24,B-A,1,optimized,192,gf_sqr,45,144,0x2bf8b731
24,B-A,1,optimized,192,gf_sqr,46,144,0x2bf8b731
24,B-A,1,optimized,192,gf_sqr,47,144,0x2bf8b731
24,B-A,1,optimized,192,gf_sqr,48,144,0x2bf8b731
24,B-A,1,optimized,192,gf_sqr,49,144,0x2bf8b731
24,B-A,2,reference,192,gf_mul,0,3927,0x2bf8b731
24,B-A,2,reference,192,gf_mul,1,3927,0x2bf8b731
24,B-A,2,reference,192,gf_mul,2,3927,0x2bf8b731
24,B-A,2,reference,192,gf_mul,3,3926,0x2bf8b731
24,B-A,2,reference,192,gf_mul,4,3926,0x2bf8b731
24,B-A,2,reference,192,gf_mul,5,3926,0x2bf8b731
24,B-A,2,reference,192,gf_mul,6,3926,0x2bf8b731
24,B-A,2,reference,192,gf_mul,7,3926,0x2bf8b731
24,B-A,2,reference,192,gf_mul,8,3926,0x2bf8b731
24,B-A,2,reference,192,gf_mul,9,3926,0x2bf8b731
24,B-A,2,reference,192,gf_mul,10,3926,0x2bf8b731
24,B-A,2,reference,192,gf_mul,11,3926,0x2bf8b731
24,B-A,2,reference,192,gf_mul,12,3926,0x2bf8b731
24,B-A,2,reference,192,gf_mul,13,3926,0x2bf8b731
24,B-A,2,reference,192,gf_mul,14,3926,0x2bf8b731
24,B-A,2,reference,192,gf_mul,15,3926,0x2bf8b731
24,B-A,2,reference,192,gf_mul,16,3926,0x2bf8b731
24,B-A,2,reference,192,gf_mul,17,3926,0x2bf8b731
24,B-A,2,reference,192,gf_mul,18,3926,0x2bf8b731
24,B-A,2,reference,192,gf_mul,19,3926,0x2bf8b731
24,B-A,2,reference,192,gf_mul,20,3926,0x2bf8b731
24,B-A,2,reference,192,gf_mul,21,3926,0x2bf8b731
24,B-A,2,reference,192,gf_mul,22,3926,0x2bf8b731
24,B-A,2,reference,192,gf_mul,23,3926,0x2bf8b731
24,B-A,2,reference,192,gf_mul,24,3926,0x2bf8b731
24,B-A,2,reference,192,gf_mul,25,3926,0x2bf8b731
24,B-A,2,reference,192,gf_mul,26,3926,0x2bf8b731
24,B-A,2,reference,192,gf_mul,27,3926,0x2bf8b731
24,B-A,2,reference,192,gf_mul,28,3926,0x2bf8b731
24,B-A,2,reference,192,gf_mul,29,3926,0x2bf8b731
24,B-A,2,reference,192,gf_mul,30,3926,0x2bf8b731
24,B-A,2,reference,192,gf_mul,31,3926,0x2bf8b731
24,B-A,2,reference,192,gf_mul,32,3926,0x2bf8b731
24,B-A,2,reference,192,gf_mul,33,3926,0x2bf8b731
24,B-A,2,reference,192,gf_mul,34,3926,0x2bf8b731
24,B-A,2,reference,192,gf_mul,35,3926,0x2bf8b731
24,B-A,2,reference,192,gf_mul,36,3926,0x2bf8b731
24,B-A,2,reference,192,gf_mul,37,3926,0x2bf8b731
24,B-A,2,reference,192,gf_mul,38,3926,0x2bf8b731
24,B-A,2,reference,192,gf_mul,39,3926,0x2bf8b731
24,B-A,2,reference,192,gf_mul,40,3926,0x2bf8b731
24,B-A,2,reference,192,gf_mul,41,3926,0x2bf8b731
24,B-A,2,reference,192,gf_mul,42,3926,0x2bf8b731
24,B-A,2,reference,192,gf_mul,43,3926,0x2bf8b731
24,B-A,2,reference,192,gf_mul,44,3926,0x2bf8b731
24,B-A,2,reference,192,gf_mul,45,3926,0x2bf8b731
24,B-A,2,reference,192,gf_mul,46,3926,0x2bf8b731
24,B-A,2,reference,192,gf_mul,47,3926,0x2bf8b731
24,B-A,2,reference,192,gf_mul,48,3926,0x2bf8b731
24,B-A,2,reference,192,gf_mul,49,3926,0x2bf8b731
24,B-A,2,reference,192,gf_sqr,0,144,0x2bf8b731
24,B-A,2,reference,192,gf_sqr,1,144,0x2bf8b731
24,B-A,2,reference,192,gf_sqr,2,143,0x2bf8b731
24,B-A,2,reference,192,gf_sqr,3,144,0x2bf8b731
24,B-A,2,reference,192,gf_sqr,4,144,0x2bf8b731
24,B-A,2,reference,192,gf_sqr,5,144,0x2bf8b731
24,B-A,2,reference,192,gf_sqr,6,144,0x2bf8b731
24,B-A,2,reference,192,gf_sqr,7,144,0x2bf8b731
24,B-A,2,reference,192,gf_sqr,8,144,0x2bf8b731
24,B-A,2,reference,192,gf_sqr,9,144,0x2bf8b731
24,B-A,2,reference,192,gf_sqr,10,144,0x2bf8b731
24,B-A,2,reference,192,gf_sqr,11,144,0x2bf8b731
24,B-A,2,reference,192,gf_sqr,12,144,0x2bf8b731
24,B-A,2,reference,192,gf_sqr,13,144,0x2bf8b731
24,B-A,2,reference,192,gf_sqr,14,144,0x2bf8b731
24,B-A,2,reference,192,gf_sqr,15,144,0x2bf8b731
24,B-A,2,reference,192,gf_sqr,16,144,0x2bf8b731
24,B-A,2,reference,192,gf_sqr,17,144,0x2bf8b731
24,B-A,2,reference,192,gf_sqr,18,144,0x2bf8b731
24,B-A,2,reference,192,gf_sqr,19,144,0x2bf8b731
24,B-A,2,reference,192,gf_sqr,20,144,0x2bf8b731
24,B-A,2,reference,192,gf_sqr,21,144,0x2bf8b731
24,B-A,2,reference,192,gf_sqr,22,144,0x2bf8b731
24,B-A,2,reference,192,gf_sqr,23,144,0x2bf8b731
24,B-A,2,reference,192,gf_sqr,24,144,0x2bf8b731
24,B-A,2,reference,192,gf_sqr,25,144,0x2bf8b731
24,B-A,2,reference,192,gf_sqr,26,144,0x2bf8b731
24,B-A,2,reference,192,gf_sqr,27,144,0x2bf8b731
24,B-A,2,reference,192,gf_sqr,28,144,0x2bf8b731
24,B-A,2,reference,192,gf_sqr,29,144,0x2bf8b731
24,B-A,2,reference,192,gf_sqr,30,144,0x2bf8b731
24,B-A,2,reference,192,gf_sqr,31,144,0x2bf8b731
24,B-A,2,reference,192,gf_sqr,32,144,0x2bf8b731
24,B-A,2,reference,192,gf_sqr,33,144,0x2bf8b731
24,B-A,2,reference,192,gf_sqr,34,144,0x2bf8b731
24,B-A,2,reference,192,gf_sqr,35,144,0x2bf8b731
24,B-A,2,reference,192,gf_sqr,36,144,0x2bf8b731
24,B-A,2,reference,192,gf_sqr,37,144,0x2bf8b731
24,B-A,2,reference,192,gf_sqr,38,144,0x2bf8b731
24,B-A,2,reference,192,gf_sqr,39,144,0x2bf8b731
24,B-A,2,reference,192,gf_sqr,40,144,0x2bf8b731
24,B-A,2,reference,192,gf_sqr,41,144,0x2bf8b731
24,B-A,2,reference,192,gf_sqr,42,144,0x2bf8b731
24,B-A,2,reference,192,gf_sqr,43,144,0x2bf8b731
24,B-A,2,reference,192,gf_sqr,44,144,0x2bf8b731
24,B-A,2,reference,192,gf_sqr,45,144,0x2bf8b731
24,B-A,2,reference,192,gf_sqr,46,144,0x2bf8b731
24,B-A,2,reference,192,gf_sqr,47,144,0x2bf8b731
24,B-A,2,reference,192,gf_sqr,48,144,0x2bf8b731
24,B-A,2,reference,192,gf_sqr,49,144,0x2bf8b731
24,B-A,1,optimized,256,gf_mul,0,5942,0x283807e5
24,B-A,1,optimized,256,gf_mul,1,5940,0x283807e5
24,B-A,1,optimized,256,gf_mul,2,5941,0x283807e5
24,B-A,1,optimized,256,gf_mul,3,5940,0x283807e5
24,B-A,1,optimized,256,gf_mul,4,5940,0x283807e5
24,B-A,1,optimized,256,gf_mul,5,5940,0x283807e5
24,B-A,1,optimized,256,gf_mul,6,5940,0x283807e5
24,B-A,1,optimized,256,gf_mul,7,5940,0x283807e5
24,B-A,1,optimized,256,gf_mul,8,5940,0x283807e5
24,B-A,1,optimized,256,gf_mul,9,5940,0x283807e5
24,B-A,1,optimized,256,gf_mul,10,5940,0x283807e5
24,B-A,1,optimized,256,gf_mul,11,5940,0x283807e5
24,B-A,1,optimized,256,gf_mul,12,5940,0x283807e5
24,B-A,1,optimized,256,gf_mul,13,5940,0x283807e5
24,B-A,1,optimized,256,gf_mul,14,5940,0x283807e5
24,B-A,1,optimized,256,gf_mul,15,5940,0x283807e5
24,B-A,1,optimized,256,gf_mul,16,5940,0x283807e5
24,B-A,1,optimized,256,gf_mul,17,5940,0x283807e5
24,B-A,1,optimized,256,gf_mul,18,5940,0x283807e5
24,B-A,1,optimized,256,gf_mul,19,5940,0x283807e5
24,B-A,1,optimized,256,gf_mul,20,5940,0x283807e5
24,B-A,1,optimized,256,gf_mul,21,5940,0x283807e5
24,B-A,1,optimized,256,gf_mul,22,5940,0x283807e5
24,B-A,1,optimized,256,gf_mul,23,5940,0x283807e5
24,B-A,1,optimized,256,gf_mul,24,5940,0x283807e5
24,B-A,1,optimized,256,gf_mul,25,5940,0x283807e5
24,B-A,1,optimized,256,gf_mul,26,5940,0x283807e5
24,B-A,1,optimized,256,gf_mul,27,5940,0x283807e5
24,B-A,1,optimized,256,gf_mul,28,5940,0x283807e5
24,B-A,1,optimized,256,gf_mul,29,5940,0x283807e5
24,B-A,1,optimized,256,gf_mul,30,5940,0x283807e5
24,B-A,1,optimized,256,gf_mul,31,5940,0x283807e5
24,B-A,1,optimized,256,gf_mul,32,5940,0x283807e5
24,B-A,1,optimized,256,gf_mul,33,5940,0x283807e5
24,B-A,1,optimized,256,gf_mul,34,5940,0x283807e5
24,B-A,1,optimized,256,gf_mul,35,5940,0x283807e5
24,B-A,1,optimized,256,gf_mul,36,5940,0x283807e5
24,B-A,1,optimized,256,gf_mul,37,5940,0x283807e5
24,B-A,1,optimized,256,gf_mul,38,5940,0x283807e5
24,B-A,1,optimized,256,gf_mul,39,5940,0x283807e5
24,B-A,1,optimized,256,gf_mul,40,5940,0x283807e5
24,B-A,1,optimized,256,gf_mul,41,5940,0x283807e5
24,B-A,1,optimized,256,gf_mul,42,5940,0x283807e5
24,B-A,1,optimized,256,gf_mul,43,5940,0x283807e5
24,B-A,1,optimized,256,gf_mul,44,5940,0x283807e5
24,B-A,1,optimized,256,gf_mul,45,5940,0x283807e5
24,B-A,1,optimized,256,gf_mul,46,5940,0x283807e5
24,B-A,1,optimized,256,gf_mul,47,5940,0x283807e5
24,B-A,1,optimized,256,gf_mul,48,5940,0x283807e5
24,B-A,1,optimized,256,gf_mul,49,5940,0x283807e5
24,B-A,1,optimized,256,gf_sqr,0,202,0x283807e5
24,B-A,1,optimized,256,gf_sqr,1,200,0x283807e5
24,B-A,1,optimized,256,gf_sqr,2,201,0x283807e5
24,B-A,1,optimized,256,gf_sqr,3,200,0x283807e5
24,B-A,1,optimized,256,gf_sqr,4,200,0x283807e5
24,B-A,1,optimized,256,gf_sqr,5,200,0x283807e5
24,B-A,1,optimized,256,gf_sqr,6,200,0x283807e5
24,B-A,1,optimized,256,gf_sqr,7,200,0x283807e5
24,B-A,1,optimized,256,gf_sqr,8,200,0x283807e5
24,B-A,1,optimized,256,gf_sqr,9,200,0x283807e5
24,B-A,1,optimized,256,gf_sqr,10,200,0x283807e5
24,B-A,1,optimized,256,gf_sqr,11,200,0x283807e5
24,B-A,1,optimized,256,gf_sqr,12,200,0x283807e5
24,B-A,1,optimized,256,gf_sqr,13,200,0x283807e5
24,B-A,1,optimized,256,gf_sqr,14,200,0x283807e5
24,B-A,1,optimized,256,gf_sqr,15,200,0x283807e5
24,B-A,1,optimized,256,gf_sqr,16,200,0x283807e5
24,B-A,1,optimized,256,gf_sqr,17,200,0x283807e5
24,B-A,1,optimized,256,gf_sqr,18,200,0x283807e5
24,B-A,1,optimized,256,gf_sqr,19,200,0x283807e5
24,B-A,1,optimized,256,gf_sqr,20,200,0x283807e5
24,B-A,1,optimized,256,gf_sqr,21,200,0x283807e5
24,B-A,1,optimized,256,gf_sqr,22,200,0x283807e5
24,B-A,1,optimized,256,gf_sqr,23,200,0x283807e5
24,B-A,1,optimized,256,gf_sqr,24,200,0x283807e5
24,B-A,1,optimized,256,gf_sqr,25,200,0x283807e5
24,B-A,1,optimized,256,gf_sqr,26,200,0x283807e5
24,B-A,1,optimized,256,gf_sqr,27,200,0x283807e5
24,B-A,1,optimized,256,gf_sqr,28,200,0x283807e5
24,B-A,1,optimized,256,gf_sqr,29,200,0x283807e5
24,B-A,1,optimized,256,gf_sqr,30,200,0x283807e5
24,B-A,1,optimized,256,gf_sqr,31,200,0x283807e5
24,B-A,1,optimized,256,gf_sqr,32,200,0x283807e5
24,B-A,1,optimized,256,gf_sqr,33,200,0x283807e5
24,B-A,1,optimized,256,gf_sqr,34,200,0x283807e5
24,B-A,1,optimized,256,gf_sqr,35,200,0x283807e5
24,B-A,1,optimized,256,gf_sqr,36,200,0x283807e5
24,B-A,1,optimized,256,gf_sqr,37,200,0x283807e5
24,B-A,1,optimized,256,gf_sqr,38,200,0x283807e5
24,B-A,1,optimized,256,gf_sqr,39,200,0x283807e5
24,B-A,1,optimized,256,gf_sqr,40,200,0x283807e5
24,B-A,1,optimized,256,gf_sqr,41,200,0x283807e5
24,B-A,1,optimized,256,gf_sqr,42,200,0x283807e5
24,B-A,1,optimized,256,gf_sqr,43,200,0x283807e5
24,B-A,1,optimized,256,gf_sqr,44,200,0x283807e5
24,B-A,1,optimized,256,gf_sqr,45,200,0x283807e5
24,B-A,1,optimized,256,gf_sqr,46,200,0x283807e5
24,B-A,1,optimized,256,gf_sqr,47,200,0x283807e5
24,B-A,1,optimized,256,gf_sqr,48,200,0x283807e5
24,B-A,1,optimized,256,gf_sqr,49,200,0x283807e5
24,B-A,2,reference,256,gf_mul,0,5933,0x283807e5
24,B-A,2,reference,256,gf_mul,1,5932,0x283807e5
24,B-A,2,reference,256,gf_mul,2,5932,0x283807e5
24,B-A,2,reference,256,gf_mul,3,5931,0x283807e5
24,B-A,2,reference,256,gf_mul,4,5931,0x283807e5
24,B-A,2,reference,256,gf_mul,5,5931,0x283807e5
24,B-A,2,reference,256,gf_mul,6,5931,0x283807e5
24,B-A,2,reference,256,gf_mul,7,5931,0x283807e5
24,B-A,2,reference,256,gf_mul,8,5931,0x283807e5
24,B-A,2,reference,256,gf_mul,9,5931,0x283807e5
24,B-A,2,reference,256,gf_mul,10,5931,0x283807e5
24,B-A,2,reference,256,gf_mul,11,5931,0x283807e5
24,B-A,2,reference,256,gf_mul,12,5931,0x283807e5
24,B-A,2,reference,256,gf_mul,13,5931,0x283807e5
24,B-A,2,reference,256,gf_mul,14,5931,0x283807e5
24,B-A,2,reference,256,gf_mul,15,5931,0x283807e5
24,B-A,2,reference,256,gf_mul,16,5931,0x283807e5
24,B-A,2,reference,256,gf_mul,17,5931,0x283807e5
24,B-A,2,reference,256,gf_mul,18,5931,0x283807e5
24,B-A,2,reference,256,gf_mul,19,5931,0x283807e5
24,B-A,2,reference,256,gf_mul,20,5931,0x283807e5
24,B-A,2,reference,256,gf_mul,21,5931,0x283807e5
24,B-A,2,reference,256,gf_mul,22,5931,0x283807e5
24,B-A,2,reference,256,gf_mul,23,5931,0x283807e5
24,B-A,2,reference,256,gf_mul,24,5931,0x283807e5
24,B-A,2,reference,256,gf_mul,25,5931,0x283807e5
24,B-A,2,reference,256,gf_mul,26,5931,0x283807e5
24,B-A,2,reference,256,gf_mul,27,5931,0x283807e5
24,B-A,2,reference,256,gf_mul,28,5931,0x283807e5
24,B-A,2,reference,256,gf_mul,29,5931,0x283807e5
24,B-A,2,reference,256,gf_mul,30,5931,0x283807e5
24,B-A,2,reference,256,gf_mul,31,5931,0x283807e5
24,B-A,2,reference,256,gf_mul,32,5931,0x283807e5
24,B-A,2,reference,256,gf_mul,33,5931,0x283807e5
24,B-A,2,reference,256,gf_mul,34,5931,0x283807e5
24,B-A,2,reference,256,gf_mul,35,5931,0x283807e5
24,B-A,2,reference,256,gf_mul,36,5931,0x283807e5
24,B-A,2,reference,256,gf_mul,37,5931,0x283807e5
24,B-A,2,reference,256,gf_mul,38,5931,0x283807e5
24,B-A,2,reference,256,gf_mul,39,5931,0x283807e5
24,B-A,2,reference,256,gf_mul,40,5931,0x283807e5
24,B-A,2,reference,256,gf_mul,41,5931,0x283807e5
24,B-A,2,reference,256,gf_mul,42,5931,0x283807e5
24,B-A,2,reference,256,gf_mul,43,5931,0x283807e5
24,B-A,2,reference,256,gf_mul,44,5931,0x283807e5
24,B-A,2,reference,256,gf_mul,45,5931,0x283807e5
24,B-A,2,reference,256,gf_mul,46,5931,0x283807e5
24,B-A,2,reference,256,gf_mul,47,5931,0x283807e5
24,B-A,2,reference,256,gf_mul,48,5931,0x283807e5
24,B-A,2,reference,256,gf_mul,49,5931,0x283807e5
24,B-A,2,reference,256,gf_sqr,0,203,0x283807e5
24,B-A,2,reference,256,gf_sqr,1,202,0x283807e5
24,B-A,2,reference,256,gf_sqr,2,203,0x283807e5
24,B-A,2,reference,256,gf_sqr,3,202,0x283807e5
24,B-A,2,reference,256,gf_sqr,4,202,0x283807e5
24,B-A,2,reference,256,gf_sqr,5,202,0x283807e5
24,B-A,2,reference,256,gf_sqr,6,202,0x283807e5
24,B-A,2,reference,256,gf_sqr,7,202,0x283807e5
24,B-A,2,reference,256,gf_sqr,8,202,0x283807e5
24,B-A,2,reference,256,gf_sqr,9,202,0x283807e5
24,B-A,2,reference,256,gf_sqr,10,202,0x283807e5
24,B-A,2,reference,256,gf_sqr,11,202,0x283807e5
24,B-A,2,reference,256,gf_sqr,12,202,0x283807e5
24,B-A,2,reference,256,gf_sqr,13,202,0x283807e5
24,B-A,2,reference,256,gf_sqr,14,202,0x283807e5
24,B-A,2,reference,256,gf_sqr,15,202,0x283807e5
24,B-A,2,reference,256,gf_sqr,16,202,0x283807e5
24,B-A,2,reference,256,gf_sqr,17,202,0x283807e5
24,B-A,2,reference,256,gf_sqr,18,202,0x283807e5
24,B-A,2,reference,256,gf_sqr,19,202,0x283807e5
24,B-A,2,reference,256,gf_sqr,20,202,0x283807e5
24,B-A,2,reference,256,gf_sqr,21,202,0x283807e5
24,B-A,2,reference,256,gf_sqr,22,202,0x283807e5
24,B-A,2,reference,256,gf_sqr,23,202,0x283807e5
24,B-A,2,reference,256,gf_sqr,24,202,0x283807e5
24,B-A,2,reference,256,gf_sqr,25,202,0x283807e5
24,B-A,2,reference,256,gf_sqr,26,202,0x283807e5
24,B-A,2,reference,256,gf_sqr,27,202,0x283807e5
24,B-A,2,reference,256,gf_sqr,28,202,0x283807e5
24,B-A,2,reference,256,gf_sqr,29,202,0x283807e5
24,B-A,2,reference,256,gf_sqr,30,202,0x283807e5
24,B-A,2,reference,256,gf_sqr,31,202,0x283807e5
24,B-A,2,reference,256,gf_sqr,32,202,0x283807e5
24,B-A,2,reference,256,gf_sqr,33,202,0x283807e5
24,B-A,2,reference,256,gf_sqr,34,202,0x283807e5
24,B-A,2,reference,256,gf_sqr,35,202,0x283807e5
24,B-A,2,reference,256,gf_sqr,36,202,0x283807e5
24,B-A,2,reference,256,gf_sqr,37,202,0x283807e5
24,B-A,2,reference,256,gf_sqr,38,202,0x283807e5
24,B-A,2,reference,256,gf_sqr,39,202,0x283807e5
24,B-A,2,reference,256,gf_sqr,40,202,0x283807e5
24,B-A,2,reference,256,gf_sqr,41,202,0x283807e5
24,B-A,2,reference,256,gf_sqr,42,202,0x283807e5
24,B-A,2,reference,256,gf_sqr,43,202,0x283807e5
24,B-A,2,reference,256,gf_sqr,44,202,0x283807e5
24,B-A,2,reference,256,gf_sqr,45,202,0x283807e5
24,B-A,2,reference,256,gf_sqr,46,202,0x283807e5
24,B-A,2,reference,256,gf_sqr,47,202,0x283807e5
24,B-A,2,reference,256,gf_sqr,48,202,0x283807e5
24,B-A,2,reference,256,gf_sqr,49,202,0x283807e5
25,A-B,1,reference,128,gf_mul,0,1969,0x54cada71
25,A-B,1,reference,128,gf_mul,1,1965,0x54cada71
25,A-B,1,reference,128,gf_mul,2,1965,0x54cada71
25,A-B,1,reference,128,gf_mul,3,1964,0x54cada71
25,A-B,1,reference,128,gf_mul,4,1964,0x54cada71
25,A-B,1,reference,128,gf_mul,5,1964,0x54cada71
25,A-B,1,reference,128,gf_mul,6,1964,0x54cada71
25,A-B,1,reference,128,gf_mul,7,1964,0x54cada71
25,A-B,1,reference,128,gf_mul,8,1964,0x54cada71
25,A-B,1,reference,128,gf_mul,9,1964,0x54cada71
25,A-B,1,reference,128,gf_mul,10,1964,0x54cada71
25,A-B,1,reference,128,gf_mul,11,1964,0x54cada71
25,A-B,1,reference,128,gf_mul,12,1964,0x54cada71
25,A-B,1,reference,128,gf_mul,13,1964,0x54cada71
25,A-B,1,reference,128,gf_mul,14,1964,0x54cada71
25,A-B,1,reference,128,gf_mul,15,1964,0x54cada71
25,A-B,1,reference,128,gf_mul,16,1964,0x54cada71
25,A-B,1,reference,128,gf_mul,17,1964,0x54cada71
25,A-B,1,reference,128,gf_mul,18,1964,0x54cada71
25,A-B,1,reference,128,gf_mul,19,1964,0x54cada71
25,A-B,1,reference,128,gf_mul,20,1964,0x54cada71
25,A-B,1,reference,128,gf_mul,21,1964,0x54cada71
25,A-B,1,reference,128,gf_mul,22,1964,0x54cada71
25,A-B,1,reference,128,gf_mul,23,1964,0x54cada71
25,A-B,1,reference,128,gf_mul,24,1964,0x54cada71
25,A-B,1,reference,128,gf_mul,25,1964,0x54cada71
25,A-B,1,reference,128,gf_mul,26,1964,0x54cada71
25,A-B,1,reference,128,gf_mul,27,1964,0x54cada71
25,A-B,1,reference,128,gf_mul,28,1964,0x54cada71
25,A-B,1,reference,128,gf_mul,29,1964,0x54cada71
25,A-B,1,reference,128,gf_mul,30,1964,0x54cada71
25,A-B,1,reference,128,gf_mul,31,1964,0x54cada71
25,A-B,1,reference,128,gf_mul,32,1964,0x54cada71
25,A-B,1,reference,128,gf_mul,33,1964,0x54cada71
25,A-B,1,reference,128,gf_mul,34,1964,0x54cada71
25,A-B,1,reference,128,gf_mul,35,1964,0x54cada71
25,A-B,1,reference,128,gf_mul,36,1964,0x54cada71
25,A-B,1,reference,128,gf_mul,37,1964,0x54cada71
25,A-B,1,reference,128,gf_mul,38,1964,0x54cada71
25,A-B,1,reference,128,gf_mul,39,1964,0x54cada71
25,A-B,1,reference,128,gf_mul,40,1964,0x54cada71
25,A-B,1,reference,128,gf_mul,41,1964,0x54cada71
25,A-B,1,reference,128,gf_mul,42,1964,0x54cada71
25,A-B,1,reference,128,gf_mul,43,1964,0x54cada71
25,A-B,1,reference,128,gf_mul,44,1964,0x54cada71
25,A-B,1,reference,128,gf_mul,45,1964,0x54cada71
25,A-B,1,reference,128,gf_mul,46,1964,0x54cada71
25,A-B,1,reference,128,gf_mul,47,1964,0x54cada71
25,A-B,1,reference,128,gf_mul,48,1964,0x54cada71
25,A-B,1,reference,128,gf_mul,49,1964,0x54cada71
25,A-B,1,reference,128,gf_sqr,0,107,0x54cada71
25,A-B,1,reference,128,gf_sqr,1,103,0x54cada71
25,A-B,1,reference,128,gf_sqr,2,103,0x54cada71
25,A-B,1,reference,128,gf_sqr,3,102,0x54cada71
25,A-B,1,reference,128,gf_sqr,4,102,0x54cada71
25,A-B,1,reference,128,gf_sqr,5,102,0x54cada71
25,A-B,1,reference,128,gf_sqr,6,102,0x54cada71
25,A-B,1,reference,128,gf_sqr,7,102,0x54cada71
25,A-B,1,reference,128,gf_sqr,8,102,0x54cada71
25,A-B,1,reference,128,gf_sqr,9,102,0x54cada71
25,A-B,1,reference,128,gf_sqr,10,102,0x54cada71
25,A-B,1,reference,128,gf_sqr,11,102,0x54cada71
25,A-B,1,reference,128,gf_sqr,12,102,0x54cada71
25,A-B,1,reference,128,gf_sqr,13,102,0x54cada71
25,A-B,1,reference,128,gf_sqr,14,102,0x54cada71
25,A-B,1,reference,128,gf_sqr,15,102,0x54cada71
25,A-B,1,reference,128,gf_sqr,16,102,0x54cada71
25,A-B,1,reference,128,gf_sqr,17,102,0x54cada71
25,A-B,1,reference,128,gf_sqr,18,102,0x54cada71
25,A-B,1,reference,128,gf_sqr,19,102,0x54cada71
25,A-B,1,reference,128,gf_sqr,20,102,0x54cada71
25,A-B,1,reference,128,gf_sqr,21,102,0x54cada71
25,A-B,1,reference,128,gf_sqr,22,102,0x54cada71
25,A-B,1,reference,128,gf_sqr,23,102,0x54cada71
25,A-B,1,reference,128,gf_sqr,24,102,0x54cada71
25,A-B,1,reference,128,gf_sqr,25,102,0x54cada71
25,A-B,1,reference,128,gf_sqr,26,102,0x54cada71
25,A-B,1,reference,128,gf_sqr,27,102,0x54cada71
25,A-B,1,reference,128,gf_sqr,28,102,0x54cada71
25,A-B,1,reference,128,gf_sqr,29,102,0x54cada71
25,A-B,1,reference,128,gf_sqr,30,102,0x54cada71
25,A-B,1,reference,128,gf_sqr,31,102,0x54cada71
25,A-B,1,reference,128,gf_sqr,32,102,0x54cada71
25,A-B,1,reference,128,gf_sqr,33,102,0x54cada71
25,A-B,1,reference,128,gf_sqr,34,102,0x54cada71
25,A-B,1,reference,128,gf_sqr,35,102,0x54cada71
25,A-B,1,reference,128,gf_sqr,36,102,0x54cada71
25,A-B,1,reference,128,gf_sqr,37,102,0x54cada71
25,A-B,1,reference,128,gf_sqr,38,102,0x54cada71
25,A-B,1,reference,128,gf_sqr,39,102,0x54cada71
25,A-B,1,reference,128,gf_sqr,40,102,0x54cada71
25,A-B,1,reference,128,gf_sqr,41,102,0x54cada71
25,A-B,1,reference,128,gf_sqr,42,102,0x54cada71
25,A-B,1,reference,128,gf_sqr,43,102,0x54cada71
25,A-B,1,reference,128,gf_sqr,44,102,0x54cada71
25,A-B,1,reference,128,gf_sqr,45,102,0x54cada71
25,A-B,1,reference,128,gf_sqr,46,102,0x54cada71
25,A-B,1,reference,128,gf_sqr,47,102,0x54cada71
25,A-B,1,reference,128,gf_sqr,48,102,0x54cada71
25,A-B,1,reference,128,gf_sqr,49,102,0x54cada71
25,A-B,2,optimized,128,gf_mul,0,1969,0x54cada71
25,A-B,2,optimized,128,gf_mul,1,1968,0x54cada71
25,A-B,2,optimized,128,gf_mul,2,1968,0x54cada71
25,A-B,2,optimized,128,gf_mul,3,1967,0x54cada71
25,A-B,2,optimized,128,gf_mul,4,1967,0x54cada71
25,A-B,2,optimized,128,gf_mul,5,1967,0x54cada71
25,A-B,2,optimized,128,gf_mul,6,1967,0x54cada71
25,A-B,2,optimized,128,gf_mul,7,1967,0x54cada71
25,A-B,2,optimized,128,gf_mul,8,1967,0x54cada71
25,A-B,2,optimized,128,gf_mul,9,1967,0x54cada71
25,A-B,2,optimized,128,gf_mul,10,1967,0x54cada71
25,A-B,2,optimized,128,gf_mul,11,1967,0x54cada71
25,A-B,2,optimized,128,gf_mul,12,1967,0x54cada71
25,A-B,2,optimized,128,gf_mul,13,1967,0x54cada71
25,A-B,2,optimized,128,gf_mul,14,1967,0x54cada71
25,A-B,2,optimized,128,gf_mul,15,1967,0x54cada71
25,A-B,2,optimized,128,gf_mul,16,1967,0x54cada71
25,A-B,2,optimized,128,gf_mul,17,1967,0x54cada71
25,A-B,2,optimized,128,gf_mul,18,1967,0x54cada71
25,A-B,2,optimized,128,gf_mul,19,1967,0x54cada71
25,A-B,2,optimized,128,gf_mul,20,1967,0x54cada71
25,A-B,2,optimized,128,gf_mul,21,1967,0x54cada71
25,A-B,2,optimized,128,gf_mul,22,1967,0x54cada71
25,A-B,2,optimized,128,gf_mul,23,1967,0x54cada71
25,A-B,2,optimized,128,gf_mul,24,1967,0x54cada71
25,A-B,2,optimized,128,gf_mul,25,1967,0x54cada71
25,A-B,2,optimized,128,gf_mul,26,1967,0x54cada71
25,A-B,2,optimized,128,gf_mul,27,1967,0x54cada71
25,A-B,2,optimized,128,gf_mul,28,1967,0x54cada71
25,A-B,2,optimized,128,gf_mul,29,1967,0x54cada71
25,A-B,2,optimized,128,gf_mul,30,1967,0x54cada71
25,A-B,2,optimized,128,gf_mul,31,1967,0x54cada71
25,A-B,2,optimized,128,gf_mul,32,1967,0x54cada71
25,A-B,2,optimized,128,gf_mul,33,1967,0x54cada71
25,A-B,2,optimized,128,gf_mul,34,1967,0x54cada71
25,A-B,2,optimized,128,gf_mul,35,1967,0x54cada71
25,A-B,2,optimized,128,gf_mul,36,1967,0x54cada71
25,A-B,2,optimized,128,gf_mul,37,1967,0x54cada71
25,A-B,2,optimized,128,gf_mul,38,1967,0x54cada71
25,A-B,2,optimized,128,gf_mul,39,1967,0x54cada71
25,A-B,2,optimized,128,gf_mul,40,1967,0x54cada71
25,A-B,2,optimized,128,gf_mul,41,1967,0x54cada71
25,A-B,2,optimized,128,gf_mul,42,1967,0x54cada71
25,A-B,2,optimized,128,gf_mul,43,1967,0x54cada71
25,A-B,2,optimized,128,gf_mul,44,1967,0x54cada71
25,A-B,2,optimized,128,gf_mul,45,1967,0x54cada71
25,A-B,2,optimized,128,gf_mul,46,1967,0x54cada71
25,A-B,2,optimized,128,gf_mul,47,1967,0x54cada71
25,A-B,2,optimized,128,gf_mul,48,1967,0x54cada71
25,A-B,2,optimized,128,gf_mul,49,1967,0x54cada71
25,A-B,2,optimized,128,gf_sqr,0,107,0x54cada71
25,A-B,2,optimized,128,gf_sqr,1,107,0x54cada71
25,A-B,2,optimized,128,gf_sqr,2,107,0x54cada71
25,A-B,2,optimized,128,gf_sqr,3,106,0x54cada71
25,A-B,2,optimized,128,gf_sqr,4,106,0x54cada71
25,A-B,2,optimized,128,gf_sqr,5,106,0x54cada71
25,A-B,2,optimized,128,gf_sqr,6,106,0x54cada71
25,A-B,2,optimized,128,gf_sqr,7,106,0x54cada71
25,A-B,2,optimized,128,gf_sqr,8,106,0x54cada71
25,A-B,2,optimized,128,gf_sqr,9,106,0x54cada71
25,A-B,2,optimized,128,gf_sqr,10,106,0x54cada71
25,A-B,2,optimized,128,gf_sqr,11,106,0x54cada71
25,A-B,2,optimized,128,gf_sqr,12,106,0x54cada71
25,A-B,2,optimized,128,gf_sqr,13,106,0x54cada71
25,A-B,2,optimized,128,gf_sqr,14,106,0x54cada71
25,A-B,2,optimized,128,gf_sqr,15,106,0x54cada71
25,A-B,2,optimized,128,gf_sqr,16,106,0x54cada71
25,A-B,2,optimized,128,gf_sqr,17,106,0x54cada71
25,A-B,2,optimized,128,gf_sqr,18,106,0x54cada71
25,A-B,2,optimized,128,gf_sqr,19,106,0x54cada71
25,A-B,2,optimized,128,gf_sqr,20,106,0x54cada71
25,A-B,2,optimized,128,gf_sqr,21,106,0x54cada71
25,A-B,2,optimized,128,gf_sqr,22,106,0x54cada71
25,A-B,2,optimized,128,gf_sqr,23,106,0x54cada71
25,A-B,2,optimized,128,gf_sqr,24,106,0x54cada71
25,A-B,2,optimized,128,gf_sqr,25,106,0x54cada71
25,A-B,2,optimized,128,gf_sqr,26,106,0x54cada71
25,A-B,2,optimized,128,gf_sqr,27,106,0x54cada71
25,A-B,2,optimized,128,gf_sqr,28,106,0x54cada71
25,A-B,2,optimized,128,gf_sqr,29,106,0x54cada71
25,A-B,2,optimized,128,gf_sqr,30,106,0x54cada71
25,A-B,2,optimized,128,gf_sqr,31,106,0x54cada71
25,A-B,2,optimized,128,gf_sqr,32,106,0x54cada71
25,A-B,2,optimized,128,gf_sqr,33,106,0x54cada71
25,A-B,2,optimized,128,gf_sqr,34,106,0x54cada71
25,A-B,2,optimized,128,gf_sqr,35,106,0x54cada71
25,A-B,2,optimized,128,gf_sqr,36,106,0x54cada71
25,A-B,2,optimized,128,gf_sqr,37,106,0x54cada71
25,A-B,2,optimized,128,gf_sqr,38,106,0x54cada71
25,A-B,2,optimized,128,gf_sqr,39,106,0x54cada71
25,A-B,2,optimized,128,gf_sqr,40,106,0x54cada71
25,A-B,2,optimized,128,gf_sqr,41,106,0x54cada71
25,A-B,2,optimized,128,gf_sqr,42,106,0x54cada71
25,A-B,2,optimized,128,gf_sqr,43,106,0x54cada71
25,A-B,2,optimized,128,gf_sqr,44,106,0x54cada71
25,A-B,2,optimized,128,gf_sqr,45,106,0x54cada71
25,A-B,2,optimized,128,gf_sqr,46,106,0x54cada71
25,A-B,2,optimized,128,gf_sqr,47,106,0x54cada71
25,A-B,2,optimized,128,gf_sqr,48,106,0x54cada71
25,A-B,2,optimized,128,gf_sqr,49,106,0x54cada71
25,A-B,1,reference,192,gf_mul,0,3927,0x2bf8b731
25,A-B,1,reference,192,gf_mul,1,3927,0x2bf8b731
25,A-B,1,reference,192,gf_mul,2,3927,0x2bf8b731
25,A-B,1,reference,192,gf_mul,3,3926,0x2bf8b731
25,A-B,1,reference,192,gf_mul,4,3926,0x2bf8b731
25,A-B,1,reference,192,gf_mul,5,3926,0x2bf8b731
25,A-B,1,reference,192,gf_mul,6,3926,0x2bf8b731
25,A-B,1,reference,192,gf_mul,7,3926,0x2bf8b731
25,A-B,1,reference,192,gf_mul,8,3926,0x2bf8b731
25,A-B,1,reference,192,gf_mul,9,3926,0x2bf8b731
25,A-B,1,reference,192,gf_mul,10,3926,0x2bf8b731
25,A-B,1,reference,192,gf_mul,11,3926,0x2bf8b731
25,A-B,1,reference,192,gf_mul,12,3926,0x2bf8b731
25,A-B,1,reference,192,gf_mul,13,3926,0x2bf8b731
25,A-B,1,reference,192,gf_mul,14,3926,0x2bf8b731
25,A-B,1,reference,192,gf_mul,15,3926,0x2bf8b731
25,A-B,1,reference,192,gf_mul,16,3926,0x2bf8b731
25,A-B,1,reference,192,gf_mul,17,3926,0x2bf8b731
25,A-B,1,reference,192,gf_mul,18,3926,0x2bf8b731
25,A-B,1,reference,192,gf_mul,19,3926,0x2bf8b731
25,A-B,1,reference,192,gf_mul,20,3926,0x2bf8b731
25,A-B,1,reference,192,gf_mul,21,3926,0x2bf8b731
25,A-B,1,reference,192,gf_mul,22,3926,0x2bf8b731
25,A-B,1,reference,192,gf_mul,23,3926,0x2bf8b731
25,A-B,1,reference,192,gf_mul,24,3926,0x2bf8b731
25,A-B,1,reference,192,gf_mul,25,3926,0x2bf8b731
25,A-B,1,reference,192,gf_mul,26,3926,0x2bf8b731
25,A-B,1,reference,192,gf_mul,27,3926,0x2bf8b731
25,A-B,1,reference,192,gf_mul,28,3926,0x2bf8b731
25,A-B,1,reference,192,gf_mul,29,3926,0x2bf8b731
25,A-B,1,reference,192,gf_mul,30,3926,0x2bf8b731
25,A-B,1,reference,192,gf_mul,31,3926,0x2bf8b731
25,A-B,1,reference,192,gf_mul,32,3926,0x2bf8b731
25,A-B,1,reference,192,gf_mul,33,3926,0x2bf8b731
25,A-B,1,reference,192,gf_mul,34,3926,0x2bf8b731
25,A-B,1,reference,192,gf_mul,35,3926,0x2bf8b731
25,A-B,1,reference,192,gf_mul,36,3926,0x2bf8b731
25,A-B,1,reference,192,gf_mul,37,3926,0x2bf8b731
25,A-B,1,reference,192,gf_mul,38,3926,0x2bf8b731
25,A-B,1,reference,192,gf_mul,39,3926,0x2bf8b731
25,A-B,1,reference,192,gf_mul,40,3926,0x2bf8b731
25,A-B,1,reference,192,gf_mul,41,3926,0x2bf8b731
25,A-B,1,reference,192,gf_mul,42,3926,0x2bf8b731
25,A-B,1,reference,192,gf_mul,43,3926,0x2bf8b731
25,A-B,1,reference,192,gf_mul,44,3926,0x2bf8b731
25,A-B,1,reference,192,gf_mul,45,3926,0x2bf8b731
25,A-B,1,reference,192,gf_mul,46,3926,0x2bf8b731
25,A-B,1,reference,192,gf_mul,47,3926,0x2bf8b731
25,A-B,1,reference,192,gf_mul,48,3926,0x2bf8b731
25,A-B,1,reference,192,gf_mul,49,3926,0x2bf8b731
25,A-B,1,reference,192,gf_sqr,0,144,0x2bf8b731
25,A-B,1,reference,192,gf_sqr,1,144,0x2bf8b731
25,A-B,1,reference,192,gf_sqr,2,143,0x2bf8b731
25,A-B,1,reference,192,gf_sqr,3,144,0x2bf8b731
25,A-B,1,reference,192,gf_sqr,4,144,0x2bf8b731
25,A-B,1,reference,192,gf_sqr,5,144,0x2bf8b731
25,A-B,1,reference,192,gf_sqr,6,144,0x2bf8b731
25,A-B,1,reference,192,gf_sqr,7,144,0x2bf8b731
25,A-B,1,reference,192,gf_sqr,8,144,0x2bf8b731
25,A-B,1,reference,192,gf_sqr,9,144,0x2bf8b731
25,A-B,1,reference,192,gf_sqr,10,144,0x2bf8b731
25,A-B,1,reference,192,gf_sqr,11,144,0x2bf8b731
25,A-B,1,reference,192,gf_sqr,12,144,0x2bf8b731
25,A-B,1,reference,192,gf_sqr,13,144,0x2bf8b731
25,A-B,1,reference,192,gf_sqr,14,144,0x2bf8b731
25,A-B,1,reference,192,gf_sqr,15,144,0x2bf8b731
25,A-B,1,reference,192,gf_sqr,16,144,0x2bf8b731
25,A-B,1,reference,192,gf_sqr,17,144,0x2bf8b731
25,A-B,1,reference,192,gf_sqr,18,144,0x2bf8b731
25,A-B,1,reference,192,gf_sqr,19,144,0x2bf8b731
25,A-B,1,reference,192,gf_sqr,20,144,0x2bf8b731
25,A-B,1,reference,192,gf_sqr,21,144,0x2bf8b731
25,A-B,1,reference,192,gf_sqr,22,144,0x2bf8b731
25,A-B,1,reference,192,gf_sqr,23,144,0x2bf8b731
25,A-B,1,reference,192,gf_sqr,24,144,0x2bf8b731
25,A-B,1,reference,192,gf_sqr,25,144,0x2bf8b731
25,A-B,1,reference,192,gf_sqr,26,144,0x2bf8b731
25,A-B,1,reference,192,gf_sqr,27,144,0x2bf8b731
25,A-B,1,reference,192,gf_sqr,28,144,0x2bf8b731
25,A-B,1,reference,192,gf_sqr,29,144,0x2bf8b731
25,A-B,1,reference,192,gf_sqr,30,144,0x2bf8b731
25,A-B,1,reference,192,gf_sqr,31,144,0x2bf8b731
25,A-B,1,reference,192,gf_sqr,32,144,0x2bf8b731
25,A-B,1,reference,192,gf_sqr,33,144,0x2bf8b731
25,A-B,1,reference,192,gf_sqr,34,144,0x2bf8b731
25,A-B,1,reference,192,gf_sqr,35,144,0x2bf8b731
25,A-B,1,reference,192,gf_sqr,36,144,0x2bf8b731
25,A-B,1,reference,192,gf_sqr,37,144,0x2bf8b731
25,A-B,1,reference,192,gf_sqr,38,144,0x2bf8b731
25,A-B,1,reference,192,gf_sqr,39,144,0x2bf8b731
25,A-B,1,reference,192,gf_sqr,40,144,0x2bf8b731
25,A-B,1,reference,192,gf_sqr,41,144,0x2bf8b731
25,A-B,1,reference,192,gf_sqr,42,144,0x2bf8b731
25,A-B,1,reference,192,gf_sqr,43,144,0x2bf8b731
25,A-B,1,reference,192,gf_sqr,44,144,0x2bf8b731
25,A-B,1,reference,192,gf_sqr,45,144,0x2bf8b731
25,A-B,1,reference,192,gf_sqr,46,144,0x2bf8b731
25,A-B,1,reference,192,gf_sqr,47,144,0x2bf8b731
25,A-B,1,reference,192,gf_sqr,48,144,0x2bf8b731
25,A-B,1,reference,192,gf_sqr,49,144,0x2bf8b731
25,A-B,2,optimized,192,gf_mul,0,3927,0x2bf8b731
25,A-B,2,optimized,192,gf_mul,1,3927,0x2bf8b731
25,A-B,2,optimized,192,gf_mul,2,3927,0x2bf8b731
25,A-B,2,optimized,192,gf_mul,3,3926,0x2bf8b731
25,A-B,2,optimized,192,gf_mul,4,3926,0x2bf8b731
25,A-B,2,optimized,192,gf_mul,5,3926,0x2bf8b731
25,A-B,2,optimized,192,gf_mul,6,3926,0x2bf8b731
25,A-B,2,optimized,192,gf_mul,7,3926,0x2bf8b731
25,A-B,2,optimized,192,gf_mul,8,3926,0x2bf8b731
25,A-B,2,optimized,192,gf_mul,9,3926,0x2bf8b731
25,A-B,2,optimized,192,gf_mul,10,3926,0x2bf8b731
25,A-B,2,optimized,192,gf_mul,11,3926,0x2bf8b731
25,A-B,2,optimized,192,gf_mul,12,3926,0x2bf8b731
25,A-B,2,optimized,192,gf_mul,13,3926,0x2bf8b731
25,A-B,2,optimized,192,gf_mul,14,3926,0x2bf8b731
25,A-B,2,optimized,192,gf_mul,15,3926,0x2bf8b731
25,A-B,2,optimized,192,gf_mul,16,3926,0x2bf8b731
25,A-B,2,optimized,192,gf_mul,17,3926,0x2bf8b731
25,A-B,2,optimized,192,gf_mul,18,3926,0x2bf8b731
25,A-B,2,optimized,192,gf_mul,19,3926,0x2bf8b731
25,A-B,2,optimized,192,gf_mul,20,3926,0x2bf8b731
25,A-B,2,optimized,192,gf_mul,21,3926,0x2bf8b731
25,A-B,2,optimized,192,gf_mul,22,3926,0x2bf8b731
25,A-B,2,optimized,192,gf_mul,23,3926,0x2bf8b731
25,A-B,2,optimized,192,gf_mul,24,3926,0x2bf8b731
25,A-B,2,optimized,192,gf_mul,25,3926,0x2bf8b731
25,A-B,2,optimized,192,gf_mul,26,3926,0x2bf8b731
25,A-B,2,optimized,192,gf_mul,27,3926,0x2bf8b731
25,A-B,2,optimized,192,gf_mul,28,3926,0x2bf8b731
25,A-B,2,optimized,192,gf_mul,29,3926,0x2bf8b731
25,A-B,2,optimized,192,gf_mul,30,3926,0x2bf8b731
25,A-B,2,optimized,192,gf_mul,31,3926,0x2bf8b731
25,A-B,2,optimized,192,gf_mul,32,3926,0x2bf8b731
25,A-B,2,optimized,192,gf_mul,33,3926,0x2bf8b731
25,A-B,2,optimized,192,gf_mul,34,3926,0x2bf8b731
25,A-B,2,optimized,192,gf_mul,35,3926,0x2bf8b731
25,A-B,2,optimized,192,gf_mul,36,3926,0x2bf8b731
25,A-B,2,optimized,192,gf_mul,37,3926,0x2bf8b731
25,A-B,2,optimized,192,gf_mul,38,3926,0x2bf8b731
25,A-B,2,optimized,192,gf_mul,39,3926,0x2bf8b731
25,A-B,2,optimized,192,gf_mul,40,3926,0x2bf8b731
25,A-B,2,optimized,192,gf_mul,41,3926,0x2bf8b731
25,A-B,2,optimized,192,gf_mul,42,3926,0x2bf8b731
25,A-B,2,optimized,192,gf_mul,43,3926,0x2bf8b731
25,A-B,2,optimized,192,gf_mul,44,3926,0x2bf8b731
25,A-B,2,optimized,192,gf_mul,45,3926,0x2bf8b731
25,A-B,2,optimized,192,gf_mul,46,3926,0x2bf8b731
25,A-B,2,optimized,192,gf_mul,47,3926,0x2bf8b731
25,A-B,2,optimized,192,gf_mul,48,3926,0x2bf8b731
25,A-B,2,optimized,192,gf_mul,49,3926,0x2bf8b731
25,A-B,2,optimized,192,gf_sqr,0,144,0x2bf8b731
25,A-B,2,optimized,192,gf_sqr,1,144,0x2bf8b731
25,A-B,2,optimized,192,gf_sqr,2,143,0x2bf8b731
25,A-B,2,optimized,192,gf_sqr,3,144,0x2bf8b731
25,A-B,2,optimized,192,gf_sqr,4,144,0x2bf8b731
25,A-B,2,optimized,192,gf_sqr,5,144,0x2bf8b731
25,A-B,2,optimized,192,gf_sqr,6,144,0x2bf8b731
25,A-B,2,optimized,192,gf_sqr,7,144,0x2bf8b731
25,A-B,2,optimized,192,gf_sqr,8,144,0x2bf8b731
25,A-B,2,optimized,192,gf_sqr,9,144,0x2bf8b731
25,A-B,2,optimized,192,gf_sqr,10,144,0x2bf8b731
25,A-B,2,optimized,192,gf_sqr,11,144,0x2bf8b731
25,A-B,2,optimized,192,gf_sqr,12,144,0x2bf8b731
25,A-B,2,optimized,192,gf_sqr,13,144,0x2bf8b731
25,A-B,2,optimized,192,gf_sqr,14,144,0x2bf8b731
25,A-B,2,optimized,192,gf_sqr,15,144,0x2bf8b731
25,A-B,2,optimized,192,gf_sqr,16,144,0x2bf8b731
25,A-B,2,optimized,192,gf_sqr,17,144,0x2bf8b731
25,A-B,2,optimized,192,gf_sqr,18,144,0x2bf8b731
25,A-B,2,optimized,192,gf_sqr,19,144,0x2bf8b731
25,A-B,2,optimized,192,gf_sqr,20,144,0x2bf8b731
25,A-B,2,optimized,192,gf_sqr,21,144,0x2bf8b731
25,A-B,2,optimized,192,gf_sqr,22,144,0x2bf8b731
25,A-B,2,optimized,192,gf_sqr,23,144,0x2bf8b731
25,A-B,2,optimized,192,gf_sqr,24,144,0x2bf8b731
25,A-B,2,optimized,192,gf_sqr,25,144,0x2bf8b731
25,A-B,2,optimized,192,gf_sqr,26,144,0x2bf8b731
25,A-B,2,optimized,192,gf_sqr,27,144,0x2bf8b731
25,A-B,2,optimized,192,gf_sqr,28,144,0x2bf8b731
25,A-B,2,optimized,192,gf_sqr,29,144,0x2bf8b731
25,A-B,2,optimized,192,gf_sqr,30,144,0x2bf8b731
25,A-B,2,optimized,192,gf_sqr,31,144,0x2bf8b731
25,A-B,2,optimized,192,gf_sqr,32,144,0x2bf8b731
25,A-B,2,optimized,192,gf_sqr,33,144,0x2bf8b731
25,A-B,2,optimized,192,gf_sqr,34,144,0x2bf8b731
25,A-B,2,optimized,192,gf_sqr,35,144,0x2bf8b731
25,A-B,2,optimized,192,gf_sqr,36,144,0x2bf8b731
25,A-B,2,optimized,192,gf_sqr,37,144,0x2bf8b731
25,A-B,2,optimized,192,gf_sqr,38,144,0x2bf8b731
25,A-B,2,optimized,192,gf_sqr,39,144,0x2bf8b731
25,A-B,2,optimized,192,gf_sqr,40,144,0x2bf8b731
25,A-B,2,optimized,192,gf_sqr,41,144,0x2bf8b731
25,A-B,2,optimized,192,gf_sqr,42,144,0x2bf8b731
25,A-B,2,optimized,192,gf_sqr,43,144,0x2bf8b731
25,A-B,2,optimized,192,gf_sqr,44,144,0x2bf8b731
25,A-B,2,optimized,192,gf_sqr,45,144,0x2bf8b731
25,A-B,2,optimized,192,gf_sqr,46,144,0x2bf8b731
25,A-B,2,optimized,192,gf_sqr,47,144,0x2bf8b731
25,A-B,2,optimized,192,gf_sqr,48,144,0x2bf8b731
25,A-B,2,optimized,192,gf_sqr,49,144,0x2bf8b731
25,A-B,1,reference,256,gf_mul,0,5933,0x283807e5
25,A-B,1,reference,256,gf_mul,1,5932,0x283807e5
25,A-B,1,reference,256,gf_mul,2,5932,0x283807e5
25,A-B,1,reference,256,gf_mul,3,5931,0x283807e5
25,A-B,1,reference,256,gf_mul,4,5931,0x283807e5
25,A-B,1,reference,256,gf_mul,5,5931,0x283807e5
25,A-B,1,reference,256,gf_mul,6,5931,0x283807e5
25,A-B,1,reference,256,gf_mul,7,5931,0x283807e5
25,A-B,1,reference,256,gf_mul,8,5931,0x283807e5
25,A-B,1,reference,256,gf_mul,9,5931,0x283807e5
25,A-B,1,reference,256,gf_mul,10,5931,0x283807e5
25,A-B,1,reference,256,gf_mul,11,5931,0x283807e5
25,A-B,1,reference,256,gf_mul,12,5931,0x283807e5
25,A-B,1,reference,256,gf_mul,13,5931,0x283807e5
25,A-B,1,reference,256,gf_mul,14,5931,0x283807e5
25,A-B,1,reference,256,gf_mul,15,5931,0x283807e5
25,A-B,1,reference,256,gf_mul,16,5931,0x283807e5
25,A-B,1,reference,256,gf_mul,17,5931,0x283807e5
25,A-B,1,reference,256,gf_mul,18,5931,0x283807e5
25,A-B,1,reference,256,gf_mul,19,5931,0x283807e5
25,A-B,1,reference,256,gf_mul,20,5931,0x283807e5
25,A-B,1,reference,256,gf_mul,21,5931,0x283807e5
25,A-B,1,reference,256,gf_mul,22,5931,0x283807e5
25,A-B,1,reference,256,gf_mul,23,5931,0x283807e5
25,A-B,1,reference,256,gf_mul,24,5931,0x283807e5
25,A-B,1,reference,256,gf_mul,25,5931,0x283807e5
25,A-B,1,reference,256,gf_mul,26,5931,0x283807e5
25,A-B,1,reference,256,gf_mul,27,5931,0x283807e5
25,A-B,1,reference,256,gf_mul,28,5931,0x283807e5
25,A-B,1,reference,256,gf_mul,29,5931,0x283807e5
25,A-B,1,reference,256,gf_mul,30,5931,0x283807e5
25,A-B,1,reference,256,gf_mul,31,5931,0x283807e5
25,A-B,1,reference,256,gf_mul,32,5931,0x283807e5
25,A-B,1,reference,256,gf_mul,33,5931,0x283807e5
25,A-B,1,reference,256,gf_mul,34,5931,0x283807e5
25,A-B,1,reference,256,gf_mul,35,5931,0x283807e5
25,A-B,1,reference,256,gf_mul,36,5931,0x283807e5
25,A-B,1,reference,256,gf_mul,37,5931,0x283807e5
25,A-B,1,reference,256,gf_mul,38,5931,0x283807e5
25,A-B,1,reference,256,gf_mul,39,5931,0x283807e5
25,A-B,1,reference,256,gf_mul,40,5931,0x283807e5
25,A-B,1,reference,256,gf_mul,41,5931,0x283807e5
25,A-B,1,reference,256,gf_mul,42,5931,0x283807e5
25,A-B,1,reference,256,gf_mul,43,5931,0x283807e5
25,A-B,1,reference,256,gf_mul,44,5931,0x283807e5
25,A-B,1,reference,256,gf_mul,45,5931,0x283807e5
25,A-B,1,reference,256,gf_mul,46,5931,0x283807e5
25,A-B,1,reference,256,gf_mul,47,5931,0x283807e5
25,A-B,1,reference,256,gf_mul,48,5931,0x283807e5
25,A-B,1,reference,256,gf_mul,49,5931,0x283807e5
25,A-B,1,reference,256,gf_sqr,0,203,0x283807e5
25,A-B,1,reference,256,gf_sqr,1,202,0x283807e5
25,A-B,1,reference,256,gf_sqr,2,203,0x283807e5
25,A-B,1,reference,256,gf_sqr,3,202,0x283807e5
25,A-B,1,reference,256,gf_sqr,4,202,0x283807e5
25,A-B,1,reference,256,gf_sqr,5,202,0x283807e5
25,A-B,1,reference,256,gf_sqr,6,202,0x283807e5
25,A-B,1,reference,256,gf_sqr,7,202,0x283807e5
25,A-B,1,reference,256,gf_sqr,8,202,0x283807e5
25,A-B,1,reference,256,gf_sqr,9,202,0x283807e5
25,A-B,1,reference,256,gf_sqr,10,202,0x283807e5
25,A-B,1,reference,256,gf_sqr,11,202,0x283807e5
25,A-B,1,reference,256,gf_sqr,12,202,0x283807e5
25,A-B,1,reference,256,gf_sqr,13,202,0x283807e5
25,A-B,1,reference,256,gf_sqr,14,202,0x283807e5
25,A-B,1,reference,256,gf_sqr,15,202,0x283807e5
25,A-B,1,reference,256,gf_sqr,16,202,0x283807e5
25,A-B,1,reference,256,gf_sqr,17,202,0x283807e5
25,A-B,1,reference,256,gf_sqr,18,202,0x283807e5
25,A-B,1,reference,256,gf_sqr,19,202,0x283807e5
25,A-B,1,reference,256,gf_sqr,20,202,0x283807e5
25,A-B,1,reference,256,gf_sqr,21,202,0x283807e5
25,A-B,1,reference,256,gf_sqr,22,202,0x283807e5
25,A-B,1,reference,256,gf_sqr,23,202,0x283807e5
25,A-B,1,reference,256,gf_sqr,24,202,0x283807e5
25,A-B,1,reference,256,gf_sqr,25,202,0x283807e5
25,A-B,1,reference,256,gf_sqr,26,202,0x283807e5
25,A-B,1,reference,256,gf_sqr,27,202,0x283807e5
25,A-B,1,reference,256,gf_sqr,28,202,0x283807e5
25,A-B,1,reference,256,gf_sqr,29,202,0x283807e5
25,A-B,1,reference,256,gf_sqr,30,202,0x283807e5
25,A-B,1,reference,256,gf_sqr,31,202,0x283807e5
25,A-B,1,reference,256,gf_sqr,32,202,0x283807e5
25,A-B,1,reference,256,gf_sqr,33,202,0x283807e5
25,A-B,1,reference,256,gf_sqr,34,202,0x283807e5
25,A-B,1,reference,256,gf_sqr,35,202,0x283807e5
25,A-B,1,reference,256,gf_sqr,36,202,0x283807e5
25,A-B,1,reference,256,gf_sqr,37,202,0x283807e5
25,A-B,1,reference,256,gf_sqr,38,202,0x283807e5
25,A-B,1,reference,256,gf_sqr,39,202,0x283807e5
25,A-B,1,reference,256,gf_sqr,40,202,0x283807e5
25,A-B,1,reference,256,gf_sqr,41,202,0x283807e5
25,A-B,1,reference,256,gf_sqr,42,202,0x283807e5
25,A-B,1,reference,256,gf_sqr,43,202,0x283807e5
25,A-B,1,reference,256,gf_sqr,44,202,0x283807e5
25,A-B,1,reference,256,gf_sqr,45,202,0x283807e5
25,A-B,1,reference,256,gf_sqr,46,202,0x283807e5
25,A-B,1,reference,256,gf_sqr,47,202,0x283807e5
25,A-B,1,reference,256,gf_sqr,48,202,0x283807e5
25,A-B,1,reference,256,gf_sqr,49,202,0x283807e5
25,A-B,2,optimized,256,gf_mul,0,5942,0x283807e5
25,A-B,2,optimized,256,gf_mul,1,5940,0x283807e5
25,A-B,2,optimized,256,gf_mul,2,5941,0x283807e5
25,A-B,2,optimized,256,gf_mul,3,5940,0x283807e5
25,A-B,2,optimized,256,gf_mul,4,5940,0x283807e5
25,A-B,2,optimized,256,gf_mul,5,5940,0x283807e5
25,A-B,2,optimized,256,gf_mul,6,5940,0x283807e5
25,A-B,2,optimized,256,gf_mul,7,5940,0x283807e5
25,A-B,2,optimized,256,gf_mul,8,5940,0x283807e5
25,A-B,2,optimized,256,gf_mul,9,5940,0x283807e5
25,A-B,2,optimized,256,gf_mul,10,5940,0x283807e5
25,A-B,2,optimized,256,gf_mul,11,5940,0x283807e5
25,A-B,2,optimized,256,gf_mul,12,5940,0x283807e5
25,A-B,2,optimized,256,gf_mul,13,5940,0x283807e5
25,A-B,2,optimized,256,gf_mul,14,5940,0x283807e5
25,A-B,2,optimized,256,gf_mul,15,5940,0x283807e5
25,A-B,2,optimized,256,gf_mul,16,5940,0x283807e5
25,A-B,2,optimized,256,gf_mul,17,5940,0x283807e5
25,A-B,2,optimized,256,gf_mul,18,5940,0x283807e5
25,A-B,2,optimized,256,gf_mul,19,5940,0x283807e5
25,A-B,2,optimized,256,gf_mul,20,5940,0x283807e5
25,A-B,2,optimized,256,gf_mul,21,5940,0x283807e5
25,A-B,2,optimized,256,gf_mul,22,5940,0x283807e5
25,A-B,2,optimized,256,gf_mul,23,5940,0x283807e5
25,A-B,2,optimized,256,gf_mul,24,5940,0x283807e5
25,A-B,2,optimized,256,gf_mul,25,5940,0x283807e5
25,A-B,2,optimized,256,gf_mul,26,5940,0x283807e5
25,A-B,2,optimized,256,gf_mul,27,5940,0x283807e5
25,A-B,2,optimized,256,gf_mul,28,5940,0x283807e5
25,A-B,2,optimized,256,gf_mul,29,5940,0x283807e5
25,A-B,2,optimized,256,gf_mul,30,5940,0x283807e5
25,A-B,2,optimized,256,gf_mul,31,5940,0x283807e5
25,A-B,2,optimized,256,gf_mul,32,5940,0x283807e5
25,A-B,2,optimized,256,gf_mul,33,5940,0x283807e5
25,A-B,2,optimized,256,gf_mul,34,5940,0x283807e5
25,A-B,2,optimized,256,gf_mul,35,5940,0x283807e5
25,A-B,2,optimized,256,gf_mul,36,5940,0x283807e5
25,A-B,2,optimized,256,gf_mul,37,5940,0x283807e5
25,A-B,2,optimized,256,gf_mul,38,5940,0x283807e5
25,A-B,2,optimized,256,gf_mul,39,5940,0x283807e5
25,A-B,2,optimized,256,gf_mul,40,5940,0x283807e5
25,A-B,2,optimized,256,gf_mul,41,5940,0x283807e5
25,A-B,2,optimized,256,gf_mul,42,5940,0x283807e5
25,A-B,2,optimized,256,gf_mul,43,5940,0x283807e5
25,A-B,2,optimized,256,gf_mul,44,5940,0x283807e5
25,A-B,2,optimized,256,gf_mul,45,5940,0x283807e5
25,A-B,2,optimized,256,gf_mul,46,5940,0x283807e5
25,A-B,2,optimized,256,gf_mul,47,5940,0x283807e5
25,A-B,2,optimized,256,gf_mul,48,5940,0x283807e5
25,A-B,2,optimized,256,gf_mul,49,5940,0x283807e5
25,A-B,2,optimized,256,gf_sqr,0,202,0x283807e5
25,A-B,2,optimized,256,gf_sqr,1,200,0x283807e5
25,A-B,2,optimized,256,gf_sqr,2,201,0x283807e5
25,A-B,2,optimized,256,gf_sqr,3,200,0x283807e5
25,A-B,2,optimized,256,gf_sqr,4,200,0x283807e5
25,A-B,2,optimized,256,gf_sqr,5,200,0x283807e5
25,A-B,2,optimized,256,gf_sqr,6,200,0x283807e5
25,A-B,2,optimized,256,gf_sqr,7,200,0x283807e5
25,A-B,2,optimized,256,gf_sqr,8,200,0x283807e5
25,A-B,2,optimized,256,gf_sqr,9,200,0x283807e5
25,A-B,2,optimized,256,gf_sqr,10,200,0x283807e5
25,A-B,2,optimized,256,gf_sqr,11,200,0x283807e5
25,A-B,2,optimized,256,gf_sqr,12,200,0x283807e5
25,A-B,2,optimized,256,gf_sqr,13,200,0x283807e5
25,A-B,2,optimized,256,gf_sqr,14,200,0x283807e5
25,A-B,2,optimized,256,gf_sqr,15,200,0x283807e5
25,A-B,2,optimized,256,gf_sqr,16,200,0x283807e5
25,A-B,2,optimized,256,gf_sqr,17,200,0x283807e5
25,A-B,2,optimized,256,gf_sqr,18,200,0x283807e5
25,A-B,2,optimized,256,gf_sqr,19,200,0x283807e5
25,A-B,2,optimized,256,gf_sqr,20,200,0x283807e5
25,A-B,2,optimized,256,gf_sqr,21,200,0x283807e5
25,A-B,2,optimized,256,gf_sqr,22,200,0x283807e5
25,A-B,2,optimized,256,gf_sqr,23,200,0x283807e5
25,A-B,2,optimized,256,gf_sqr,24,200,0x283807e5
25,A-B,2,optimized,256,gf_sqr,25,200,0x283807e5
25,A-B,2,optimized,256,gf_sqr,26,200,0x283807e5
25,A-B,2,optimized,256,gf_sqr,27,200,0x283807e5
25,A-B,2,optimized,256,gf_sqr,28,200,0x283807e5
25,A-B,2,optimized,256,gf_sqr,29,200,0x283807e5
25,A-B,2,optimized,256,gf_sqr,30,200,0x283807e5
25,A-B,2,optimized,256,gf_sqr,31,200,0x283807e5
25,A-B,2,optimized,256,gf_sqr,32,200,0x283807e5
25,A-B,2,optimized,256,gf_sqr,33,200,0x283807e5
25,A-B,2,optimized,256,gf_sqr,34,200,0x283807e5
25,A-B,2,optimized,256,gf_sqr,35,200,0x283807e5
25,A-B,2,optimized,256,gf_sqr,36,200,0x283807e5
25,A-B,2,optimized,256,gf_sqr,37,200,0x283807e5
25,A-B,2,optimized,256,gf_sqr,38,200,0x283807e5
25,A-B,2,optimized,256,gf_sqr,39,200,0x283807e5
25,A-B,2,optimized,256,gf_sqr,40,200,0x283807e5
25,A-B,2,optimized,256,gf_sqr,41,200,0x283807e5
25,A-B,2,optimized,256,gf_sqr,42,200,0x283807e5
25,A-B,2,optimized,256,gf_sqr,43,200,0x283807e5
25,A-B,2,optimized,256,gf_sqr,44,200,0x283807e5
25,A-B,2,optimized,256,gf_sqr,45,200,0x283807e5
25,A-B,2,optimized,256,gf_sqr,46,200,0x283807e5
25,A-B,2,optimized,256,gf_sqr,47,200,0x283807e5
25,A-B,2,optimized,256,gf_sqr,48,200,0x283807e5
25,A-B,2,optimized,256,gf_sqr,49,200,0x283807e5
26,B-A,1,optimized,128,gf_mul,0,1969,0x54cada71
26,B-A,1,optimized,128,gf_mul,1,1968,0x54cada71
26,B-A,1,optimized,128,gf_mul,2,1968,0x54cada71
26,B-A,1,optimized,128,gf_mul,3,1967,0x54cada71
26,B-A,1,optimized,128,gf_mul,4,1967,0x54cada71
26,B-A,1,optimized,128,gf_mul,5,1967,0x54cada71
26,B-A,1,optimized,128,gf_mul,6,1967,0x54cada71
26,B-A,1,optimized,128,gf_mul,7,1967,0x54cada71
26,B-A,1,optimized,128,gf_mul,8,1967,0x54cada71
26,B-A,1,optimized,128,gf_mul,9,1967,0x54cada71
26,B-A,1,optimized,128,gf_mul,10,1967,0x54cada71
26,B-A,1,optimized,128,gf_mul,11,1967,0x54cada71
26,B-A,1,optimized,128,gf_mul,12,1967,0x54cada71
26,B-A,1,optimized,128,gf_mul,13,1967,0x54cada71
26,B-A,1,optimized,128,gf_mul,14,1967,0x54cada71
26,B-A,1,optimized,128,gf_mul,15,1967,0x54cada71
26,B-A,1,optimized,128,gf_mul,16,1967,0x54cada71
26,B-A,1,optimized,128,gf_mul,17,1967,0x54cada71
26,B-A,1,optimized,128,gf_mul,18,1967,0x54cada71
26,B-A,1,optimized,128,gf_mul,19,1967,0x54cada71
26,B-A,1,optimized,128,gf_mul,20,1967,0x54cada71
26,B-A,1,optimized,128,gf_mul,21,1967,0x54cada71
26,B-A,1,optimized,128,gf_mul,22,1967,0x54cada71
26,B-A,1,optimized,128,gf_mul,23,1967,0x54cada71
26,B-A,1,optimized,128,gf_mul,24,1967,0x54cada71
26,B-A,1,optimized,128,gf_mul,25,1967,0x54cada71
26,B-A,1,optimized,128,gf_mul,26,1967,0x54cada71
26,B-A,1,optimized,128,gf_mul,27,1967,0x54cada71
26,B-A,1,optimized,128,gf_mul,28,1967,0x54cada71
26,B-A,1,optimized,128,gf_mul,29,1967,0x54cada71
26,B-A,1,optimized,128,gf_mul,30,1967,0x54cada71
26,B-A,1,optimized,128,gf_mul,31,1967,0x54cada71
26,B-A,1,optimized,128,gf_mul,32,1967,0x54cada71
26,B-A,1,optimized,128,gf_mul,33,1967,0x54cada71
26,B-A,1,optimized,128,gf_mul,34,1967,0x54cada71
26,B-A,1,optimized,128,gf_mul,35,1967,0x54cada71
26,B-A,1,optimized,128,gf_mul,36,1967,0x54cada71
26,B-A,1,optimized,128,gf_mul,37,1967,0x54cada71
26,B-A,1,optimized,128,gf_mul,38,1967,0x54cada71
26,B-A,1,optimized,128,gf_mul,39,1967,0x54cada71
26,B-A,1,optimized,128,gf_mul,40,1967,0x54cada71
26,B-A,1,optimized,128,gf_mul,41,1967,0x54cada71
26,B-A,1,optimized,128,gf_mul,42,1967,0x54cada71
26,B-A,1,optimized,128,gf_mul,43,1967,0x54cada71
26,B-A,1,optimized,128,gf_mul,44,1967,0x54cada71
26,B-A,1,optimized,128,gf_mul,45,1967,0x54cada71
26,B-A,1,optimized,128,gf_mul,46,1967,0x54cada71
26,B-A,1,optimized,128,gf_mul,47,1967,0x54cada71
26,B-A,1,optimized,128,gf_mul,48,1967,0x54cada71
26,B-A,1,optimized,128,gf_mul,49,1967,0x54cada71
26,B-A,1,optimized,128,gf_sqr,0,107,0x54cada71
26,B-A,1,optimized,128,gf_sqr,1,107,0x54cada71
26,B-A,1,optimized,128,gf_sqr,2,107,0x54cada71
26,B-A,1,optimized,128,gf_sqr,3,106,0x54cada71
26,B-A,1,optimized,128,gf_sqr,4,106,0x54cada71
26,B-A,1,optimized,128,gf_sqr,5,106,0x54cada71
26,B-A,1,optimized,128,gf_sqr,6,106,0x54cada71
26,B-A,1,optimized,128,gf_sqr,7,106,0x54cada71
26,B-A,1,optimized,128,gf_sqr,8,106,0x54cada71
26,B-A,1,optimized,128,gf_sqr,9,106,0x54cada71
26,B-A,1,optimized,128,gf_sqr,10,106,0x54cada71
26,B-A,1,optimized,128,gf_sqr,11,106,0x54cada71
26,B-A,1,optimized,128,gf_sqr,12,106,0x54cada71
26,B-A,1,optimized,128,gf_sqr,13,106,0x54cada71
26,B-A,1,optimized,128,gf_sqr,14,106,0x54cada71
26,B-A,1,optimized,128,gf_sqr,15,106,0x54cada71
26,B-A,1,optimized,128,gf_sqr,16,106,0x54cada71
26,B-A,1,optimized,128,gf_sqr,17,106,0x54cada71
26,B-A,1,optimized,128,gf_sqr,18,106,0x54cada71
26,B-A,1,optimized,128,gf_sqr,19,106,0x54cada71
26,B-A,1,optimized,128,gf_sqr,20,106,0x54cada71
26,B-A,1,optimized,128,gf_sqr,21,106,0x54cada71
26,B-A,1,optimized,128,gf_sqr,22,106,0x54cada71
26,B-A,1,optimized,128,gf_sqr,23,106,0x54cada71
26,B-A,1,optimized,128,gf_sqr,24,106,0x54cada71
26,B-A,1,optimized,128,gf_sqr,25,106,0x54cada71
26,B-A,1,optimized,128,gf_sqr,26,106,0x54cada71
26,B-A,1,optimized,128,gf_sqr,27,106,0x54cada71
26,B-A,1,optimized,128,gf_sqr,28,106,0x54cada71
26,B-A,1,optimized,128,gf_sqr,29,106,0x54cada71
26,B-A,1,optimized,128,gf_sqr,30,106,0x54cada71
26,B-A,1,optimized,128,gf_sqr,31,106,0x54cada71
26,B-A,1,optimized,128,gf_sqr,32,106,0x54cada71
26,B-A,1,optimized,128,gf_sqr,33,106,0x54cada71
26,B-A,1,optimized,128,gf_sqr,34,106,0x54cada71
26,B-A,1,optimized,128,gf_sqr,35,106,0x54cada71
26,B-A,1,optimized,128,gf_sqr,36,106,0x54cada71
26,B-A,1,optimized,128,gf_sqr,37,106,0x54cada71
26,B-A,1,optimized,128,gf_sqr,38,106,0x54cada71
26,B-A,1,optimized,128,gf_sqr,39,106,0x54cada71
26,B-A,1,optimized,128,gf_sqr,40,106,0x54cada71
26,B-A,1,optimized,128,gf_sqr,41,106,0x54cada71
26,B-A,1,optimized,128,gf_sqr,42,106,0x54cada71
26,B-A,1,optimized,128,gf_sqr,43,106,0x54cada71
26,B-A,1,optimized,128,gf_sqr,44,106,0x54cada71
26,B-A,1,optimized,128,gf_sqr,45,106,0x54cada71
26,B-A,1,optimized,128,gf_sqr,46,106,0x54cada71
26,B-A,1,optimized,128,gf_sqr,47,106,0x54cada71
26,B-A,1,optimized,128,gf_sqr,48,106,0x54cada71
26,B-A,1,optimized,128,gf_sqr,49,106,0x54cada71
26,B-A,2,reference,128,gf_mul,0,1969,0x54cada71
26,B-A,2,reference,128,gf_mul,1,1965,0x54cada71
26,B-A,2,reference,128,gf_mul,2,1965,0x54cada71
26,B-A,2,reference,128,gf_mul,3,1964,0x54cada71
26,B-A,2,reference,128,gf_mul,4,1964,0x54cada71
26,B-A,2,reference,128,gf_mul,5,1964,0x54cada71
26,B-A,2,reference,128,gf_mul,6,1964,0x54cada71
26,B-A,2,reference,128,gf_mul,7,1964,0x54cada71
26,B-A,2,reference,128,gf_mul,8,1964,0x54cada71
26,B-A,2,reference,128,gf_mul,9,1964,0x54cada71
26,B-A,2,reference,128,gf_mul,10,1964,0x54cada71
26,B-A,2,reference,128,gf_mul,11,1964,0x54cada71
26,B-A,2,reference,128,gf_mul,12,1964,0x54cada71
26,B-A,2,reference,128,gf_mul,13,1964,0x54cada71
26,B-A,2,reference,128,gf_mul,14,1964,0x54cada71
26,B-A,2,reference,128,gf_mul,15,1964,0x54cada71
26,B-A,2,reference,128,gf_mul,16,1964,0x54cada71
26,B-A,2,reference,128,gf_mul,17,1964,0x54cada71
26,B-A,2,reference,128,gf_mul,18,1964,0x54cada71
26,B-A,2,reference,128,gf_mul,19,1964,0x54cada71
26,B-A,2,reference,128,gf_mul,20,1964,0x54cada71
26,B-A,2,reference,128,gf_mul,21,1964,0x54cada71
26,B-A,2,reference,128,gf_mul,22,1964,0x54cada71
26,B-A,2,reference,128,gf_mul,23,1964,0x54cada71
26,B-A,2,reference,128,gf_mul,24,1964,0x54cada71
26,B-A,2,reference,128,gf_mul,25,1964,0x54cada71
26,B-A,2,reference,128,gf_mul,26,1964,0x54cada71
26,B-A,2,reference,128,gf_mul,27,1964,0x54cada71
26,B-A,2,reference,128,gf_mul,28,1964,0x54cada71
26,B-A,2,reference,128,gf_mul,29,1964,0x54cada71
26,B-A,2,reference,128,gf_mul,30,1964,0x54cada71
26,B-A,2,reference,128,gf_mul,31,1964,0x54cada71
26,B-A,2,reference,128,gf_mul,32,1964,0x54cada71
26,B-A,2,reference,128,gf_mul,33,1964,0x54cada71
26,B-A,2,reference,128,gf_mul,34,1964,0x54cada71
26,B-A,2,reference,128,gf_mul,35,1964,0x54cada71
26,B-A,2,reference,128,gf_mul,36,1964,0x54cada71
26,B-A,2,reference,128,gf_mul,37,1964,0x54cada71
26,B-A,2,reference,128,gf_mul,38,1964,0x54cada71
26,B-A,2,reference,128,gf_mul,39,1964,0x54cada71
26,B-A,2,reference,128,gf_mul,40,1964,0x54cada71
26,B-A,2,reference,128,gf_mul,41,1964,0x54cada71
26,B-A,2,reference,128,gf_mul,42,1964,0x54cada71
26,B-A,2,reference,128,gf_mul,43,1964,0x54cada71
26,B-A,2,reference,128,gf_mul,44,1964,0x54cada71
26,B-A,2,reference,128,gf_mul,45,1964,0x54cada71
26,B-A,2,reference,128,gf_mul,46,1964,0x54cada71
26,B-A,2,reference,128,gf_mul,47,1964,0x54cada71
26,B-A,2,reference,128,gf_mul,48,1964,0x54cada71
26,B-A,2,reference,128,gf_mul,49,1964,0x54cada71
26,B-A,2,reference,128,gf_sqr,0,107,0x54cada71
26,B-A,2,reference,128,gf_sqr,1,103,0x54cada71
26,B-A,2,reference,128,gf_sqr,2,103,0x54cada71
26,B-A,2,reference,128,gf_sqr,3,102,0x54cada71
26,B-A,2,reference,128,gf_sqr,4,102,0x54cada71
26,B-A,2,reference,128,gf_sqr,5,102,0x54cada71
26,B-A,2,reference,128,gf_sqr,6,102,0x54cada71
26,B-A,2,reference,128,gf_sqr,7,102,0x54cada71
26,B-A,2,reference,128,gf_sqr,8,102,0x54cada71
26,B-A,2,reference,128,gf_sqr,9,102,0x54cada71
26,B-A,2,reference,128,gf_sqr,10,102,0x54cada71
26,B-A,2,reference,128,gf_sqr,11,102,0x54cada71
26,B-A,2,reference,128,gf_sqr,12,102,0x54cada71
26,B-A,2,reference,128,gf_sqr,13,102,0x54cada71
26,B-A,2,reference,128,gf_sqr,14,102,0x54cada71
26,B-A,2,reference,128,gf_sqr,15,102,0x54cada71
26,B-A,2,reference,128,gf_sqr,16,102,0x54cada71
26,B-A,2,reference,128,gf_sqr,17,102,0x54cada71
26,B-A,2,reference,128,gf_sqr,18,102,0x54cada71
26,B-A,2,reference,128,gf_sqr,19,102,0x54cada71
26,B-A,2,reference,128,gf_sqr,20,102,0x54cada71
26,B-A,2,reference,128,gf_sqr,21,102,0x54cada71
26,B-A,2,reference,128,gf_sqr,22,102,0x54cada71
26,B-A,2,reference,128,gf_sqr,23,102,0x54cada71
26,B-A,2,reference,128,gf_sqr,24,102,0x54cada71
26,B-A,2,reference,128,gf_sqr,25,102,0x54cada71
26,B-A,2,reference,128,gf_sqr,26,102,0x54cada71
26,B-A,2,reference,128,gf_sqr,27,102,0x54cada71
26,B-A,2,reference,128,gf_sqr,28,102,0x54cada71
26,B-A,2,reference,128,gf_sqr,29,102,0x54cada71
26,B-A,2,reference,128,gf_sqr,30,102,0x54cada71
26,B-A,2,reference,128,gf_sqr,31,102,0x54cada71
26,B-A,2,reference,128,gf_sqr,32,102,0x54cada71
26,B-A,2,reference,128,gf_sqr,33,102,0x54cada71
26,B-A,2,reference,128,gf_sqr,34,102,0x54cada71
26,B-A,2,reference,128,gf_sqr,35,102,0x54cada71
26,B-A,2,reference,128,gf_sqr,36,102,0x54cada71
26,B-A,2,reference,128,gf_sqr,37,102,0x54cada71
26,B-A,2,reference,128,gf_sqr,38,102,0x54cada71
26,B-A,2,reference,128,gf_sqr,39,102,0x54cada71
26,B-A,2,reference,128,gf_sqr,40,102,0x54cada71
26,B-A,2,reference,128,gf_sqr,41,102,0x54cada71
26,B-A,2,reference,128,gf_sqr,42,102,0x54cada71
26,B-A,2,reference,128,gf_sqr,43,102,0x54cada71
26,B-A,2,reference,128,gf_sqr,44,102,0x54cada71
26,B-A,2,reference,128,gf_sqr,45,102,0x54cada71
26,B-A,2,reference,128,gf_sqr,46,102,0x54cada71
26,B-A,2,reference,128,gf_sqr,47,102,0x54cada71
26,B-A,2,reference,128,gf_sqr,48,102,0x54cada71
26,B-A,2,reference,128,gf_sqr,49,102,0x54cada71
26,B-A,1,optimized,192,gf_mul,0,3927,0x2bf8b731
26,B-A,1,optimized,192,gf_mul,1,3927,0x2bf8b731
26,B-A,1,optimized,192,gf_mul,2,3927,0x2bf8b731
26,B-A,1,optimized,192,gf_mul,3,3926,0x2bf8b731
26,B-A,1,optimized,192,gf_mul,4,3926,0x2bf8b731
26,B-A,1,optimized,192,gf_mul,5,3926,0x2bf8b731
26,B-A,1,optimized,192,gf_mul,6,3926,0x2bf8b731
26,B-A,1,optimized,192,gf_mul,7,3926,0x2bf8b731
26,B-A,1,optimized,192,gf_mul,8,3926,0x2bf8b731
26,B-A,1,optimized,192,gf_mul,9,3926,0x2bf8b731
26,B-A,1,optimized,192,gf_mul,10,3926,0x2bf8b731
26,B-A,1,optimized,192,gf_mul,11,3926,0x2bf8b731
26,B-A,1,optimized,192,gf_mul,12,3926,0x2bf8b731
26,B-A,1,optimized,192,gf_mul,13,3926,0x2bf8b731
26,B-A,1,optimized,192,gf_mul,14,3926,0x2bf8b731
26,B-A,1,optimized,192,gf_mul,15,3926,0x2bf8b731
26,B-A,1,optimized,192,gf_mul,16,3926,0x2bf8b731
26,B-A,1,optimized,192,gf_mul,17,3926,0x2bf8b731
26,B-A,1,optimized,192,gf_mul,18,3926,0x2bf8b731
26,B-A,1,optimized,192,gf_mul,19,3926,0x2bf8b731
26,B-A,1,optimized,192,gf_mul,20,3926,0x2bf8b731
26,B-A,1,optimized,192,gf_mul,21,3926,0x2bf8b731
26,B-A,1,optimized,192,gf_mul,22,3926,0x2bf8b731
26,B-A,1,optimized,192,gf_mul,23,3926,0x2bf8b731
26,B-A,1,optimized,192,gf_mul,24,3926,0x2bf8b731
26,B-A,1,optimized,192,gf_mul,25,3926,0x2bf8b731
26,B-A,1,optimized,192,gf_mul,26,3926,0x2bf8b731
26,B-A,1,optimized,192,gf_mul,27,3926,0x2bf8b731
26,B-A,1,optimized,192,gf_mul,28,3926,0x2bf8b731
26,B-A,1,optimized,192,gf_mul,29,3926,0x2bf8b731
26,B-A,1,optimized,192,gf_mul,30,3926,0x2bf8b731
26,B-A,1,optimized,192,gf_mul,31,3926,0x2bf8b731
26,B-A,1,optimized,192,gf_mul,32,3926,0x2bf8b731
26,B-A,1,optimized,192,gf_mul,33,3926,0x2bf8b731
26,B-A,1,optimized,192,gf_mul,34,3926,0x2bf8b731
26,B-A,1,optimized,192,gf_mul,35,3926,0x2bf8b731
26,B-A,1,optimized,192,gf_mul,36,3926,0x2bf8b731
26,B-A,1,optimized,192,gf_mul,37,3926,0x2bf8b731
26,B-A,1,optimized,192,gf_mul,38,3926,0x2bf8b731
26,B-A,1,optimized,192,gf_mul,39,3926,0x2bf8b731
26,B-A,1,optimized,192,gf_mul,40,3926,0x2bf8b731
26,B-A,1,optimized,192,gf_mul,41,3926,0x2bf8b731
26,B-A,1,optimized,192,gf_mul,42,3926,0x2bf8b731
26,B-A,1,optimized,192,gf_mul,43,3926,0x2bf8b731
26,B-A,1,optimized,192,gf_mul,44,3926,0x2bf8b731
26,B-A,1,optimized,192,gf_mul,45,3926,0x2bf8b731
26,B-A,1,optimized,192,gf_mul,46,3926,0x2bf8b731
26,B-A,1,optimized,192,gf_mul,47,3926,0x2bf8b731
26,B-A,1,optimized,192,gf_mul,48,3926,0x2bf8b731
26,B-A,1,optimized,192,gf_mul,49,3926,0x2bf8b731
26,B-A,1,optimized,192,gf_sqr,0,144,0x2bf8b731
26,B-A,1,optimized,192,gf_sqr,1,144,0x2bf8b731
26,B-A,1,optimized,192,gf_sqr,2,143,0x2bf8b731
26,B-A,1,optimized,192,gf_sqr,3,144,0x2bf8b731
26,B-A,1,optimized,192,gf_sqr,4,144,0x2bf8b731
26,B-A,1,optimized,192,gf_sqr,5,144,0x2bf8b731
26,B-A,1,optimized,192,gf_sqr,6,144,0x2bf8b731
26,B-A,1,optimized,192,gf_sqr,7,144,0x2bf8b731
26,B-A,1,optimized,192,gf_sqr,8,144,0x2bf8b731
26,B-A,1,optimized,192,gf_sqr,9,144,0x2bf8b731
26,B-A,1,optimized,192,gf_sqr,10,144,0x2bf8b731
26,B-A,1,optimized,192,gf_sqr,11,144,0x2bf8b731
26,B-A,1,optimized,192,gf_sqr,12,144,0x2bf8b731
26,B-A,1,optimized,192,gf_sqr,13,144,0x2bf8b731
26,B-A,1,optimized,192,gf_sqr,14,144,0x2bf8b731
26,B-A,1,optimized,192,gf_sqr,15,144,0x2bf8b731
26,B-A,1,optimized,192,gf_sqr,16,144,0x2bf8b731
26,B-A,1,optimized,192,gf_sqr,17,144,0x2bf8b731
26,B-A,1,optimized,192,gf_sqr,18,144,0x2bf8b731
26,B-A,1,optimized,192,gf_sqr,19,144,0x2bf8b731
26,B-A,1,optimized,192,gf_sqr,20,144,0x2bf8b731
26,B-A,1,optimized,192,gf_sqr,21,144,0x2bf8b731
26,B-A,1,optimized,192,gf_sqr,22,144,0x2bf8b731
26,B-A,1,optimized,192,gf_sqr,23,144,0x2bf8b731
26,B-A,1,optimized,192,gf_sqr,24,144,0x2bf8b731
26,B-A,1,optimized,192,gf_sqr,25,144,0x2bf8b731
26,B-A,1,optimized,192,gf_sqr,26,144,0x2bf8b731
26,B-A,1,optimized,192,gf_sqr,27,144,0x2bf8b731
26,B-A,1,optimized,192,gf_sqr,28,144,0x2bf8b731
26,B-A,1,optimized,192,gf_sqr,29,144,0x2bf8b731
26,B-A,1,optimized,192,gf_sqr,30,144,0x2bf8b731
26,B-A,1,optimized,192,gf_sqr,31,144,0x2bf8b731
26,B-A,1,optimized,192,gf_sqr,32,144,0x2bf8b731
26,B-A,1,optimized,192,gf_sqr,33,144,0x2bf8b731
26,B-A,1,optimized,192,gf_sqr,34,144,0x2bf8b731
26,B-A,1,optimized,192,gf_sqr,35,144,0x2bf8b731
26,B-A,1,optimized,192,gf_sqr,36,144,0x2bf8b731
26,B-A,1,optimized,192,gf_sqr,37,144,0x2bf8b731
26,B-A,1,optimized,192,gf_sqr,38,144,0x2bf8b731
26,B-A,1,optimized,192,gf_sqr,39,144,0x2bf8b731
26,B-A,1,optimized,192,gf_sqr,40,144,0x2bf8b731
26,B-A,1,optimized,192,gf_sqr,41,144,0x2bf8b731
26,B-A,1,optimized,192,gf_sqr,42,144,0x2bf8b731
26,B-A,1,optimized,192,gf_sqr,43,144,0x2bf8b731
26,B-A,1,optimized,192,gf_sqr,44,144,0x2bf8b731
26,B-A,1,optimized,192,gf_sqr,45,144,0x2bf8b731
26,B-A,1,optimized,192,gf_sqr,46,144,0x2bf8b731
26,B-A,1,optimized,192,gf_sqr,47,144,0x2bf8b731
26,B-A,1,optimized,192,gf_sqr,48,144,0x2bf8b731
26,B-A,1,optimized,192,gf_sqr,49,144,0x2bf8b731
26,B-A,2,reference,192,gf_mul,0,3927,0x2bf8b731
26,B-A,2,reference,192,gf_mul,1,3927,0x2bf8b731
26,B-A,2,reference,192,gf_mul,2,3927,0x2bf8b731
26,B-A,2,reference,192,gf_mul,3,3926,0x2bf8b731
26,B-A,2,reference,192,gf_mul,4,3926,0x2bf8b731
26,B-A,2,reference,192,gf_mul,5,3926,0x2bf8b731
26,B-A,2,reference,192,gf_mul,6,3926,0x2bf8b731
26,B-A,2,reference,192,gf_mul,7,3926,0x2bf8b731
26,B-A,2,reference,192,gf_mul,8,3926,0x2bf8b731
26,B-A,2,reference,192,gf_mul,9,3926,0x2bf8b731
26,B-A,2,reference,192,gf_mul,10,3926,0x2bf8b731
26,B-A,2,reference,192,gf_mul,11,3926,0x2bf8b731
26,B-A,2,reference,192,gf_mul,12,3926,0x2bf8b731
26,B-A,2,reference,192,gf_mul,13,3926,0x2bf8b731
26,B-A,2,reference,192,gf_mul,14,3926,0x2bf8b731
26,B-A,2,reference,192,gf_mul,15,3926,0x2bf8b731
26,B-A,2,reference,192,gf_mul,16,3926,0x2bf8b731
26,B-A,2,reference,192,gf_mul,17,3926,0x2bf8b731
26,B-A,2,reference,192,gf_mul,18,3926,0x2bf8b731
26,B-A,2,reference,192,gf_mul,19,3926,0x2bf8b731
26,B-A,2,reference,192,gf_mul,20,3926,0x2bf8b731
26,B-A,2,reference,192,gf_mul,21,3926,0x2bf8b731
26,B-A,2,reference,192,gf_mul,22,3926,0x2bf8b731
26,B-A,2,reference,192,gf_mul,23,3926,0x2bf8b731
26,B-A,2,reference,192,gf_mul,24,3926,0x2bf8b731
26,B-A,2,reference,192,gf_mul,25,3926,0x2bf8b731
26,B-A,2,reference,192,gf_mul,26,3926,0x2bf8b731
26,B-A,2,reference,192,gf_mul,27,3926,0x2bf8b731
26,B-A,2,reference,192,gf_mul,28,3926,0x2bf8b731
26,B-A,2,reference,192,gf_mul,29,3926,0x2bf8b731
26,B-A,2,reference,192,gf_mul,30,3926,0x2bf8b731
26,B-A,2,reference,192,gf_mul,31,3926,0x2bf8b731
26,B-A,2,reference,192,gf_mul,32,3926,0x2bf8b731
26,B-A,2,reference,192,gf_mul,33,3926,0x2bf8b731
26,B-A,2,reference,192,gf_mul,34,3926,0x2bf8b731
26,B-A,2,reference,192,gf_mul,35,3926,0x2bf8b731
26,B-A,2,reference,192,gf_mul,36,3926,0x2bf8b731
26,B-A,2,reference,192,gf_mul,37,3926,0x2bf8b731
26,B-A,2,reference,192,gf_mul,38,3926,0x2bf8b731
26,B-A,2,reference,192,gf_mul,39,3926,0x2bf8b731
26,B-A,2,reference,192,gf_mul,40,3926,0x2bf8b731
26,B-A,2,reference,192,gf_mul,41,3926,0x2bf8b731
26,B-A,2,reference,192,gf_mul,42,3926,0x2bf8b731
26,B-A,2,reference,192,gf_mul,43,3926,0x2bf8b731
26,B-A,2,reference,192,gf_mul,44,3926,0x2bf8b731
26,B-A,2,reference,192,gf_mul,45,3926,0x2bf8b731
26,B-A,2,reference,192,gf_mul,46,3926,0x2bf8b731
26,B-A,2,reference,192,gf_mul,47,3926,0x2bf8b731
26,B-A,2,reference,192,gf_mul,48,3926,0x2bf8b731
26,B-A,2,reference,192,gf_mul,49,3926,0x2bf8b731
26,B-A,2,reference,192,gf_sqr,0,144,0x2bf8b731
26,B-A,2,reference,192,gf_sqr,1,144,0x2bf8b731
26,B-A,2,reference,192,gf_sqr,2,143,0x2bf8b731
26,B-A,2,reference,192,gf_sqr,3,144,0x2bf8b731
26,B-A,2,reference,192,gf_sqr,4,144,0x2bf8b731
26,B-A,2,reference,192,gf_sqr,5,144,0x2bf8b731
26,B-A,2,reference,192,gf_sqr,6,144,0x2bf8b731
26,B-A,2,reference,192,gf_sqr,7,144,0x2bf8b731
26,B-A,2,reference,192,gf_sqr,8,144,0x2bf8b731
26,B-A,2,reference,192,gf_sqr,9,144,0x2bf8b731
26,B-A,2,reference,192,gf_sqr,10,144,0x2bf8b731
26,B-A,2,reference,192,gf_sqr,11,144,0x2bf8b731
26,B-A,2,reference,192,gf_sqr,12,144,0x2bf8b731
26,B-A,2,reference,192,gf_sqr,13,144,0x2bf8b731
26,B-A,2,reference,192,gf_sqr,14,144,0x2bf8b731
26,B-A,2,reference,192,gf_sqr,15,144,0x2bf8b731
26,B-A,2,reference,192,gf_sqr,16,144,0x2bf8b731
26,B-A,2,reference,192,gf_sqr,17,144,0x2bf8b731
26,B-A,2,reference,192,gf_sqr,18,144,0x2bf8b731
26,B-A,2,reference,192,gf_sqr,19,144,0x2bf8b731
26,B-A,2,reference,192,gf_sqr,20,144,0x2bf8b731
26,B-A,2,reference,192,gf_sqr,21,144,0x2bf8b731
26,B-A,2,reference,192,gf_sqr,22,144,0x2bf8b731
26,B-A,2,reference,192,gf_sqr,23,144,0x2bf8b731
26,B-A,2,reference,192,gf_sqr,24,144,0x2bf8b731
26,B-A,2,reference,192,gf_sqr,25,144,0x2bf8b731
26,B-A,2,reference,192,gf_sqr,26,144,0x2bf8b731
26,B-A,2,reference,192,gf_sqr,27,144,0x2bf8b731
26,B-A,2,reference,192,gf_sqr,28,144,0x2bf8b731
26,B-A,2,reference,192,gf_sqr,29,144,0x2bf8b731
26,B-A,2,reference,192,gf_sqr,30,144,0x2bf8b731
26,B-A,2,reference,192,gf_sqr,31,144,0x2bf8b731
26,B-A,2,reference,192,gf_sqr,32,144,0x2bf8b731
26,B-A,2,reference,192,gf_sqr,33,144,0x2bf8b731
26,B-A,2,reference,192,gf_sqr,34,144,0x2bf8b731
26,B-A,2,reference,192,gf_sqr,35,144,0x2bf8b731
26,B-A,2,reference,192,gf_sqr,36,144,0x2bf8b731
26,B-A,2,reference,192,gf_sqr,37,144,0x2bf8b731
26,B-A,2,reference,192,gf_sqr,38,144,0x2bf8b731
26,B-A,2,reference,192,gf_sqr,39,144,0x2bf8b731
26,B-A,2,reference,192,gf_sqr,40,144,0x2bf8b731
26,B-A,2,reference,192,gf_sqr,41,144,0x2bf8b731
26,B-A,2,reference,192,gf_sqr,42,144,0x2bf8b731
26,B-A,2,reference,192,gf_sqr,43,144,0x2bf8b731
26,B-A,2,reference,192,gf_sqr,44,144,0x2bf8b731
26,B-A,2,reference,192,gf_sqr,45,144,0x2bf8b731
26,B-A,2,reference,192,gf_sqr,46,144,0x2bf8b731
26,B-A,2,reference,192,gf_sqr,47,144,0x2bf8b731
26,B-A,2,reference,192,gf_sqr,48,144,0x2bf8b731
26,B-A,2,reference,192,gf_sqr,49,144,0x2bf8b731
26,B-A,1,optimized,256,gf_mul,0,5942,0x283807e5
26,B-A,1,optimized,256,gf_mul,1,5940,0x283807e5
26,B-A,1,optimized,256,gf_mul,2,5941,0x283807e5
26,B-A,1,optimized,256,gf_mul,3,5940,0x283807e5
26,B-A,1,optimized,256,gf_mul,4,5940,0x283807e5
26,B-A,1,optimized,256,gf_mul,5,5940,0x283807e5
26,B-A,1,optimized,256,gf_mul,6,5940,0x283807e5
26,B-A,1,optimized,256,gf_mul,7,5940,0x283807e5
26,B-A,1,optimized,256,gf_mul,8,5940,0x283807e5
26,B-A,1,optimized,256,gf_mul,9,5940,0x283807e5
26,B-A,1,optimized,256,gf_mul,10,5940,0x283807e5
26,B-A,1,optimized,256,gf_mul,11,5940,0x283807e5
26,B-A,1,optimized,256,gf_mul,12,5940,0x283807e5
26,B-A,1,optimized,256,gf_mul,13,5940,0x283807e5
26,B-A,1,optimized,256,gf_mul,14,5940,0x283807e5
26,B-A,1,optimized,256,gf_mul,15,5940,0x283807e5
26,B-A,1,optimized,256,gf_mul,16,5940,0x283807e5
26,B-A,1,optimized,256,gf_mul,17,5940,0x283807e5
26,B-A,1,optimized,256,gf_mul,18,5940,0x283807e5
26,B-A,1,optimized,256,gf_mul,19,5940,0x283807e5
26,B-A,1,optimized,256,gf_mul,20,5940,0x283807e5
26,B-A,1,optimized,256,gf_mul,21,5940,0x283807e5
26,B-A,1,optimized,256,gf_mul,22,5940,0x283807e5
26,B-A,1,optimized,256,gf_mul,23,5940,0x283807e5
26,B-A,1,optimized,256,gf_mul,24,5940,0x283807e5
26,B-A,1,optimized,256,gf_mul,25,5940,0x283807e5
26,B-A,1,optimized,256,gf_mul,26,5940,0x283807e5
26,B-A,1,optimized,256,gf_mul,27,5940,0x283807e5
26,B-A,1,optimized,256,gf_mul,28,5940,0x283807e5
26,B-A,1,optimized,256,gf_mul,29,5940,0x283807e5
26,B-A,1,optimized,256,gf_mul,30,5940,0x283807e5
26,B-A,1,optimized,256,gf_mul,31,5940,0x283807e5
26,B-A,1,optimized,256,gf_mul,32,5940,0x283807e5
26,B-A,1,optimized,256,gf_mul,33,5940,0x283807e5
26,B-A,1,optimized,256,gf_mul,34,5940,0x283807e5
26,B-A,1,optimized,256,gf_mul,35,5940,0x283807e5
26,B-A,1,optimized,256,gf_mul,36,5940,0x283807e5
26,B-A,1,optimized,256,gf_mul,37,5940,0x283807e5
26,B-A,1,optimized,256,gf_mul,38,5940,0x283807e5
26,B-A,1,optimized,256,gf_mul,39,5940,0x283807e5
26,B-A,1,optimized,256,gf_mul,40,5940,0x283807e5
26,B-A,1,optimized,256,gf_mul,41,5940,0x283807e5
26,B-A,1,optimized,256,gf_mul,42,5940,0x283807e5
26,B-A,1,optimized,256,gf_mul,43,5940,0x283807e5
26,B-A,1,optimized,256,gf_mul,44,5940,0x283807e5
26,B-A,1,optimized,256,gf_mul,45,5940,0x283807e5
26,B-A,1,optimized,256,gf_mul,46,5940,0x283807e5
26,B-A,1,optimized,256,gf_mul,47,5940,0x283807e5
26,B-A,1,optimized,256,gf_mul,48,5940,0x283807e5
26,B-A,1,optimized,256,gf_mul,49,5940,0x283807e5
26,B-A,1,optimized,256,gf_sqr,0,202,0x283807e5
26,B-A,1,optimized,256,gf_sqr,1,200,0x283807e5
26,B-A,1,optimized,256,gf_sqr,2,201,0x283807e5
26,B-A,1,optimized,256,gf_sqr,3,200,0x283807e5
26,B-A,1,optimized,256,gf_sqr,4,200,0x283807e5
26,B-A,1,optimized,256,gf_sqr,5,200,0x283807e5
26,B-A,1,optimized,256,gf_sqr,6,200,0x283807e5
26,B-A,1,optimized,256,gf_sqr,7,200,0x283807e5
26,B-A,1,optimized,256,gf_sqr,8,200,0x283807e5
26,B-A,1,optimized,256,gf_sqr,9,200,0x283807e5
26,B-A,1,optimized,256,gf_sqr,10,200,0x283807e5
26,B-A,1,optimized,256,gf_sqr,11,200,0x283807e5
26,B-A,1,optimized,256,gf_sqr,12,200,0x283807e5
26,B-A,1,optimized,256,gf_sqr,13,200,0x283807e5
26,B-A,1,optimized,256,gf_sqr,14,200,0x283807e5
26,B-A,1,optimized,256,gf_sqr,15,200,0x283807e5
26,B-A,1,optimized,256,gf_sqr,16,200,0x283807e5
26,B-A,1,optimized,256,gf_sqr,17,200,0x283807e5
26,B-A,1,optimized,256,gf_sqr,18,200,0x283807e5
26,B-A,1,optimized,256,gf_sqr,19,200,0x283807e5
26,B-A,1,optimized,256,gf_sqr,20,200,0x283807e5
26,B-A,1,optimized,256,gf_sqr,21,200,0x283807e5
26,B-A,1,optimized,256,gf_sqr,22,200,0x283807e5
26,B-A,1,optimized,256,gf_sqr,23,200,0x283807e5
26,B-A,1,optimized,256,gf_sqr,24,200,0x283807e5
26,B-A,1,optimized,256,gf_sqr,25,200,0x283807e5
26,B-A,1,optimized,256,gf_sqr,26,200,0x283807e5
26,B-A,1,optimized,256,gf_sqr,27,200,0x283807e5
26,B-A,1,optimized,256,gf_sqr,28,200,0x283807e5
26,B-A,1,optimized,256,gf_sqr,29,200,0x283807e5
26,B-A,1,optimized,256,gf_sqr,30,200,0x283807e5
26,B-A,1,optimized,256,gf_sqr,31,200,0x283807e5
26,B-A,1,optimized,256,gf_sqr,32,200,0x283807e5
26,B-A,1,optimized,256,gf_sqr,33,200,0x283807e5
26,B-A,1,optimized,256,gf_sqr,34,200,0x283807e5
26,B-A,1,optimized,256,gf_sqr,35,200,0x283807e5
26,B-A,1,optimized,256,gf_sqr,36,200,0x283807e5
26,B-A,1,optimized,256,gf_sqr,37,200,0x283807e5
26,B-A,1,optimized,256,gf_sqr,38,200,0x283807e5
26,B-A,1,optimized,256,gf_sqr,39,200,0x283807e5
26,B-A,1,optimized,256,gf_sqr,40,200,0x283807e5
26,B-A,1,optimized,256,gf_sqr,41,200,0x283807e5
26,B-A,1,optimized,256,gf_sqr,42,200,0x283807e5
26,B-A,1,optimized,256,gf_sqr,43,200,0x283807e5
26,B-A,1,optimized,256,gf_sqr,44,200,0x283807e5
26,B-A,1,optimized,256,gf_sqr,45,200,0x283807e5
26,B-A,1,optimized,256,gf_sqr,46,200,0x283807e5
26,B-A,1,optimized,256,gf_sqr,47,200,0x283807e5
26,B-A,1,optimized,256,gf_sqr,48,200,0x283807e5
26,B-A,1,optimized,256,gf_sqr,49,200,0x283807e5
26,B-A,2,reference,256,gf_mul,0,5933,0x283807e5
26,B-A,2,reference,256,gf_mul,1,5932,0x283807e5
26,B-A,2,reference,256,gf_mul,2,5932,0x283807e5
26,B-A,2,reference,256,gf_mul,3,5931,0x283807e5
26,B-A,2,reference,256,gf_mul,4,5931,0x283807e5
26,B-A,2,reference,256,gf_mul,5,5931,0x283807e5
26,B-A,2,reference,256,gf_mul,6,5931,0x283807e5
26,B-A,2,reference,256,gf_mul,7,5931,0x283807e5
26,B-A,2,reference,256,gf_mul,8,5931,0x283807e5
26,B-A,2,reference,256,gf_mul,9,5931,0x283807e5
26,B-A,2,reference,256,gf_mul,10,5931,0x283807e5
26,B-A,2,reference,256,gf_mul,11,5931,0x283807e5
26,B-A,2,reference,256,gf_mul,12,5931,0x283807e5
26,B-A,2,reference,256,gf_mul,13,5931,0x283807e5
26,B-A,2,reference,256,gf_mul,14,5931,0x283807e5
26,B-A,2,reference,256,gf_mul,15,5931,0x283807e5
26,B-A,2,reference,256,gf_mul,16,5931,0x283807e5
26,B-A,2,reference,256,gf_mul,17,5931,0x283807e5
26,B-A,2,reference,256,gf_mul,18,5931,0x283807e5
26,B-A,2,reference,256,gf_mul,19,5931,0x283807e5
26,B-A,2,reference,256,gf_mul,20,5931,0x283807e5
26,B-A,2,reference,256,gf_mul,21,5931,0x283807e5
26,B-A,2,reference,256,gf_mul,22,5931,0x283807e5
26,B-A,2,reference,256,gf_mul,23,5931,0x283807e5
26,B-A,2,reference,256,gf_mul,24,5931,0x283807e5
26,B-A,2,reference,256,gf_mul,25,5931,0x283807e5
26,B-A,2,reference,256,gf_mul,26,5931,0x283807e5
26,B-A,2,reference,256,gf_mul,27,5931,0x283807e5
26,B-A,2,reference,256,gf_mul,28,5931,0x283807e5
26,B-A,2,reference,256,gf_mul,29,5931,0x283807e5
26,B-A,2,reference,256,gf_mul,30,5931,0x283807e5
26,B-A,2,reference,256,gf_mul,31,5931,0x283807e5
26,B-A,2,reference,256,gf_mul,32,5931,0x283807e5
26,B-A,2,reference,256,gf_mul,33,5931,0x283807e5
26,B-A,2,reference,256,gf_mul,34,5931,0x283807e5
26,B-A,2,reference,256,gf_mul,35,5931,0x283807e5
26,B-A,2,reference,256,gf_mul,36,5931,0x283807e5
26,B-A,2,reference,256,gf_mul,37,5931,0x283807e5
26,B-A,2,reference,256,gf_mul,38,5931,0x283807e5
26,B-A,2,reference,256,gf_mul,39,5931,0x283807e5
26,B-A,2,reference,256,gf_mul,40,5931,0x283807e5
26,B-A,2,reference,256,gf_mul,41,5931,0x283807e5
26,B-A,2,reference,256,gf_mul,42,5931,0x283807e5
26,B-A,2,reference,256,gf_mul,43,5931,0x283807e5
26,B-A,2,reference,256,gf_mul,44,5931,0x283807e5
26,B-A,2,reference,256,gf_mul,45,5931,0x283807e5
26,B-A,2,reference,256,gf_mul,46,5931,0x283807e5
26,B-A,2,reference,256,gf_mul,47,5931,0x283807e5
26,B-A,2,reference,256,gf_mul,48,5931,0x283807e5
26,B-A,2,reference,256,gf_mul,49,5931,0x283807e5
26,B-A,2,reference,256,gf_sqr,0,203,0x283807e5
26,B-A,2,reference,256,gf_sqr,1,202,0x283807e5
26,B-A,2,reference,256,gf_sqr,2,203,0x283807e5
26,B-A,2,reference,256,gf_sqr,3,202,0x283807e5
26,B-A,2,reference,256,gf_sqr,4,202,0x283807e5
26,B-A,2,reference,256,gf_sqr,5,202,0x283807e5
26,B-A,2,reference,256,gf_sqr,6,202,0x283807e5
26,B-A,2,reference,256,gf_sqr,7,202,0x283807e5
26,B-A,2,reference,256,gf_sqr,8,202,0x283807e5
26,B-A,2,reference,256,gf_sqr,9,202,0x283807e5
26,B-A,2,reference,256,gf_sqr,10,202,0x283807e5
26,B-A,2,reference,256,gf_sqr,11,202,0x283807e5
26,B-A,2,reference,256,gf_sqr,12,202,0x283807e5
26,B-A,2,reference,256,gf_sqr,13,202,0x283807e5
26,B-A,2,reference,256,gf_sqr,14,202,0x283807e5
26,B-A,2,reference,256,gf_sqr,15,202,0x283807e5
26,B-A,2,reference,256,gf_sqr,16,202,0x283807e5
26,B-A,2,reference,256,gf_sqr,17,202,0x283807e5
26,B-A,2,reference,256,gf_sqr,18,202,0x283807e5
26,B-A,2,reference,256,gf_sqr,19,202,0x283807e5
26,B-A,2,reference,256,gf_sqr,20,202,0x283807e5
26,B-A,2,reference,256,gf_sqr,21,202,0x283807e5
26,B-A,2,reference,256,gf_sqr,22,202,0x283807e5
26,B-A,2,reference,256,gf_sqr,23,202,0x283807e5
26,B-A,2,reference,256,gf_sqr,24,202,0x283807e5
26,B-A,2,reference,256,gf_sqr,25,202,0x283807e5
26,B-A,2,reference,256,gf_sqr,26,202,0x283807e5
26,B-A,2,reference,256,gf_sqr,27,202,0x283807e5
26,B-A,2,reference,256,gf_sqr,28,202,0x283807e5
26,B-A,2,reference,256,gf_sqr,29,202,0x283807e5
26,B-A,2,reference,256,gf_sqr,30,202,0x283807e5
26,B-A,2,reference,256,gf_sqr,31,202,0x283807e5
26,B-A,2,reference,256,gf_sqr,32,202,0x283807e5
26,B-A,2,reference,256,gf_sqr,33,202,0x283807e5
26,B-A,2,reference,256,gf_sqr,34,202,0x283807e5
26,B-A,2,reference,256,gf_sqr,35,202,0x283807e5
26,B-A,2,reference,256,gf_sqr,36,202,0x283807e5
26,B-A,2,reference,256,gf_sqr,37,202,0x283807e5
26,B-A,2,reference,256,gf_sqr,38,202,0x283807e5
26,B-A,2,reference,256,gf_sqr,39,202,0x283807e5
26,B-A,2,reference,256,gf_sqr,40,202,0x283807e5
26,B-A,2,reference,256,gf_sqr,41,202,0x283807e5
26,B-A,2,reference,256,gf_sqr,42,202,0x283807e5
26,B-A,2,reference,256,gf_sqr,43,202,0x283807e5
26,B-A,2,reference,256,gf_sqr,44,202,0x283807e5
26,B-A,2,reference,256,gf_sqr,45,202,0x283807e5
26,B-A,2,reference,256,gf_sqr,46,202,0x283807e5
26,B-A,2,reference,256,gf_sqr,47,202,0x283807e5
26,B-A,2,reference,256,gf_sqr,48,202,0x283807e5
26,B-A,2,reference,256,gf_sqr,49,202,0x283807e5
27,A-B,1,reference,128,gf_mul,0,1969,0x54cada71
27,A-B,1,reference,128,gf_mul,1,1965,0x54cada71
27,A-B,1,reference,128,gf_mul,2,1965,0x54cada71
27,A-B,1,reference,128,gf_mul,3,1964,0x54cada71
27,A-B,1,reference,128,gf_mul,4,1964,0x54cada71
27,A-B,1,reference,128,gf_mul,5,1964,0x54cada71
27,A-B,1,reference,128,gf_mul,6,1964,0x54cada71
27,A-B,1,reference,128,gf_mul,7,1964,0x54cada71
27,A-B,1,reference,128,gf_mul,8,1964,0x54cada71
27,A-B,1,reference,128,gf_mul,9,1964,0x54cada71
27,A-B,1,reference,128,gf_mul,10,1964,0x54cada71
27,A-B,1,reference,128,gf_mul,11,1964,0x54cada71
27,A-B,1,reference,128,gf_mul,12,1964,0x54cada71
27,A-B,1,reference,128,gf_mul,13,1964,0x54cada71
27,A-B,1,reference,128,gf_mul,14,1964,0x54cada71
27,A-B,1,reference,128,gf_mul,15,1964,0x54cada71
27,A-B,1,reference,128,gf_mul,16,1964,0x54cada71
27,A-B,1,reference,128,gf_mul,17,1964,0x54cada71
27,A-B,1,reference,128,gf_mul,18,1964,0x54cada71
27,A-B,1,reference,128,gf_mul,19,1964,0x54cada71
27,A-B,1,reference,128,gf_mul,20,1964,0x54cada71
27,A-B,1,reference,128,gf_mul,21,1964,0x54cada71
27,A-B,1,reference,128,gf_mul,22,1964,0x54cada71
27,A-B,1,reference,128,gf_mul,23,1964,0x54cada71
27,A-B,1,reference,128,gf_mul,24,1964,0x54cada71
27,A-B,1,reference,128,gf_mul,25,1964,0x54cada71
27,A-B,1,reference,128,gf_mul,26,1964,0x54cada71
27,A-B,1,reference,128,gf_mul,27,1964,0x54cada71
27,A-B,1,reference,128,gf_mul,28,1964,0x54cada71
27,A-B,1,reference,128,gf_mul,29,1964,0x54cada71
27,A-B,1,reference,128,gf_mul,30,1964,0x54cada71
27,A-B,1,reference,128,gf_mul,31,1964,0x54cada71
27,A-B,1,reference,128,gf_mul,32,1964,0x54cada71
27,A-B,1,reference,128,gf_mul,33,1964,0x54cada71
27,A-B,1,reference,128,gf_mul,34,1964,0x54cada71
27,A-B,1,reference,128,gf_mul,35,1964,0x54cada71
27,A-B,1,reference,128,gf_mul,36,1964,0x54cada71
27,A-B,1,reference,128,gf_mul,37,1964,0x54cada71
27,A-B,1,reference,128,gf_mul,38,1964,0x54cada71
27,A-B,1,reference,128,gf_mul,39,1964,0x54cada71
27,A-B,1,reference,128,gf_mul,40,1964,0x54cada71
27,A-B,1,reference,128,gf_mul,41,1964,0x54cada71
27,A-B,1,reference,128,gf_mul,42,1964,0x54cada71
27,A-B,1,reference,128,gf_mul,43,1964,0x54cada71
27,A-B,1,reference,128,gf_mul,44,1964,0x54cada71
27,A-B,1,reference,128,gf_mul,45,1964,0x54cada71
27,A-B,1,reference,128,gf_mul,46,1964,0x54cada71
27,A-B,1,reference,128,gf_mul,47,1964,0x54cada71
27,A-B,1,reference,128,gf_mul,48,1964,0x54cada71
27,A-B,1,reference,128,gf_mul,49,1964,0x54cada71
27,A-B,1,reference,128,gf_sqr,0,107,0x54cada71
27,A-B,1,reference,128,gf_sqr,1,103,0x54cada71
27,A-B,1,reference,128,gf_sqr,2,103,0x54cada71
27,A-B,1,reference,128,gf_sqr,3,102,0x54cada71
27,A-B,1,reference,128,gf_sqr,4,102,0x54cada71
27,A-B,1,reference,128,gf_sqr,5,102,0x54cada71
27,A-B,1,reference,128,gf_sqr,6,102,0x54cada71
27,A-B,1,reference,128,gf_sqr,7,102,0x54cada71
27,A-B,1,reference,128,gf_sqr,8,102,0x54cada71
27,A-B,1,reference,128,gf_sqr,9,102,0x54cada71
27,A-B,1,reference,128,gf_sqr,10,102,0x54cada71
27,A-B,1,reference,128,gf_sqr,11,102,0x54cada71
27,A-B,1,reference,128,gf_sqr,12,102,0x54cada71
27,A-B,1,reference,128,gf_sqr,13,102,0x54cada71
27,A-B,1,reference,128,gf_sqr,14,102,0x54cada71
27,A-B,1,reference,128,gf_sqr,15,102,0x54cada71
27,A-B,1,reference,128,gf_sqr,16,102,0x54cada71
27,A-B,1,reference,128,gf_sqr,17,102,0x54cada71
27,A-B,1,reference,128,gf_sqr,18,102,0x54cada71
27,A-B,1,reference,128,gf_sqr,19,102,0x54cada71
27,A-B,1,reference,128,gf_sqr,20,102,0x54cada71
27,A-B,1,reference,128,gf_sqr,21,102,0x54cada71
27,A-B,1,reference,128,gf_sqr,22,102,0x54cada71
27,A-B,1,reference,128,gf_sqr,23,102,0x54cada71
27,A-B,1,reference,128,gf_sqr,24,102,0x54cada71
27,A-B,1,reference,128,gf_sqr,25,102,0x54cada71
27,A-B,1,reference,128,gf_sqr,26,102,0x54cada71
27,A-B,1,reference,128,gf_sqr,27,102,0x54cada71
27,A-B,1,reference,128,gf_sqr,28,102,0x54cada71
27,A-B,1,reference,128,gf_sqr,29,102,0x54cada71
27,A-B,1,reference,128,gf_sqr,30,102,0x54cada71
27,A-B,1,reference,128,gf_sqr,31,102,0x54cada71
27,A-B,1,reference,128,gf_sqr,32,102,0x54cada71
27,A-B,1,reference,128,gf_sqr,33,102,0x54cada71
27,A-B,1,reference,128,gf_sqr,34,102,0x54cada71
27,A-B,1,reference,128,gf_sqr,35,102,0x54cada71
27,A-B,1,reference,128,gf_sqr,36,102,0x54cada71
27,A-B,1,reference,128,gf_sqr,37,102,0x54cada71
27,A-B,1,reference,128,gf_sqr,38,102,0x54cada71
27,A-B,1,reference,128,gf_sqr,39,102,0x54cada71
27,A-B,1,reference,128,gf_sqr,40,102,0x54cada71
27,A-B,1,reference,128,gf_sqr,41,102,0x54cada71
27,A-B,1,reference,128,gf_sqr,42,102,0x54cada71
27,A-B,1,reference,128,gf_sqr,43,102,0x54cada71
27,A-B,1,reference,128,gf_sqr,44,102,0x54cada71
27,A-B,1,reference,128,gf_sqr,45,102,0x54cada71
27,A-B,1,reference,128,gf_sqr,46,102,0x54cada71
27,A-B,1,reference,128,gf_sqr,47,102,0x54cada71
27,A-B,1,reference,128,gf_sqr,48,102,0x54cada71
27,A-B,1,reference,128,gf_sqr,49,102,0x54cada71
27,A-B,2,optimized,128,gf_mul,0,1969,0x54cada71
27,A-B,2,optimized,128,gf_mul,1,1968,0x54cada71
27,A-B,2,optimized,128,gf_mul,2,1968,0x54cada71
27,A-B,2,optimized,128,gf_mul,3,1967,0x54cada71
27,A-B,2,optimized,128,gf_mul,4,1967,0x54cada71
27,A-B,2,optimized,128,gf_mul,5,1967,0x54cada71
27,A-B,2,optimized,128,gf_mul,6,1967,0x54cada71
27,A-B,2,optimized,128,gf_mul,7,1967,0x54cada71
27,A-B,2,optimized,128,gf_mul,8,1967,0x54cada71
27,A-B,2,optimized,128,gf_mul,9,1967,0x54cada71
27,A-B,2,optimized,128,gf_mul,10,1967,0x54cada71
27,A-B,2,optimized,128,gf_mul,11,1967,0x54cada71
27,A-B,2,optimized,128,gf_mul,12,1967,0x54cada71
27,A-B,2,optimized,128,gf_mul,13,1967,0x54cada71
27,A-B,2,optimized,128,gf_mul,14,1967,0x54cada71
27,A-B,2,optimized,128,gf_mul,15,1967,0x54cada71
27,A-B,2,optimized,128,gf_mul,16,1967,0x54cada71
27,A-B,2,optimized,128,gf_mul,17,1967,0x54cada71
27,A-B,2,optimized,128,gf_mul,18,1967,0x54cada71
27,A-B,2,optimized,128,gf_mul,19,1967,0x54cada71
27,A-B,2,optimized,128,gf_mul,20,1967,0x54cada71
27,A-B,2,optimized,128,gf_mul,21,1967,0x54cada71
27,A-B,2,optimized,128,gf_mul,22,1967,0x54cada71
27,A-B,2,optimized,128,gf_mul,23,1967,0x54cada71
27,A-B,2,optimized,128,gf_mul,24,1967,0x54cada71
27,A-B,2,optimized,128,gf_mul,25,1967,0x54cada71
27,A-B,2,optimized,128,gf_mul,26,1967,0x54cada71
27,A-B,2,optimized,128,gf_mul,27,1967,0x54cada71
27,A-B,2,optimized,128,gf_mul,28,1967,0x54cada71
27,A-B,2,optimized,128,gf_mul,29,1967,0x54cada71
27,A-B,2,optimized,128,gf_mul,30,1967,0x54cada71
27,A-B,2,optimized,128,gf_mul,31,1967,0x54cada71
27,A-B,2,optimized,128,gf_mul,32,1967,0x54cada71
27,A-B,2,optimized,128,gf_mul,33,1967,0x54cada71
27,A-B,2,optimized,128,gf_mul,34,1967,0x54cada71
27,A-B,2,optimized,128,gf_mul,35,1967,0x54cada71
27,A-B,2,optimized,128,gf_mul,36,1967,0x54cada71
27,A-B,2,optimized,128,gf_mul,37,1967,0x54cada71
27,A-B,2,optimized,128,gf_mul,38,1967,0x54cada71
27,A-B,2,optimized,128,gf_mul,39,1967,0x54cada71
27,A-B,2,optimized,128,gf_mul,40,1967,0x54cada71
27,A-B,2,optimized,128,gf_mul,41,1967,0x54cada71
27,A-B,2,optimized,128,gf_mul,42,1967,0x54cada71
27,A-B,2,optimized,128,gf_mul,43,1967,0x54cada71
27,A-B,2,optimized,128,gf_mul,44,1967,0x54cada71
27,A-B,2,optimized,128,gf_mul,45,1967,0x54cada71
27,A-B,2,optimized,128,gf_mul,46,1967,0x54cada71
27,A-B,2,optimized,128,gf_mul,47,1967,0x54cada71
27,A-B,2,optimized,128,gf_mul,48,1967,0x54cada71
27,A-B,2,optimized,128,gf_mul,49,1967,0x54cada71
27,A-B,2,optimized,128,gf_sqr,0,107,0x54cada71
27,A-B,2,optimized,128,gf_sqr,1,107,0x54cada71
27,A-B,2,optimized,128,gf_sqr,2,107,0x54cada71
27,A-B,2,optimized,128,gf_sqr,3,106,0x54cada71
27,A-B,2,optimized,128,gf_sqr,4,106,0x54cada71
27,A-B,2,optimized,128,gf_sqr,5,106,0x54cada71
27,A-B,2,optimized,128,gf_sqr,6,106,0x54cada71
27,A-B,2,optimized,128,gf_sqr,7,106,0x54cada71
27,A-B,2,optimized,128,gf_sqr,8,106,0x54cada71
27,A-B,2,optimized,128,gf_sqr,9,106,0x54cada71
27,A-B,2,optimized,128,gf_sqr,10,106,0x54cada71
27,A-B,2,optimized,128,gf_sqr,11,106,0x54cada71
27,A-B,2,optimized,128,gf_sqr,12,106,0x54cada71
27,A-B,2,optimized,128,gf_sqr,13,106,0x54cada71
27,A-B,2,optimized,128,gf_sqr,14,106,0x54cada71
27,A-B,2,optimized,128,gf_sqr,15,106,0x54cada71
27,A-B,2,optimized,128,gf_sqr,16,106,0x54cada71
27,A-B,2,optimized,128,gf_sqr,17,106,0x54cada71
27,A-B,2,optimized,128,gf_sqr,18,106,0x54cada71
27,A-B,2,optimized,128,gf_sqr,19,106,0x54cada71
27,A-B,2,optimized,128,gf_sqr,20,106,0x54cada71
27,A-B,2,optimized,128,gf_sqr,21,106,0x54cada71
27,A-B,2,optimized,128,gf_sqr,22,106,0x54cada71
27,A-B,2,optimized,128,gf_sqr,23,106,0x54cada71
27,A-B,2,optimized,128,gf_sqr,24,106,0x54cada71
27,A-B,2,optimized,128,gf_sqr,25,106,0x54cada71
27,A-B,2,optimized,128,gf_sqr,26,106,0x54cada71
27,A-B,2,optimized,128,gf_sqr,27,106,0x54cada71
27,A-B,2,optimized,128,gf_sqr,28,106,0x54cada71
27,A-B,2,optimized,128,gf_sqr,29,106,0x54cada71
27,A-B,2,optimized,128,gf_sqr,30,106,0x54cada71
27,A-B,2,optimized,128,gf_sqr,31,106,0x54cada71
27,A-B,2,optimized,128,gf_sqr,32,106,0x54cada71
27,A-B,2,optimized,128,gf_sqr,33,106,0x54cada71
27,A-B,2,optimized,128,gf_sqr,34,106,0x54cada71
27,A-B,2,optimized,128,gf_sqr,35,106,0x54cada71
27,A-B,2,optimized,128,gf_sqr,36,106,0x54cada71
27,A-B,2,optimized,128,gf_sqr,37,106,0x54cada71
27,A-B,2,optimized,128,gf_sqr,38,106,0x54cada71
27,A-B,2,optimized,128,gf_sqr,39,106,0x54cada71
27,A-B,2,optimized,128,gf_sqr,40,106,0x54cada71
27,A-B,2,optimized,128,gf_sqr,41,106,0x54cada71
27,A-B,2,optimized,128,gf_sqr,42,106,0x54cada71
27,A-B,2,optimized,128,gf_sqr,43,106,0x54cada71
27,A-B,2,optimized,128,gf_sqr,44,106,0x54cada71
27,A-B,2,optimized,128,gf_sqr,45,106,0x54cada71
27,A-B,2,optimized,128,gf_sqr,46,106,0x54cada71
27,A-B,2,optimized,128,gf_sqr,47,106,0x54cada71
27,A-B,2,optimized,128,gf_sqr,48,106,0x54cada71
27,A-B,2,optimized,128,gf_sqr,49,106,0x54cada71
27,A-B,1,reference,192,gf_mul,0,3927,0x2bf8b731
27,A-B,1,reference,192,gf_mul,1,3927,0x2bf8b731
27,A-B,1,reference,192,gf_mul,2,3927,0x2bf8b731
27,A-B,1,reference,192,gf_mul,3,3926,0x2bf8b731
27,A-B,1,reference,192,gf_mul,4,3926,0x2bf8b731
27,A-B,1,reference,192,gf_mul,5,3926,0x2bf8b731
27,A-B,1,reference,192,gf_mul,6,3926,0x2bf8b731
27,A-B,1,reference,192,gf_mul,7,3926,0x2bf8b731
27,A-B,1,reference,192,gf_mul,8,3926,0x2bf8b731
27,A-B,1,reference,192,gf_mul,9,3926,0x2bf8b731
27,A-B,1,reference,192,gf_mul,10,3926,0x2bf8b731
27,A-B,1,reference,192,gf_mul,11,3926,0x2bf8b731
27,A-B,1,reference,192,gf_mul,12,3926,0x2bf8b731
27,A-B,1,reference,192,gf_mul,13,3926,0x2bf8b731
27,A-B,1,reference,192,gf_mul,14,3926,0x2bf8b731
27,A-B,1,reference,192,gf_mul,15,3926,0x2bf8b731
27,A-B,1,reference,192,gf_mul,16,3926,0x2bf8b731
27,A-B,1,reference,192,gf_mul,17,3926,0x2bf8b731
27,A-B,1,reference,192,gf_mul,18,3926,0x2bf8b731
27,A-B,1,reference,192,gf_mul,19,3926,0x2bf8b731
27,A-B,1,reference,192,gf_mul,20,3926,0x2bf8b731
27,A-B,1,reference,192,gf_mul,21,3926,0x2bf8b731
27,A-B,1,reference,192,gf_mul,22,3926,0x2bf8b731
27,A-B,1,reference,192,gf_mul,23,3926,0x2bf8b731
27,A-B,1,reference,192,gf_mul,24,3926,0x2bf8b731
27,A-B,1,reference,192,gf_mul,25,3926,0x2bf8b731
27,A-B,1,reference,192,gf_mul,26,3926,0x2bf8b731
27,A-B,1,reference,192,gf_mul,27,3926,0x2bf8b731
27,A-B,1,reference,192,gf_mul,28,3926,0x2bf8b731
27,A-B,1,reference,192,gf_mul,29,3926,0x2bf8b731
27,A-B,1,reference,192,gf_mul,30,3926,0x2bf8b731
27,A-B,1,reference,192,gf_mul,31,3926,0x2bf8b731
27,A-B,1,reference,192,gf_mul,32,3926,0x2bf8b731
27,A-B,1,reference,192,gf_mul,33,3926,0x2bf8b731
27,A-B,1,reference,192,gf_mul,34,3926,0x2bf8b731
27,A-B,1,reference,192,gf_mul,35,3926,0x2bf8b731
27,A-B,1,reference,192,gf_mul,36,3926,0x2bf8b731
27,A-B,1,reference,192,gf_mul,37,3926,0x2bf8b731
27,A-B,1,reference,192,gf_mul,38,3926,0x2bf8b731
27,A-B,1,reference,192,gf_mul,39,3926,0x2bf8b731
27,A-B,1,reference,192,gf_mul,40,3926,0x2bf8b731
27,A-B,1,reference,192,gf_mul,41,3926,0x2bf8b731
27,A-B,1,reference,192,gf_mul,42,3926,0x2bf8b731
27,A-B,1,reference,192,gf_mul,43,3926,0x2bf8b731
27,A-B,1,reference,192,gf_mul,44,3926,0x2bf8b731
27,A-B,1,reference,192,gf_mul,45,3926,0x2bf8b731
27,A-B,1,reference,192,gf_mul,46,3926,0x2bf8b731
27,A-B,1,reference,192,gf_mul,47,3926,0x2bf8b731
27,A-B,1,reference,192,gf_mul,48,3926,0x2bf8b731
27,A-B,1,reference,192,gf_mul,49,3926,0x2bf8b731
27,A-B,1,reference,192,gf_sqr,0,144,0x2bf8b731
27,A-B,1,reference,192,gf_sqr,1,144,0x2bf8b731
27,A-B,1,reference,192,gf_sqr,2,143,0x2bf8b731
27,A-B,1,reference,192,gf_sqr,3,144,0x2bf8b731
27,A-B,1,reference,192,gf_sqr,4,144,0x2bf8b731
27,A-B,1,reference,192,gf_sqr,5,144,0x2bf8b731
27,A-B,1,reference,192,gf_sqr,6,144,0x2bf8b731
27,A-B,1,reference,192,gf_sqr,7,144,0x2bf8b731
27,A-B,1,reference,192,gf_sqr,8,144,0x2bf8b731
27,A-B,1,reference,192,gf_sqr,9,144,0x2bf8b731
27,A-B,1,reference,192,gf_sqr,10,144,0x2bf8b731
27,A-B,1,reference,192,gf_sqr,11,144,0x2bf8b731
27,A-B,1,reference,192,gf_sqr,12,144,0x2bf8b731
27,A-B,1,reference,192,gf_sqr,13,144,0x2bf8b731
27,A-B,1,reference,192,gf_sqr,14,144,0x2bf8b731
27,A-B,1,reference,192,gf_sqr,15,144,0x2bf8b731
27,A-B,1,reference,192,gf_sqr,16,144,0x2bf8b731
27,A-B,1,reference,192,gf_sqr,17,144,0x2bf8b731
27,A-B,1,reference,192,gf_sqr,18,144,0x2bf8b731
27,A-B,1,reference,192,gf_sqr,19,144,0x2bf8b731
27,A-B,1,reference,192,gf_sqr,20,144,0x2bf8b731
27,A-B,1,reference,192,gf_sqr,21,144,0x2bf8b731
27,A-B,1,reference,192,gf_sqr,22,144,0x2bf8b731
27,A-B,1,reference,192,gf_sqr,23,144,0x2bf8b731
27,A-B,1,reference,192,gf_sqr,24,144,0x2bf8b731
27,A-B,1,reference,192,gf_sqr,25,144,0x2bf8b731
27,A-B,1,reference,192,gf_sqr,26,144,0x2bf8b731
27,A-B,1,reference,192,gf_sqr,27,144,0x2bf8b731
27,A-B,1,reference,192,gf_sqr,28,144,0x2bf8b731
27,A-B,1,reference,192,gf_sqr,29,144,0x2bf8b731
27,A-B,1,reference,192,gf_sqr,30,144,0x2bf8b731
27,A-B,1,reference,192,gf_sqr,31,144,0x2bf8b731
27,A-B,1,reference,192,gf_sqr,32,144,0x2bf8b731
27,A-B,1,reference,192,gf_sqr,33,144,0x2bf8b731
27,A-B,1,reference,192,gf_sqr,34,144,0x2bf8b731
27,A-B,1,reference,192,gf_sqr,35,144,0x2bf8b731
27,A-B,1,reference,192,gf_sqr,36,144,0x2bf8b731
27,A-B,1,reference,192,gf_sqr,37,144,0x2bf8b731
27,A-B,1,reference,192,gf_sqr,38,144,0x2bf8b731
27,A-B,1,reference,192,gf_sqr,39,144,0x2bf8b731
27,A-B,1,reference,192,gf_sqr,40,144,0x2bf8b731
27,A-B,1,reference,192,gf_sqr,41,144,0x2bf8b731
27,A-B,1,reference,192,gf_sqr,42,144,0x2bf8b731
27,A-B,1,reference,192,gf_sqr,43,144,0x2bf8b731
27,A-B,1,reference,192,gf_sqr,44,144,0x2bf8b731
27,A-B,1,reference,192,gf_sqr,45,144,0x2bf8b731
27,A-B,1,reference,192,gf_sqr,46,144,0x2bf8b731
27,A-B,1,reference,192,gf_sqr,47,144,0x2bf8b731
27,A-B,1,reference,192,gf_sqr,48,144,0x2bf8b731
27,A-B,1,reference,192,gf_sqr,49,144,0x2bf8b731
27,A-B,2,optimized,192,gf_mul,0,3927,0x2bf8b731
27,A-B,2,optimized,192,gf_mul,1,3927,0x2bf8b731
27,A-B,2,optimized,192,gf_mul,2,3927,0x2bf8b731
27,A-B,2,optimized,192,gf_mul,3,3926,0x2bf8b731
27,A-B,2,optimized,192,gf_mul,4,3926,0x2bf8b731
27,A-B,2,optimized,192,gf_mul,5,3926,0x2bf8b731
27,A-B,2,optimized,192,gf_mul,6,3926,0x2bf8b731
27,A-B,2,optimized,192,gf_mul,7,3926,0x2bf8b731
27,A-B,2,optimized,192,gf_mul,8,3926,0x2bf8b731
27,A-B,2,optimized,192,gf_mul,9,3926,0x2bf8b731
27,A-B,2,optimized,192,gf_mul,10,3926,0x2bf8b731
27,A-B,2,optimized,192,gf_mul,11,3926,0x2bf8b731
27,A-B,2,optimized,192,gf_mul,12,3926,0x2bf8b731
27,A-B,2,optimized,192,gf_mul,13,3926,0x2bf8b731
27,A-B,2,optimized,192,gf_mul,14,3926,0x2bf8b731
27,A-B,2,optimized,192,gf_mul,15,3926,0x2bf8b731
27,A-B,2,optimized,192,gf_mul,16,3926,0x2bf8b731
27,A-B,2,optimized,192,gf_mul,17,3926,0x2bf8b731
27,A-B,2,optimized,192,gf_mul,18,3926,0x2bf8b731
27,A-B,2,optimized,192,gf_mul,19,3926,0x2bf8b731
27,A-B,2,optimized,192,gf_mul,20,3926,0x2bf8b731
27,A-B,2,optimized,192,gf_mul,21,3926,0x2bf8b731
27,A-B,2,optimized,192,gf_mul,22,3926,0x2bf8b731
27,A-B,2,optimized,192,gf_mul,23,3926,0x2bf8b731
27,A-B,2,optimized,192,gf_mul,24,3926,0x2bf8b731
27,A-B,2,optimized,192,gf_mul,25,3926,0x2bf8b731
27,A-B,2,optimized,192,gf_mul,26,3926,0x2bf8b731
27,A-B,2,optimized,192,gf_mul,27,3926,0x2bf8b731
27,A-B,2,optimized,192,gf_mul,28,3926,0x2bf8b731
27,A-B,2,optimized,192,gf_mul,29,3926,0x2bf8b731
27,A-B,2,optimized,192,gf_mul,30,3926,0x2bf8b731
27,A-B,2,optimized,192,gf_mul,31,3926,0x2bf8b731
27,A-B,2,optimized,192,gf_mul,32,3926,0x2bf8b731
27,A-B,2,optimized,192,gf_mul,33,3926,0x2bf8b731
27,A-B,2,optimized,192,gf_mul,34,3926,0x2bf8b731
27,A-B,2,optimized,192,gf_mul,35,3926,0x2bf8b731
27,A-B,2,optimized,192,gf_mul,36,3926,0x2bf8b731
27,A-B,2,optimized,192,gf_mul,37,3926,0x2bf8b731
27,A-B,2,optimized,192,gf_mul,38,3926,0x2bf8b731
27,A-B,2,optimized,192,gf_mul,39,3926,0x2bf8b731
27,A-B,2,optimized,192,gf_mul,40,3926,0x2bf8b731
27,A-B,2,optimized,192,gf_mul,41,3926,0x2bf8b731
27,A-B,2,optimized,192,gf_mul,42,3926,0x2bf8b731
27,A-B,2,optimized,192,gf_mul,43,3926,0x2bf8b731
27,A-B,2,optimized,192,gf_mul,44,3926,0x2bf8b731
27,A-B,2,optimized,192,gf_mul,45,3926,0x2bf8b731
27,A-B,2,optimized,192,gf_mul,46,3926,0x2bf8b731
27,A-B,2,optimized,192,gf_mul,47,3926,0x2bf8b731
27,A-B,2,optimized,192,gf_mul,48,3926,0x2bf8b731
27,A-B,2,optimized,192,gf_mul,49,3926,0x2bf8b731
27,A-B,2,optimized,192,gf_sqr,0,144,0x2bf8b731
27,A-B,2,optimized,192,gf_sqr,1,144,0x2bf8b731
27,A-B,2,optimized,192,gf_sqr,2,143,0x2bf8b731
27,A-B,2,optimized,192,gf_sqr,3,144,0x2bf8b731
27,A-B,2,optimized,192,gf_sqr,4,144,0x2bf8b731
27,A-B,2,optimized,192,gf_sqr,5,144,0x2bf8b731
27,A-B,2,optimized,192,gf_sqr,6,144,0x2bf8b731
27,A-B,2,optimized,192,gf_sqr,7,144,0x2bf8b731
27,A-B,2,optimized,192,gf_sqr,8,144,0x2bf8b731
27,A-B,2,optimized,192,gf_sqr,9,144,0x2bf8b731
27,A-B,2,optimized,192,gf_sqr,10,144,0x2bf8b731
27,A-B,2,optimized,192,gf_sqr,11,144,0x2bf8b731
27,A-B,2,optimized,192,gf_sqr,12,144,0x2bf8b731
27,A-B,2,optimized,192,gf_sqr,13,144,0x2bf8b731
27,A-B,2,optimized,192,gf_sqr,14,144,0x2bf8b731
27,A-B,2,optimized,192,gf_sqr,15,144,0x2bf8b731
27,A-B,2,optimized,192,gf_sqr,16,144,0x2bf8b731
27,A-B,2,optimized,192,gf_sqr,17,144,0x2bf8b731
27,A-B,2,optimized,192,gf_sqr,18,144,0x2bf8b731
27,A-B,2,optimized,192,gf_sqr,19,144,0x2bf8b731
27,A-B,2,optimized,192,gf_sqr,20,144,0x2bf8b731
27,A-B,2,optimized,192,gf_sqr,21,144,0x2bf8b731
27,A-B,2,optimized,192,gf_sqr,22,144,0x2bf8b731
27,A-B,2,optimized,192,gf_sqr,23,144,0x2bf8b731
27,A-B,2,optimized,192,gf_sqr,24,144,0x2bf8b731
27,A-B,2,optimized,192,gf_sqr,25,144,0x2bf8b731
27,A-B,2,optimized,192,gf_sqr,26,144,0x2bf8b731
27,A-B,2,optimized,192,gf_sqr,27,144,0x2bf8b731
27,A-B,2,optimized,192,gf_sqr,28,144,0x2bf8b731
27,A-B,2,optimized,192,gf_sqr,29,144,0x2bf8b731
27,A-B,2,optimized,192,gf_sqr,30,144,0x2bf8b731
27,A-B,2,optimized,192,gf_sqr,31,144,0x2bf8b731
27,A-B,2,optimized,192,gf_sqr,32,144,0x2bf8b731
27,A-B,2,optimized,192,gf_sqr,33,144,0x2bf8b731
27,A-B,2,optimized,192,gf_sqr,34,144,0x2bf8b731
27,A-B,2,optimized,192,gf_sqr,35,144,0x2bf8b731
27,A-B,2,optimized,192,gf_sqr,36,144,0x2bf8b731
27,A-B,2,optimized,192,gf_sqr,37,144,0x2bf8b731
27,A-B,2,optimized,192,gf_sqr,38,144,0x2bf8b731
27,A-B,2,optimized,192,gf_sqr,39,144,0x2bf8b731
27,A-B,2,optimized,192,gf_sqr,40,144,0x2bf8b731
27,A-B,2,optimized,192,gf_sqr,41,144,0x2bf8b731
27,A-B,2,optimized,192,gf_sqr,42,144,0x2bf8b731
27,A-B,2,optimized,192,gf_sqr,43,144,0x2bf8b731
27,A-B,2,optimized,192,gf_sqr,44,144,0x2bf8b731
27,A-B,2,optimized,192,gf_sqr,45,144,0x2bf8b731
27,A-B,2,optimized,192,gf_sqr,46,144,0x2bf8b731
27,A-B,2,optimized,192,gf_sqr,47,144,0x2bf8b731
27,A-B,2,optimized,192,gf_sqr,48,144,0x2bf8b731
27,A-B,2,optimized,192,gf_sqr,49,144,0x2bf8b731
27,A-B,1,reference,256,gf_mul,0,5933,0x283807e5
27,A-B,1,reference,256,gf_mul,1,5932,0x283807e5
27,A-B,1,reference,256,gf_mul,2,5932,0x283807e5
27,A-B,1,reference,256,gf_mul,3,5931,0x283807e5
27,A-B,1,reference,256,gf_mul,4,5931,0x283807e5
27,A-B,1,reference,256,gf_mul,5,5931,0x283807e5
27,A-B,1,reference,256,gf_mul,6,5931,0x283807e5
27,A-B,1,reference,256,gf_mul,7,5931,0x283807e5
27,A-B,1,reference,256,gf_mul,8,5931,0x283807e5
27,A-B,1,reference,256,gf_mul,9,5931,0x283807e5
27,A-B,1,reference,256,gf_mul,10,5931,0x283807e5
27,A-B,1,reference,256,gf_mul,11,5931,0x283807e5
27,A-B,1,reference,256,gf_mul,12,5931,0x283807e5
27,A-B,1,reference,256,gf_mul,13,5931,0x283807e5
27,A-B,1,reference,256,gf_mul,14,5931,0x283807e5
27,A-B,1,reference,256,gf_mul,15,5931,0x283807e5
27,A-B,1,reference,256,gf_mul,16,5931,0x283807e5
27,A-B,1,reference,256,gf_mul,17,5931,0x283807e5
27,A-B,1,reference,256,gf_mul,18,5931,0x283807e5
27,A-B,1,reference,256,gf_mul,19,5931,0x283807e5
27,A-B,1,reference,256,gf_mul,20,5931,0x283807e5
27,A-B,1,reference,256,gf_mul,21,5931,0x283807e5
27,A-B,1,reference,256,gf_mul,22,5931,0x283807e5
27,A-B,1,reference,256,gf_mul,23,5931,0x283807e5
27,A-B,1,reference,256,gf_mul,24,5931,0x283807e5
27,A-B,1,reference,256,gf_mul,25,5931,0x283807e5
27,A-B,1,reference,256,gf_mul,26,5931,0x283807e5
27,A-B,1,reference,256,gf_mul,27,5931,0x283807e5
27,A-B,1,reference,256,gf_mul,28,5931,0x283807e5
27,A-B,1,reference,256,gf_mul,29,5931,0x283807e5
27,A-B,1,reference,256,gf_mul,30,5931,0x283807e5
27,A-B,1,reference,256,gf_mul,31,5931,0x283807e5
27,A-B,1,reference,256,gf_mul,32,5931,0x283807e5
27,A-B,1,reference,256,gf_mul,33,5931,0x283807e5
27,A-B,1,reference,256,gf_mul,34,5931,0x283807e5
27,A-B,1,reference,256,gf_mul,35,5931,0x283807e5
27,A-B,1,reference,256,gf_mul,36,5931,0x283807e5
27,A-B,1,reference,256,gf_mul,37,5931,0x283807e5
27,A-B,1,reference,256,gf_mul,38,5931,0x283807e5
27,A-B,1,reference,256,gf_mul,39,5931,0x283807e5
27,A-B,1,reference,256,gf_mul,40,5931,0x283807e5
27,A-B,1,reference,256,gf_mul,41,5931,0x283807e5
27,A-B,1,reference,256,gf_mul,42,5931,0x283807e5
27,A-B,1,reference,256,gf_mul,43,5931,0x283807e5
27,A-B,1,reference,256,gf_mul,44,5931,0x283807e5
27,A-B,1,reference,256,gf_mul,45,5931,0x283807e5
27,A-B,1,reference,256,gf_mul,46,5931,0x283807e5
27,A-B,1,reference,256,gf_mul,47,5931,0x283807e5
27,A-B,1,reference,256,gf_mul,48,5931,0x283807e5
27,A-B,1,reference,256,gf_mul,49,5931,0x283807e5
27,A-B,1,reference,256,gf_sqr,0,203,0x283807e5
27,A-B,1,reference,256,gf_sqr,1,202,0x283807e5
27,A-B,1,reference,256,gf_sqr,2,203,0x283807e5
27,A-B,1,reference,256,gf_sqr,3,202,0x283807e5
27,A-B,1,reference,256,gf_sqr,4,202,0x283807e5
27,A-B,1,reference,256,gf_sqr,5,202,0x283807e5
27,A-B,1,reference,256,gf_sqr,6,202,0x283807e5
27,A-B,1,reference,256,gf_sqr,7,202,0x283807e5
27,A-B,1,reference,256,gf_sqr,8,202,0x283807e5
27,A-B,1,reference,256,gf_sqr,9,202,0x283807e5
27,A-B,1,reference,256,gf_sqr,10,202,0x283807e5
27,A-B,1,reference,256,gf_sqr,11,202,0x283807e5
27,A-B,1,reference,256,gf_sqr,12,202,0x283807e5
27,A-B,1,reference,256,gf_sqr,13,202,0x283807e5
27,A-B,1,reference,256,gf_sqr,14,202,0x283807e5
27,A-B,1,reference,256,gf_sqr,15,202,0x283807e5
27,A-B,1,reference,256,gf_sqr,16,202,0x283807e5
27,A-B,1,reference,256,gf_sqr,17,202,0x283807e5
27,A-B,1,reference,256,gf_sqr,18,202,0x283807e5
27,A-B,1,reference,256,gf_sqr,19,202,0x283807e5
27,A-B,1,reference,256,gf_sqr,20,202,0x283807e5
27,A-B,1,reference,256,gf_sqr,21,202,0x283807e5
27,A-B,1,reference,256,gf_sqr,22,202,0x283807e5
27,A-B,1,reference,256,gf_sqr,23,202,0x283807e5
27,A-B,1,reference,256,gf_sqr,24,202,0x283807e5
27,A-B,1,reference,256,gf_sqr,25,202,0x283807e5
27,A-B,1,reference,256,gf_sqr,26,202,0x283807e5
27,A-B,1,reference,256,gf_sqr,27,202,0x283807e5
27,A-B,1,reference,256,gf_sqr,28,202,0x283807e5
27,A-B,1,reference,256,gf_sqr,29,202,0x283807e5
27,A-B,1,reference,256,gf_sqr,30,202,0x283807e5
27,A-B,1,reference,256,gf_sqr,31,202,0x283807e5
27,A-B,1,reference,256,gf_sqr,32,202,0x283807e5
27,A-B,1,reference,256,gf_sqr,33,202,0x283807e5
27,A-B,1,reference,256,gf_sqr,34,202,0x283807e5
27,A-B,1,reference,256,gf_sqr,35,202,0x283807e5
27,A-B,1,reference,256,gf_sqr,36,202,0x283807e5
27,A-B,1,reference,256,gf_sqr,37,202,0x283807e5
27,A-B,1,reference,256,gf_sqr,38,202,0x283807e5
27,A-B,1,reference,256,gf_sqr,39,202,0x283807e5
27,A-B,1,reference,256,gf_sqr,40,202,0x283807e5
27,A-B,1,reference,256,gf_sqr,41,202,0x283807e5
27,A-B,1,reference,256,gf_sqr,42,202,0x283807e5
27,A-B,1,reference,256,gf_sqr,43,202,0x283807e5
27,A-B,1,reference,256,gf_sqr,44,202,0x283807e5
27,A-B,1,reference,256,gf_sqr,45,202,0x283807e5
27,A-B,1,reference,256,gf_sqr,46,202,0x283807e5
27,A-B,1,reference,256,gf_sqr,47,202,0x283807e5
27,A-B,1,reference,256,gf_sqr,48,202,0x283807e5
27,A-B,1,reference,256,gf_sqr,49,202,0x283807e5
27,A-B,2,optimized,256,gf_mul,0,5942,0x283807e5
27,A-B,2,optimized,256,gf_mul,1,5940,0x283807e5
27,A-B,2,optimized,256,gf_mul,2,5941,0x283807e5
27,A-B,2,optimized,256,gf_mul,3,5940,0x283807e5
27,A-B,2,optimized,256,gf_mul,4,5940,0x283807e5
27,A-B,2,optimized,256,gf_mul,5,5940,0x283807e5
27,A-B,2,optimized,256,gf_mul,6,5940,0x283807e5
27,A-B,2,optimized,256,gf_mul,7,5940,0x283807e5
27,A-B,2,optimized,256,gf_mul,8,5940,0x283807e5
27,A-B,2,optimized,256,gf_mul,9,5940,0x283807e5
27,A-B,2,optimized,256,gf_mul,10,5940,0x283807e5
27,A-B,2,optimized,256,gf_mul,11,5940,0x283807e5
27,A-B,2,optimized,256,gf_mul,12,5940,0x283807e5
27,A-B,2,optimized,256,gf_mul,13,5940,0x283807e5
27,A-B,2,optimized,256,gf_mul,14,5940,0x283807e5
27,A-B,2,optimized,256,gf_mul,15,5940,0x283807e5
27,A-B,2,optimized,256,gf_mul,16,5940,0x283807e5
27,A-B,2,optimized,256,gf_mul,17,5940,0x283807e5
27,A-B,2,optimized,256,gf_mul,18,5940,0x283807e5
27,A-B,2,optimized,256,gf_mul,19,5940,0x283807e5
27,A-B,2,optimized,256,gf_mul,20,5940,0x283807e5
27,A-B,2,optimized,256,gf_mul,21,5940,0x283807e5
27,A-B,2,optimized,256,gf_mul,22,5940,0x283807e5
27,A-B,2,optimized,256,gf_mul,23,5940,0x283807e5
27,A-B,2,optimized,256,gf_mul,24,5940,0x283807e5
27,A-B,2,optimized,256,gf_mul,25,5940,0x283807e5
27,A-B,2,optimized,256,gf_mul,26,5940,0x283807e5
27,A-B,2,optimized,256,gf_mul,27,5940,0x283807e5
27,A-B,2,optimized,256,gf_mul,28,5940,0x283807e5
27,A-B,2,optimized,256,gf_mul,29,5940,0x283807e5
27,A-B,2,optimized,256,gf_mul,30,5940,0x283807e5
27,A-B,2,optimized,256,gf_mul,31,5940,0x283807e5
27,A-B,2,optimized,256,gf_mul,32,5940,0x283807e5
27,A-B,2,optimized,256,gf_mul,33,5940,0x283807e5
27,A-B,2,optimized,256,gf_mul,34,5940,0x283807e5
27,A-B,2,optimized,256,gf_mul,35,5940,0x283807e5
27,A-B,2,optimized,256,gf_mul,36,5940,0x283807e5
27,A-B,2,optimized,256,gf_mul,37,5940,0x283807e5
27,A-B,2,optimized,256,gf_mul,38,5940,0x283807e5
27,A-B,2,optimized,256,gf_mul,39,5940,0x283807e5
27,A-B,2,optimized,256,gf_mul,40,5940,0x283807e5
27,A-B,2,optimized,256,gf_mul,41,5940,0x283807e5
27,A-B,2,optimized,256,gf_mul,42,5940,0x283807e5
27,A-B,2,optimized,256,gf_mul,43,5940,0x283807e5
27,A-B,2,optimized,256,gf_mul,44,5940,0x283807e5
27,A-B,2,optimized,256,gf_mul,45,5940,0x283807e5
27,A-B,2,optimized,256,gf_mul,46,5940,0x283807e5
27,A-B,2,optimized,256,gf_mul,47,5940,0x283807e5
27,A-B,2,optimized,256,gf_mul,48,5940,0x283807e5
27,A-B,2,optimized,256,gf_mul,49,5940,0x283807e5
27,A-B,2,optimized,256,gf_sqr,0,202,0x283807e5
27,A-B,2,optimized,256,gf_sqr,1,200,0x283807e5
27,A-B,2,optimized,256,gf_sqr,2,201,0x283807e5
27,A-B,2,optimized,256,gf_sqr,3,200,0x283807e5
27,A-B,2,optimized,256,gf_sqr,4,200,0x283807e5
27,A-B,2,optimized,256,gf_sqr,5,200,0x283807e5
27,A-B,2,optimized,256,gf_sqr,6,200,0x283807e5
27,A-B,2,optimized,256,gf_sqr,7,200,0x283807e5
27,A-B,2,optimized,256,gf_sqr,8,200,0x283807e5
27,A-B,2,optimized,256,gf_sqr,9,200,0x283807e5
27,A-B,2,optimized,256,gf_sqr,10,200,0x283807e5
27,A-B,2,optimized,256,gf_sqr,11,200,0x283807e5
27,A-B,2,optimized,256,gf_sqr,12,200,0x283807e5
27,A-B,2,optimized,256,gf_sqr,13,200,0x283807e5
27,A-B,2,optimized,256,gf_sqr,14,200,0x283807e5
27,A-B,2,optimized,256,gf_sqr,15,200,0x283807e5
27,A-B,2,optimized,256,gf_sqr,16,200,0x283807e5
27,A-B,2,optimized,256,gf_sqr,17,200,0x283807e5
27,A-B,2,optimized,256,gf_sqr,18,200,0x283807e5
27,A-B,2,optimized,256,gf_sqr,19,200,0x283807e5
27,A-B,2,optimized,256,gf_sqr,20,200,0x283807e5
27,A-B,2,optimized,256,gf_sqr,21,200,0x283807e5
27,A-B,2,optimized,256,gf_sqr,22,200,0x283807e5
27,A-B,2,optimized,256,gf_sqr,23,200,0x283807e5
27,A-B,2,optimized,256,gf_sqr,24,200,0x283807e5
27,A-B,2,optimized,256,gf_sqr,25,200,0x283807e5
27,A-B,2,optimized,256,gf_sqr,26,200,0x283807e5
27,A-B,2,optimized,256,gf_sqr,27,200,0x283807e5
27,A-B,2,optimized,256,gf_sqr,28,200,0x283807e5
27,A-B,2,optimized,256,gf_sqr,29,200,0x283807e5
27,A-B,2,optimized,256,gf_sqr,30,200,0x283807e5
27,A-B,2,optimized,256,gf_sqr,31,200,0x283807e5
27,A-B,2,optimized,256,gf_sqr,32,200,0x283807e5
27,A-B,2,optimized,256,gf_sqr,33,200,0x283807e5
27,A-B,2,optimized,256,gf_sqr,34,200,0x283807e5
27,A-B,2,optimized,256,gf_sqr,35,200,0x283807e5
27,A-B,2,optimized,256,gf_sqr,36,200,0x283807e5
27,A-B,2,optimized,256,gf_sqr,37,200,0x283807e5
27,A-B,2,optimized,256,gf_sqr,38,200,0x283807e5
27,A-B,2,optimized,256,gf_sqr,39,200,0x283807e5
27,A-B,2,optimized,256,gf_sqr,40,200,0x283807e5
27,A-B,2,optimized,256,gf_sqr,41,200,0x283807e5
27,A-B,2,optimized,256,gf_sqr,42,200,0x283807e5
27,A-B,2,optimized,256,gf_sqr,43,200,0x283807e5
27,A-B,2,optimized,256,gf_sqr,44,200,0x283807e5
27,A-B,2,optimized,256,gf_sqr,45,200,0x283807e5
27,A-B,2,optimized,256,gf_sqr,46,200,0x283807e5
27,A-B,2,optimized,256,gf_sqr,47,200,0x283807e5
27,A-B,2,optimized,256,gf_sqr,48,200,0x283807e5
27,A-B,2,optimized,256,gf_sqr,49,200,0x283807e5
28,B-A,1,optimized,128,gf_mul,0,1969,0x54cada71
28,B-A,1,optimized,128,gf_mul,1,1968,0x54cada71
28,B-A,1,optimized,128,gf_mul,2,1968,0x54cada71
28,B-A,1,optimized,128,gf_mul,3,1967,0x54cada71
28,B-A,1,optimized,128,gf_mul,4,1967,0x54cada71
28,B-A,1,optimized,128,gf_mul,5,1967,0x54cada71
28,B-A,1,optimized,128,gf_mul,6,1967,0x54cada71
28,B-A,1,optimized,128,gf_mul,7,1967,0x54cada71
28,B-A,1,optimized,128,gf_mul,8,1967,0x54cada71
28,B-A,1,optimized,128,gf_mul,9,1967,0x54cada71
28,B-A,1,optimized,128,gf_mul,10,1967,0x54cada71
28,B-A,1,optimized,128,gf_mul,11,1967,0x54cada71
28,B-A,1,optimized,128,gf_mul,12,1967,0x54cada71
28,B-A,1,optimized,128,gf_mul,13,1967,0x54cada71
28,B-A,1,optimized,128,gf_mul,14,1967,0x54cada71
28,B-A,1,optimized,128,gf_mul,15,1967,0x54cada71
28,B-A,1,optimized,128,gf_mul,16,1967,0x54cada71
28,B-A,1,optimized,128,gf_mul,17,1967,0x54cada71
28,B-A,1,optimized,128,gf_mul,18,1967,0x54cada71
28,B-A,1,optimized,128,gf_mul,19,1967,0x54cada71
28,B-A,1,optimized,128,gf_mul,20,1967,0x54cada71
28,B-A,1,optimized,128,gf_mul,21,1967,0x54cada71
28,B-A,1,optimized,128,gf_mul,22,1967,0x54cada71
28,B-A,1,optimized,128,gf_mul,23,1967,0x54cada71
28,B-A,1,optimized,128,gf_mul,24,1967,0x54cada71
28,B-A,1,optimized,128,gf_mul,25,1967,0x54cada71
28,B-A,1,optimized,128,gf_mul,26,1967,0x54cada71
28,B-A,1,optimized,128,gf_mul,27,1967,0x54cada71
28,B-A,1,optimized,128,gf_mul,28,1967,0x54cada71
28,B-A,1,optimized,128,gf_mul,29,1967,0x54cada71
28,B-A,1,optimized,128,gf_mul,30,1967,0x54cada71
28,B-A,1,optimized,128,gf_mul,31,1967,0x54cada71
28,B-A,1,optimized,128,gf_mul,32,1967,0x54cada71
28,B-A,1,optimized,128,gf_mul,33,1967,0x54cada71
28,B-A,1,optimized,128,gf_mul,34,1967,0x54cada71
28,B-A,1,optimized,128,gf_mul,35,1967,0x54cada71
28,B-A,1,optimized,128,gf_mul,36,1967,0x54cada71
28,B-A,1,optimized,128,gf_mul,37,1967,0x54cada71
28,B-A,1,optimized,128,gf_mul,38,1967,0x54cada71
28,B-A,1,optimized,128,gf_mul,39,1967,0x54cada71
28,B-A,1,optimized,128,gf_mul,40,1967,0x54cada71
28,B-A,1,optimized,128,gf_mul,41,1967,0x54cada71
28,B-A,1,optimized,128,gf_mul,42,1967,0x54cada71
28,B-A,1,optimized,128,gf_mul,43,1967,0x54cada71
28,B-A,1,optimized,128,gf_mul,44,1967,0x54cada71
28,B-A,1,optimized,128,gf_mul,45,1967,0x54cada71
28,B-A,1,optimized,128,gf_mul,46,1967,0x54cada71
28,B-A,1,optimized,128,gf_mul,47,1967,0x54cada71
28,B-A,1,optimized,128,gf_mul,48,1967,0x54cada71
28,B-A,1,optimized,128,gf_mul,49,1967,0x54cada71
28,B-A,1,optimized,128,gf_sqr,0,107,0x54cada71
28,B-A,1,optimized,128,gf_sqr,1,107,0x54cada71
28,B-A,1,optimized,128,gf_sqr,2,107,0x54cada71
28,B-A,1,optimized,128,gf_sqr,3,106,0x54cada71
28,B-A,1,optimized,128,gf_sqr,4,106,0x54cada71
28,B-A,1,optimized,128,gf_sqr,5,106,0x54cada71
28,B-A,1,optimized,128,gf_sqr,6,106,0x54cada71
28,B-A,1,optimized,128,gf_sqr,7,106,0x54cada71
28,B-A,1,optimized,128,gf_sqr,8,106,0x54cada71
28,B-A,1,optimized,128,gf_sqr,9,106,0x54cada71
28,B-A,1,optimized,128,gf_sqr,10,106,0x54cada71
28,B-A,1,optimized,128,gf_sqr,11,106,0x54cada71
28,B-A,1,optimized,128,gf_sqr,12,106,0x54cada71
28,B-A,1,optimized,128,gf_sqr,13,106,0x54cada71
28,B-A,1,optimized,128,gf_sqr,14,106,0x54cada71
28,B-A,1,optimized,128,gf_sqr,15,106,0x54cada71
28,B-A,1,optimized,128,gf_sqr,16,106,0x54cada71
28,B-A,1,optimized,128,gf_sqr,17,106,0x54cada71
28,B-A,1,optimized,128,gf_sqr,18,106,0x54cada71
28,B-A,1,optimized,128,gf_sqr,19,106,0x54cada71
28,B-A,1,optimized,128,gf_sqr,20,106,0x54cada71
28,B-A,1,optimized,128,gf_sqr,21,106,0x54cada71
28,B-A,1,optimized,128,gf_sqr,22,106,0x54cada71
28,B-A,1,optimized,128,gf_sqr,23,106,0x54cada71
28,B-A,1,optimized,128,gf_sqr,24,106,0x54cada71
28,B-A,1,optimized,128,gf_sqr,25,106,0x54cada71
28,B-A,1,optimized,128,gf_sqr,26,106,0x54cada71
28,B-A,1,optimized,128,gf_sqr,27,106,0x54cada71
28,B-A,1,optimized,128,gf_sqr,28,106,0x54cada71
28,B-A,1,optimized,128,gf_sqr,29,106,0x54cada71
28,B-A,1,optimized,128,gf_sqr,30,106,0x54cada71
28,B-A,1,optimized,128,gf_sqr,31,106,0x54cada71
28,B-A,1,optimized,128,gf_sqr,32,106,0x54cada71
28,B-A,1,optimized,128,gf_sqr,33,106,0x54cada71
28,B-A,1,optimized,128,gf_sqr,34,106,0x54cada71
28,B-A,1,optimized,128,gf_sqr,35,106,0x54cada71
28,B-A,1,optimized,128,gf_sqr,36,106,0x54cada71
28,B-A,1,optimized,128,gf_sqr,37,106,0x54cada71
28,B-A,1,optimized,128,gf_sqr,38,106,0x54cada71
28,B-A,1,optimized,128,gf_sqr,39,106,0x54cada71
28,B-A,1,optimized,128,gf_sqr,40,106,0x54cada71
28,B-A,1,optimized,128,gf_sqr,41,106,0x54cada71
28,B-A,1,optimized,128,gf_sqr,42,106,0x54cada71
28,B-A,1,optimized,128,gf_sqr,43,106,0x54cada71
28,B-A,1,optimized,128,gf_sqr,44,106,0x54cada71
28,B-A,1,optimized,128,gf_sqr,45,106,0x54cada71
28,B-A,1,optimized,128,gf_sqr,46,106,0x54cada71
28,B-A,1,optimized,128,gf_sqr,47,106,0x54cada71
28,B-A,1,optimized,128,gf_sqr,48,106,0x54cada71
28,B-A,1,optimized,128,gf_sqr,49,106,0x54cada71
28,B-A,2,reference,128,gf_mul,0,1969,0x54cada71
28,B-A,2,reference,128,gf_mul,1,1965,0x54cada71
28,B-A,2,reference,128,gf_mul,2,1965,0x54cada71
28,B-A,2,reference,128,gf_mul,3,1964,0x54cada71
28,B-A,2,reference,128,gf_mul,4,1964,0x54cada71
28,B-A,2,reference,128,gf_mul,5,1964,0x54cada71
28,B-A,2,reference,128,gf_mul,6,1964,0x54cada71
28,B-A,2,reference,128,gf_mul,7,1964,0x54cada71
28,B-A,2,reference,128,gf_mul,8,1964,0x54cada71
28,B-A,2,reference,128,gf_mul,9,1964,0x54cada71
28,B-A,2,reference,128,gf_mul,10,1964,0x54cada71
28,B-A,2,reference,128,gf_mul,11,1964,0x54cada71
28,B-A,2,reference,128,gf_mul,12,1964,0x54cada71
28,B-A,2,reference,128,gf_mul,13,1964,0x54cada71
28,B-A,2,reference,128,gf_mul,14,1964,0x54cada71
28,B-A,2,reference,128,gf_mul,15,1964,0x54cada71
28,B-A,2,reference,128,gf_mul,16,1964,0x54cada71
28,B-A,2,reference,128,gf_mul,17,1964,0x54cada71
28,B-A,2,reference,128,gf_mul,18,1964,0x54cada71
28,B-A,2,reference,128,gf_mul,19,1964,0x54cada71
28,B-A,2,reference,128,gf_mul,20,1964,0x54cada71
28,B-A,2,reference,128,gf_mul,21,1964,0x54cada71
28,B-A,2,reference,128,gf_mul,22,1964,0x54cada71
28,B-A,2,reference,128,gf_mul,23,1964,0x54cada71
28,B-A,2,reference,128,gf_mul,24,1964,0x54cada71
28,B-A,2,reference,128,gf_mul,25,1964,0x54cada71
28,B-A,2,reference,128,gf_mul,26,1964,0x54cada71
28,B-A,2,reference,128,gf_mul,27,1964,0x54cada71
28,B-A,2,reference,128,gf_mul,28,1964,0x54cada71
28,B-A,2,reference,128,gf_mul,29,1964,0x54cada71
28,B-A,2,reference,128,gf_mul,30,1964,0x54cada71
28,B-A,2,reference,128,gf_mul,31,1964,0x54cada71
28,B-A,2,reference,128,gf_mul,32,1964,0x54cada71
28,B-A,2,reference,128,gf_mul,33,1964,0x54cada71
28,B-A,2,reference,128,gf_mul,34,1964,0x54cada71
28,B-A,2,reference,128,gf_mul,35,1964,0x54cada71
28,B-A,2,reference,128,gf_mul,36,1964,0x54cada71
28,B-A,2,reference,128,gf_mul,37,1964,0x54cada71
28,B-A,2,reference,128,gf_mul,38,1964,0x54cada71
28,B-A,2,reference,128,gf_mul,39,1964,0x54cada71
28,B-A,2,reference,128,gf_mul,40,1964,0x54cada71
28,B-A,2,reference,128,gf_mul,41,1964,0x54cada71
28,B-A,2,reference,128,gf_mul,42,1964,0x54cada71
28,B-A,2,reference,128,gf_mul,43,1964,0x54cada71
28,B-A,2,reference,128,gf_mul,44,1964,0x54cada71
28,B-A,2,reference,128,gf_mul,45,1964,0x54cada71
28,B-A,2,reference,128,gf_mul,46,1964,0x54cada71
28,B-A,2,reference,128,gf_mul,47,1964,0x54cada71
28,B-A,2,reference,128,gf_mul,48,1964,0x54cada71
28,B-A,2,reference,128,gf_mul,49,1964,0x54cada71
28,B-A,2,reference,128,gf_sqr,0,107,0x54cada71
28,B-A,2,reference,128,gf_sqr,1,103,0x54cada71
28,B-A,2,reference,128,gf_sqr,2,103,0x54cada71
28,B-A,2,reference,128,gf_sqr,3,102,0x54cada71
28,B-A,2,reference,128,gf_sqr,4,102,0x54cada71
28,B-A,2,reference,128,gf_sqr,5,102,0x54cada71
28,B-A,2,reference,128,gf_sqr,6,102,0x54cada71
28,B-A,2,reference,128,gf_sqr,7,102,0x54cada71
28,B-A,2,reference,128,gf_sqr,8,102,0x54cada71
28,B-A,2,reference,128,gf_sqr,9,102,0x54cada71
28,B-A,2,reference,128,gf_sqr,10,102,0x54cada71
28,B-A,2,reference,128,gf_sqr,11,102,0x54cada71
28,B-A,2,reference,128,gf_sqr,12,102,0x54cada71
28,B-A,2,reference,128,gf_sqr,13,102,0x54cada71
28,B-A,2,reference,128,gf_sqr,14,102,0x54cada71
28,B-A,2,reference,128,gf_sqr,15,102,0x54cada71
28,B-A,2,reference,128,gf_sqr,16,102,0x54cada71
28,B-A,2,reference,128,gf_sqr,17,102,0x54cada71
28,B-A,2,reference,128,gf_sqr,18,102,0x54cada71
28,B-A,2,reference,128,gf_sqr,19,102,0x54cada71
28,B-A,2,reference,128,gf_sqr,20,102,0x54cada71
28,B-A,2,reference,128,gf_sqr,21,102,0x54cada71
28,B-A,2,reference,128,gf_sqr,22,102,0x54cada71
28,B-A,2,reference,128,gf_sqr,23,102,0x54cada71
28,B-A,2,reference,128,gf_sqr,24,102,0x54cada71
28,B-A,2,reference,128,gf_sqr,25,102,0x54cada71
28,B-A,2,reference,128,gf_sqr,26,102,0x54cada71
28,B-A,2,reference,128,gf_sqr,27,102,0x54cada71
28,B-A,2,reference,128,gf_sqr,28,102,0x54cada71
28,B-A,2,reference,128,gf_sqr,29,102,0x54cada71
28,B-A,2,reference,128,gf_sqr,30,102,0x54cada71
28,B-A,2,reference,128,gf_sqr,31,102,0x54cada71
28,B-A,2,reference,128,gf_sqr,32,102,0x54cada71
28,B-A,2,reference,128,gf_sqr,33,102,0x54cada71
28,B-A,2,reference,128,gf_sqr,34,102,0x54cada71
28,B-A,2,reference,128,gf_sqr,35,102,0x54cada71
28,B-A,2,reference,128,gf_sqr,36,102,0x54cada71
28,B-A,2,reference,128,gf_sqr,37,102,0x54cada71
28,B-A,2,reference,128,gf_sqr,38,102,0x54cada71
28,B-A,2,reference,128,gf_sqr,39,102,0x54cada71
28,B-A,2,reference,128,gf_sqr,40,102,0x54cada71
28,B-A,2,reference,128,gf_sqr,41,102,0x54cada71
28,B-A,2,reference,128,gf_sqr,42,102,0x54cada71
28,B-A,2,reference,128,gf_sqr,43,102,0x54cada71
28,B-A,2,reference,128,gf_sqr,44,102,0x54cada71
28,B-A,2,reference,128,gf_sqr,45,102,0x54cada71
28,B-A,2,reference,128,gf_sqr,46,102,0x54cada71
28,B-A,2,reference,128,gf_sqr,47,102,0x54cada71
28,B-A,2,reference,128,gf_sqr,48,102,0x54cada71
28,B-A,2,reference,128,gf_sqr,49,102,0x54cada71
28,B-A,1,optimized,192,gf_mul,0,3927,0x2bf8b731
28,B-A,1,optimized,192,gf_mul,1,3927,0x2bf8b731
28,B-A,1,optimized,192,gf_mul,2,3927,0x2bf8b731
28,B-A,1,optimized,192,gf_mul,3,3926,0x2bf8b731
28,B-A,1,optimized,192,gf_mul,4,3926,0x2bf8b731
28,B-A,1,optimized,192,gf_mul,5,3926,0x2bf8b731
28,B-A,1,optimized,192,gf_mul,6,3926,0x2bf8b731
28,B-A,1,optimized,192,gf_mul,7,3926,0x2bf8b731
28,B-A,1,optimized,192,gf_mul,8,3926,0x2bf8b731
28,B-A,1,optimized,192,gf_mul,9,3926,0x2bf8b731
28,B-A,1,optimized,192,gf_mul,10,3926,0x2bf8b731
28,B-A,1,optimized,192,gf_mul,11,3926,0x2bf8b731
28,B-A,1,optimized,192,gf_mul,12,3926,0x2bf8b731
28,B-A,1,optimized,192,gf_mul,13,3926,0x2bf8b731
28,B-A,1,optimized,192,gf_mul,14,3926,0x2bf8b731
28,B-A,1,optimized,192,gf_mul,15,3926,0x2bf8b731
28,B-A,1,optimized,192,gf_mul,16,3926,0x2bf8b731
28,B-A,1,optimized,192,gf_mul,17,3926,0x2bf8b731
28,B-A,1,optimized,192,gf_mul,18,3926,0x2bf8b731
28,B-A,1,optimized,192,gf_mul,19,3926,0x2bf8b731
28,B-A,1,optimized,192,gf_mul,20,3926,0x2bf8b731
28,B-A,1,optimized,192,gf_mul,21,3926,0x2bf8b731
28,B-A,1,optimized,192,gf_mul,22,3926,0x2bf8b731
28,B-A,1,optimized,192,gf_mul,23,3926,0x2bf8b731
28,B-A,1,optimized,192,gf_mul,24,3926,0x2bf8b731
28,B-A,1,optimized,192,gf_mul,25,3926,0x2bf8b731
28,B-A,1,optimized,192,gf_mul,26,3926,0x2bf8b731
28,B-A,1,optimized,192,gf_mul,27,3926,0x2bf8b731
28,B-A,1,optimized,192,gf_mul,28,3926,0x2bf8b731
28,B-A,1,optimized,192,gf_mul,29,3926,0x2bf8b731
28,B-A,1,optimized,192,gf_mul,30,3926,0x2bf8b731
28,B-A,1,optimized,192,gf_mul,31,3926,0x2bf8b731
28,B-A,1,optimized,192,gf_mul,32,3926,0x2bf8b731
28,B-A,1,optimized,192,gf_mul,33,3926,0x2bf8b731
28,B-A,1,optimized,192,gf_mul,34,3926,0x2bf8b731
28,B-A,1,optimized,192,gf_mul,35,3926,0x2bf8b731
28,B-A,1,optimized,192,gf_mul,36,3926,0x2bf8b731
28,B-A,1,optimized,192,gf_mul,37,3926,0x2bf8b731
28,B-A,1,optimized,192,gf_mul,38,3926,0x2bf8b731
28,B-A,1,optimized,192,gf_mul,39,3926,0x2bf8b731
28,B-A,1,optimized,192,gf_mul,40,3926,0x2bf8b731
28,B-A,1,optimized,192,gf_mul,41,3926,0x2bf8b731
28,B-A,1,optimized,192,gf_mul,42,3926,0x2bf8b731
28,B-A,1,optimized,192,gf_mul,43,3926,0x2bf8b731
28,B-A,1,optimized,192,gf_mul,44,3926,0x2bf8b731
28,B-A,1,optimized,192,gf_mul,45,3926,0x2bf8b731
28,B-A,1,optimized,192,gf_mul,46,3926,0x2bf8b731
28,B-A,1,optimized,192,gf_mul,47,3926,0x2bf8b731
28,B-A,1,optimized,192,gf_mul,48,3926,0x2bf8b731
28,B-A,1,optimized,192,gf_mul,49,3926,0x2bf8b731
28,B-A,1,optimized,192,gf_sqr,0,144,0x2bf8b731
28,B-A,1,optimized,192,gf_sqr,1,144,0x2bf8b731
28,B-A,1,optimized,192,gf_sqr,2,143,0x2bf8b731
28,B-A,1,optimized,192,gf_sqr,3,144,0x2bf8b731
28,B-A,1,optimized,192,gf_sqr,4,144,0x2bf8b731
28,B-A,1,optimized,192,gf_sqr,5,144,0x2bf8b731
28,B-A,1,optimized,192,gf_sqr,6,144,0x2bf8b731
28,B-A,1,optimized,192,gf_sqr,7,144,0x2bf8b731
28,B-A,1,optimized,192,gf_sqr,8,144,0x2bf8b731
28,B-A,1,optimized,192,gf_sqr,9,144,0x2bf8b731
28,B-A,1,optimized,192,gf_sqr,10,144,0x2bf8b731
28,B-A,1,optimized,192,gf_sqr,11,144,0x2bf8b731
28,B-A,1,optimized,192,gf_sqr,12,144,0x2bf8b731
28,B-A,1,optimized,192,gf_sqr,13,144,0x2bf8b731
28,B-A,1,optimized,192,gf_sqr,14,144,0x2bf8b731
28,B-A,1,optimized,192,gf_sqr,15,144,0x2bf8b731
28,B-A,1,optimized,192,gf_sqr,16,144,0x2bf8b731
28,B-A,1,optimized,192,gf_sqr,17,144,0x2bf8b731
28,B-A,1,optimized,192,gf_sqr,18,144,0x2bf8b731
28,B-A,1,optimized,192,gf_sqr,19,144,0x2bf8b731
28,B-A,1,optimized,192,gf_sqr,20,144,0x2bf8b731
28,B-A,1,optimized,192,gf_sqr,21,144,0x2bf8b731
28,B-A,1,optimized,192,gf_sqr,22,144,0x2bf8b731
28,B-A,1,optimized,192,gf_sqr,23,144,0x2bf8b731
28,B-A,1,optimized,192,gf_sqr,24,144,0x2bf8b731
28,B-A,1,optimized,192,gf_sqr,25,144,0x2bf8b731
28,B-A,1,optimized,192,gf_sqr,26,144,0x2bf8b731
28,B-A,1,optimized,192,gf_sqr,27,144,0x2bf8b731
28,B-A,1,optimized,192,gf_sqr,28,144,0x2bf8b731
28,B-A,1,optimized,192,gf_sqr,29,144,0x2bf8b731
28,B-A,1,optimized,192,gf_sqr,30,144,0x2bf8b731
28,B-A,1,optimized,192,gf_sqr,31,144,0x2bf8b731
28,B-A,1,optimized,192,gf_sqr,32,144,0x2bf8b731
28,B-A,1,optimized,192,gf_sqr,33,144,0x2bf8b731
28,B-A,1,optimized,192,gf_sqr,34,144,0x2bf8b731
28,B-A,1,optimized,192,gf_sqr,35,144,0x2bf8b731
28,B-A,1,optimized,192,gf_sqr,36,144,0x2bf8b731
28,B-A,1,optimized,192,gf_sqr,37,144,0x2bf8b731
28,B-A,1,optimized,192,gf_sqr,38,144,0x2bf8b731
28,B-A,1,optimized,192,gf_sqr,39,144,0x2bf8b731
28,B-A,1,optimized,192,gf_sqr,40,144,0x2bf8b731
28,B-A,1,optimized,192,gf_sqr,41,144,0x2bf8b731
28,B-A,1,optimized,192,gf_sqr,42,144,0x2bf8b731
28,B-A,1,optimized,192,gf_sqr,43,144,0x2bf8b731
28,B-A,1,optimized,192,gf_sqr,44,144,0x2bf8b731
28,B-A,1,optimized,192,gf_sqr,45,144,0x2bf8b731
28,B-A,1,optimized,192,gf_sqr,46,144,0x2bf8b731
28,B-A,1,optimized,192,gf_sqr,47,144,0x2bf8b731
28,B-A,1,optimized,192,gf_sqr,48,144,0x2bf8b731
28,B-A,1,optimized,192,gf_sqr,49,144,0x2bf8b731
28,B-A,2,reference,192,gf_mul,0,3927,0x2bf8b731
28,B-A,2,reference,192,gf_mul,1,3927,0x2bf8b731
28,B-A,2,reference,192,gf_mul,2,3927,0x2bf8b731
28,B-A,2,reference,192,gf_mul,3,3926,0x2bf8b731
28,B-A,2,reference,192,gf_mul,4,3926,0x2bf8b731
28,B-A,2,reference,192,gf_mul,5,3926,0x2bf8b731
28,B-A,2,reference,192,gf_mul,6,3926,0x2bf8b731
28,B-A,2,reference,192,gf_mul,7,3926,0x2bf8b731
28,B-A,2,reference,192,gf_mul,8,3926,0x2bf8b731
28,B-A,2,reference,192,gf_mul,9,3926,0x2bf8b731
28,B-A,2,reference,192,gf_mul,10,3926,0x2bf8b731
28,B-A,2,reference,192,gf_mul,11,3926,0x2bf8b731
28,B-A,2,reference,192,gf_mul,12,3926,0x2bf8b731
28,B-A,2,reference,192,gf_mul,13,3926,0x2bf8b731
28,B-A,2,reference,192,gf_mul,14,3926,0x2bf8b731
28,B-A,2,reference,192,gf_mul,15,3926,0x2bf8b731
28,B-A,2,reference,192,gf_mul,16,3926,0x2bf8b731
28,B-A,2,reference,192,gf_mul,17,3926,0x2bf8b731
28,B-A,2,reference,192,gf_mul,18,3926,0x2bf8b731
28,B-A,2,reference,192,gf_mul,19,3926,0x2bf8b731
28,B-A,2,reference,192,gf_mul,20,3926,0x2bf8b731
28,B-A,2,reference,192,gf_mul,21,3926,0x2bf8b731
28,B-A,2,reference,192,gf_mul,22,3926,0x2bf8b731
28,B-A,2,reference,192,gf_mul,23,3926,0x2bf8b731
28,B-A,2,reference,192,gf_mul,24,3926,0x2bf8b731
28,B-A,2,reference,192,gf_mul,25,3926,0x2bf8b731
28,B-A,2,reference,192,gf_mul,26,3926,0x2bf8b731
28,B-A,2,reference,192,gf_mul,27,3926,0x2bf8b731
28,B-A,2,reference,192,gf_mul,28,3926,0x2bf8b731
28,B-A,2,reference,192,gf_mul,29,3926,0x2bf8b731
28,B-A,2,reference,192,gf_mul,30,3926,0x2bf8b731
28,B-A,2,reference,192,gf_mul,31,3926,0x2bf8b731
28,B-A,2,reference,192,gf_mul,32,3926,0x2bf8b731
28,B-A,2,reference,192,gf_mul,33,3926,0x2bf8b731
28,B-A,2,reference,192,gf_mul,34,3926,0x2bf8b731
28,B-A,2,reference,192,gf_mul,35,3926,0x2bf8b731
28,B-A,2,reference,192,gf_mul,36,3926,0x2bf8b731
28,B-A,2,reference,192,gf_mul,37,3926,0x2bf8b731
28,B-A,2,reference,192,gf_mul,38,3926,0x2bf8b731
28,B-A,2,reference,192,gf_mul,39,3926,0x2bf8b731
28,B-A,2,reference,192,gf_mul,40,3926,0x2bf8b731
28,B-A,2,reference,192,gf_mul,41,3926,0x2bf8b731
28,B-A,2,reference,192,gf_mul,42,3926,0x2bf8b731
28,B-A,2,reference,192,gf_mul,43,3926,0x2bf8b731
28,B-A,2,reference,192,gf_mul,44,3926,0x2bf8b731
28,B-A,2,reference,192,gf_mul,45,3926,0x2bf8b731
28,B-A,2,reference,192,gf_mul,46,3926,0x2bf8b731
28,B-A,2,reference,192,gf_mul,47,3926,0x2bf8b731
28,B-A,2,reference,192,gf_mul,48,3926,0x2bf8b731
28,B-A,2,reference,192,gf_mul,49,3926,0x2bf8b731
28,B-A,2,reference,192,gf_sqr,0,144,0x2bf8b731
28,B-A,2,reference,192,gf_sqr,1,144,0x2bf8b731
28,B-A,2,reference,192,gf_sqr,2,143,0x2bf8b731
28,B-A,2,reference,192,gf_sqr,3,144,0x2bf8b731
28,B-A,2,reference,192,gf_sqr,4,144,0x2bf8b731
28,B-A,2,reference,192,gf_sqr,5,144,0x2bf8b731
28,B-A,2,reference,192,gf_sqr,6,144,0x2bf8b731
28,B-A,2,reference,192,gf_sqr,7,144,0x2bf8b731
28,B-A,2,reference,192,gf_sqr,8,144,0x2bf8b731
28,B-A,2,reference,192,gf_sqr,9,144,0x2bf8b731
28,B-A,2,reference,192,gf_sqr,10,144,0x2bf8b731
28,B-A,2,reference,192,gf_sqr,11,144,0x2bf8b731
28,B-A,2,reference,192,gf_sqr,12,144,0x2bf8b731
28,B-A,2,reference,192,gf_sqr,13,144,0x2bf8b731
28,B-A,2,reference,192,gf_sqr,14,144,0x2bf8b731
28,B-A,2,reference,192,gf_sqr,15,144,0x2bf8b731
28,B-A,2,reference,192,gf_sqr,16,144,0x2bf8b731
28,B-A,2,reference,192,gf_sqr,17,144,0x2bf8b731
28,B-A,2,reference,192,gf_sqr,18,144,0x2bf8b731
28,B-A,2,reference,192,gf_sqr,19,144,0x2bf8b731
28,B-A,2,reference,192,gf_sqr,20,144,0x2bf8b731
28,B-A,2,reference,192,gf_sqr,21,144,0x2bf8b731
28,B-A,2,reference,192,gf_sqr,22,144,0x2bf8b731
28,B-A,2,reference,192,gf_sqr,23,144,0x2bf8b731
28,B-A,2,reference,192,gf_sqr,24,144,0x2bf8b731
28,B-A,2,reference,192,gf_sqr,25,144,0x2bf8b731
28,B-A,2,reference,192,gf_sqr,26,144,0x2bf8b731
28,B-A,2,reference,192,gf_sqr,27,144,0x2bf8b731
28,B-A,2,reference,192,gf_sqr,28,144,0x2bf8b731
28,B-A,2,reference,192,gf_sqr,29,144,0x2bf8b731
28,B-A,2,reference,192,gf_sqr,30,144,0x2bf8b731
28,B-A,2,reference,192,gf_sqr,31,144,0x2bf8b731
28,B-A,2,reference,192,gf_sqr,32,144,0x2bf8b731
28,B-A,2,reference,192,gf_sqr,33,144,0x2bf8b731
28,B-A,2,reference,192,gf_sqr,34,144,0x2bf8b731
28,B-A,2,reference,192,gf_sqr,35,144,0x2bf8b731
28,B-A,2,reference,192,gf_sqr,36,144,0x2bf8b731
28,B-A,2,reference,192,gf_sqr,37,144,0x2bf8b731
28,B-A,2,reference,192,gf_sqr,38,144,0x2bf8b731
28,B-A,2,reference,192,gf_sqr,39,144,0x2bf8b731
28,B-A,2,reference,192,gf_sqr,40,144,0x2bf8b731
28,B-A,2,reference,192,gf_sqr,41,144,0x2bf8b731
28,B-A,2,reference,192,gf_sqr,42,144,0x2bf8b731
28,B-A,2,reference,192,gf_sqr,43,144,0x2bf8b731
28,B-A,2,reference,192,gf_sqr,44,144,0x2bf8b731
28,B-A,2,reference,192,gf_sqr,45,144,0x2bf8b731
28,B-A,2,reference,192,gf_sqr,46,144,0x2bf8b731
28,B-A,2,reference,192,gf_sqr,47,144,0x2bf8b731
28,B-A,2,reference,192,gf_sqr,48,144,0x2bf8b731
28,B-A,2,reference,192,gf_sqr,49,144,0x2bf8b731
28,B-A,1,optimized,256,gf_mul,0,5942,0x283807e5
28,B-A,1,optimized,256,gf_mul,1,5940,0x283807e5
28,B-A,1,optimized,256,gf_mul,2,5941,0x283807e5
28,B-A,1,optimized,256,gf_mul,3,5940,0x283807e5
28,B-A,1,optimized,256,gf_mul,4,5940,0x283807e5
28,B-A,1,optimized,256,gf_mul,5,5940,0x283807e5
28,B-A,1,optimized,256,gf_mul,6,5940,0x283807e5
28,B-A,1,optimized,256,gf_mul,7,5940,0x283807e5
28,B-A,1,optimized,256,gf_mul,8,5940,0x283807e5
28,B-A,1,optimized,256,gf_mul,9,5940,0x283807e5
28,B-A,1,optimized,256,gf_mul,10,5940,0x283807e5
28,B-A,1,optimized,256,gf_mul,11,5940,0x283807e5
28,B-A,1,optimized,256,gf_mul,12,5940,0x283807e5
28,B-A,1,optimized,256,gf_mul,13,5940,0x283807e5
28,B-A,1,optimized,256,gf_mul,14,5940,0x283807e5
28,B-A,1,optimized,256,gf_mul,15,5940,0x283807e5
28,B-A,1,optimized,256,gf_mul,16,5940,0x283807e5
28,B-A,1,optimized,256,gf_mul,17,5940,0x283807e5
28,B-A,1,optimized,256,gf_mul,18,5940,0x283807e5
28,B-A,1,optimized,256,gf_mul,19,5940,0x283807e5
28,B-A,1,optimized,256,gf_mul,20,5940,0x283807e5
28,B-A,1,optimized,256,gf_mul,21,5940,0x283807e5
28,B-A,1,optimized,256,gf_mul,22,5940,0x283807e5
28,B-A,1,optimized,256,gf_mul,23,5940,0x283807e5
28,B-A,1,optimized,256,gf_mul,24,5940,0x283807e5
28,B-A,1,optimized,256,gf_mul,25,5940,0x283807e5
28,B-A,1,optimized,256,gf_mul,26,5940,0x283807e5
28,B-A,1,optimized,256,gf_mul,27,5940,0x283807e5
28,B-A,1,optimized,256,gf_mul,28,5940,0x283807e5
28,B-A,1,optimized,256,gf_mul,29,5940,0x283807e5
28,B-A,1,optimized,256,gf_mul,30,5940,0x283807e5
28,B-A,1,optimized,256,gf_mul,31,5940,0x283807e5
28,B-A,1,optimized,256,gf_mul,32,5940,0x283807e5
28,B-A,1,optimized,256,gf_mul,33,5940,0x283807e5
28,B-A,1,optimized,256,gf_mul,34,5940,0x283807e5
28,B-A,1,optimized,256,gf_mul,35,5940,0x283807e5
28,B-A,1,optimized,256,gf_mul,36,5940,0x283807e5
28,B-A,1,optimized,256,gf_mul,37,5940,0x283807e5
28,B-A,1,optimized,256,gf_mul,38,5940,0x283807e5
28,B-A,1,optimized,256,gf_mul,39,5940,0x283807e5
28,B-A,1,optimized,256,gf_mul,40,5940,0x283807e5
28,B-A,1,optimized,256,gf_mul,41,5940,0x283807e5
28,B-A,1,optimized,256,gf_mul,42,5940,0x283807e5
28,B-A,1,optimized,256,gf_mul,43,5940,0x283807e5
28,B-A,1,optimized,256,gf_mul,44,5940,0x283807e5
28,B-A,1,optimized,256,gf_mul,45,5940,0x283807e5
28,B-A,1,optimized,256,gf_mul,46,5940,0x283807e5
28,B-A,1,optimized,256,gf_mul,47,5940,0x283807e5
28,B-A,1,optimized,256,gf_mul,48,5940,0x283807e5
28,B-A,1,optimized,256,gf_mul,49,5940,0x283807e5
28,B-A,1,optimized,256,gf_sqr,0,202,0x283807e5
28,B-A,1,optimized,256,gf_sqr,1,200,0x283807e5
28,B-A,1,optimized,256,gf_sqr,2,201,0x283807e5
28,B-A,1,optimized,256,gf_sqr,3,200,0x283807e5
28,B-A,1,optimized,256,gf_sqr,4,200,0x283807e5
28,B-A,1,optimized,256,gf_sqr,5,200,0x283807e5
28,B-A,1,optimized,256,gf_sqr,6,200,0x283807e5
28,B-A,1,optimized,256,gf_sqr,7,200,0x283807e5
28,B-A,1,optimized,256,gf_sqr,8,200,0x283807e5
28,B-A,1,optimized,256,gf_sqr,9,200,0x283807e5
28,B-A,1,optimized,256,gf_sqr,10,200,0x283807e5
28,B-A,1,optimized,256,gf_sqr,11,200,0x283807e5
28,B-A,1,optimized,256,gf_sqr,12,200,0x283807e5
28,B-A,1,optimized,256,gf_sqr,13,200,0x283807e5
28,B-A,1,optimized,256,gf_sqr,14,200,0x283807e5
28,B-A,1,optimized,256,gf_sqr,15,200,0x283807e5
28,B-A,1,optimized,256,gf_sqr,16,200,0x283807e5
28,B-A,1,optimized,256,gf_sqr,17,200,0x283807e5
28,B-A,1,optimized,256,gf_sqr,18,200,0x283807e5
28,B-A,1,optimized,256,gf_sqr,19,200,0x283807e5
28,B-A,1,optimized,256,gf_sqr,20,200,0x283807e5
28,B-A,1,optimized,256,gf_sqr,21,200,0x283807e5
28,B-A,1,optimized,256,gf_sqr,22,200,0x283807e5
28,B-A,1,optimized,256,gf_sqr,23,200,0x283807e5
28,B-A,1,optimized,256,gf_sqr,24,200,0x283807e5
28,B-A,1,optimized,256,gf_sqr,25,200,0x283807e5
28,B-A,1,optimized,256,gf_sqr,26,200,0x283807e5
28,B-A,1,optimized,256,gf_sqr,27,200,0x283807e5
28,B-A,1,optimized,256,gf_sqr,28,200,0x283807e5
28,B-A,1,optimized,256,gf_sqr,29,200,0x283807e5
28,B-A,1,optimized,256,gf_sqr,30,200,0x283807e5
28,B-A,1,optimized,256,gf_sqr,31,200,0x283807e5
28,B-A,1,optimized,256,gf_sqr,32,200,0x283807e5
28,B-A,1,optimized,256,gf_sqr,33,200,0x283807e5
28,B-A,1,optimized,256,gf_sqr,34,200,0x283807e5
28,B-A,1,optimized,256,gf_sqr,35,200,0x283807e5
28,B-A,1,optimized,256,gf_sqr,36,200,0x283807e5
28,B-A,1,optimized,256,gf_sqr,37,200,0x283807e5
28,B-A,1,optimized,256,gf_sqr,38,200,0x283807e5
28,B-A,1,optimized,256,gf_sqr,39,200,0x283807e5
28,B-A,1,optimized,256,gf_sqr,40,200,0x283807e5
28,B-A,1,optimized,256,gf_sqr,41,200,0x283807e5
28,B-A,1,optimized,256,gf_sqr,42,200,0x283807e5
28,B-A,1,optimized,256,gf_sqr,43,200,0x283807e5
28,B-A,1,optimized,256,gf_sqr,44,200,0x283807e5
28,B-A,1,optimized,256,gf_sqr,45,200,0x283807e5
28,B-A,1,optimized,256,gf_sqr,46,200,0x283807e5
28,B-A,1,optimized,256,gf_sqr,47,200,0x283807e5
28,B-A,1,optimized,256,gf_sqr,48,200,0x283807e5
28,B-A,1,optimized,256,gf_sqr,49,200,0x283807e5
28,B-A,2,reference,256,gf_mul,0,5933,0x283807e5
28,B-A,2,reference,256,gf_mul,1,5932,0x283807e5
28,B-A,2,reference,256,gf_mul,2,5932,0x283807e5
28,B-A,2,reference,256,gf_mul,3,5931,0x283807e5
28,B-A,2,reference,256,gf_mul,4,5931,0x283807e5
28,B-A,2,reference,256,gf_mul,5,5931,0x283807e5
28,B-A,2,reference,256,gf_mul,6,5931,0x283807e5
28,B-A,2,reference,256,gf_mul,7,5931,0x283807e5
28,B-A,2,reference,256,gf_mul,8,5931,0x283807e5
28,B-A,2,reference,256,gf_mul,9,5931,0x283807e5
28,B-A,2,reference,256,gf_mul,10,5931,0x283807e5
28,B-A,2,reference,256,gf_mul,11,5931,0x283807e5
28,B-A,2,reference,256,gf_mul,12,5931,0x283807e5
28,B-A,2,reference,256,gf_mul,13,5931,0x283807e5
28,B-A,2,reference,256,gf_mul,14,5931,0x283807e5
28,B-A,2,reference,256,gf_mul,15,5931,0x283807e5
28,B-A,2,reference,256,gf_mul,16,5931,0x283807e5
28,B-A,2,reference,256,gf_mul,17,5931,0x283807e5
28,B-A,2,reference,256,gf_mul,18,5931,0x283807e5
28,B-A,2,reference,256,gf_mul,19,5931,0x283807e5
28,B-A,2,reference,256,gf_mul,20,5931,0x283807e5
28,B-A,2,reference,256,gf_mul,21,5931,0x283807e5
28,B-A,2,reference,256,gf_mul,22,5931,0x283807e5
28,B-A,2,reference,256,gf_mul,23,5931,0x283807e5
28,B-A,2,reference,256,gf_mul,24,5931,0x283807e5
28,B-A,2,reference,256,gf_mul,25,5931,0x283807e5
28,B-A,2,reference,256,gf_mul,26,5931,0x283807e5
28,B-A,2,reference,256,gf_mul,27,5931,0x283807e5
28,B-A,2,reference,256,gf_mul,28,5931,0x283807e5
28,B-A,2,reference,256,gf_mul,29,5931,0x283807e5
28,B-A,2,reference,256,gf_mul,30,5931,0x283807e5
28,B-A,2,reference,256,gf_mul,31,5931,0x283807e5
28,B-A,2,reference,256,gf_mul,32,5931,0x283807e5
28,B-A,2,reference,256,gf_mul,33,5931,0x283807e5
28,B-A,2,reference,256,gf_mul,34,5931,0x283807e5
28,B-A,2,reference,256,gf_mul,35,5931,0x283807e5
28,B-A,2,reference,256,gf_mul,36,5931,0x283807e5
28,B-A,2,reference,256,gf_mul,37,5931,0x283807e5
28,B-A,2,reference,256,gf_mul,38,5931,0x283807e5
28,B-A,2,reference,256,gf_mul,39,5931,0x283807e5
28,B-A,2,reference,256,gf_mul,40,5931,0x283807e5
28,B-A,2,reference,256,gf_mul,41,5931,0x283807e5
28,B-A,2,reference,256,gf_mul,42,5931,0x283807e5
28,B-A,2,reference,256,gf_mul,43,5931,0x283807e5
28,B-A,2,reference,256,gf_mul,44,5931,0x283807e5
28,B-A,2,reference,256,gf_mul,45,5931,0x283807e5
28,B-A,2,reference,256,gf_mul,46,5931,0x283807e5
28,B-A,2,reference,256,gf_mul,47,5931,0x283807e5
28,B-A,2,reference,256,gf_mul,48,5931,0x283807e5
28,B-A,2,reference,256,gf_mul,49,5931,0x283807e5
28,B-A,2,reference,256,gf_sqr,0,203,0x283807e5
28,B-A,2,reference,256,gf_sqr,1,202,0x283807e5
28,B-A,2,reference,256,gf_sqr,2,203,0x283807e5
28,B-A,2,reference,256,gf_sqr,3,202,0x283807e5
28,B-A,2,reference,256,gf_sqr,4,202,0x283807e5
28,B-A,2,reference,256,gf_sqr,5,202,0x283807e5
28,B-A,2,reference,256,gf_sqr,6,202,0x283807e5
28,B-A,2,reference,256,gf_sqr,7,202,0x283807e5
28,B-A,2,reference,256,gf_sqr,8,202,0x283807e5
28,B-A,2,reference,256,gf_sqr,9,202,0x283807e5
28,B-A,2,reference,256,gf_sqr,10,202,0x283807e5
28,B-A,2,reference,256,gf_sqr,11,202,0x283807e5
28,B-A,2,reference,256,gf_sqr,12,202,0x283807e5
28,B-A,2,reference,256,gf_sqr,13,202,0x283807e5
28,B-A,2,reference,256,gf_sqr,14,202,0x283807e5
28,B-A,2,reference,256,gf_sqr,15,202,0x283807e5
28,B-A,2,reference,256,gf_sqr,16,202,0x283807e5
28,B-A,2,reference,256,gf_sqr,17,202,0x283807e5
28,B-A,2,reference,256,gf_sqr,18,202,0x283807e5
28,B-A,2,reference,256,gf_sqr,19,202,0x283807e5
28,B-A,2,reference,256,gf_sqr,20,202,0x283807e5
28,B-A,2,reference,256,gf_sqr,21,202,0x283807e5
28,B-A,2,reference,256,gf_sqr,22,202,0x283807e5
28,B-A,2,reference,256,gf_sqr,23,202,0x283807e5
28,B-A,2,reference,256,gf_sqr,24,202,0x283807e5
28,B-A,2,reference,256,gf_sqr,25,202,0x283807e5
28,B-A,2,reference,256,gf_sqr,26,202,0x283807e5
28,B-A,2,reference,256,gf_sqr,27,202,0x283807e5
28,B-A,2,reference,256,gf_sqr,28,202,0x283807e5
28,B-A,2,reference,256,gf_sqr,29,202,0x283807e5
28,B-A,2,reference,256,gf_sqr,30,202,0x283807e5
28,B-A,2,reference,256,gf_sqr,31,202,0x283807e5
28,B-A,2,reference,256,gf_sqr,32,202,0x283807e5
28,B-A,2,reference,256,gf_sqr,33,202,0x283807e5
28,B-A,2,reference,256,gf_sqr,34,202,0x283807e5
28,B-A,2,reference,256,gf_sqr,35,202,0x283807e5
28,B-A,2,reference,256,gf_sqr,36,202,0x283807e5
28,B-A,2,reference,256,gf_sqr,37,202,0x283807e5
28,B-A,2,reference,256,gf_sqr,38,202,0x283807e5
28,B-A,2,reference,256,gf_sqr,39,202,0x283807e5
28,B-A,2,reference,256,gf_sqr,40,202,0x283807e5
28,B-A,2,reference,256,gf_sqr,41,202,0x283807e5
28,B-A,2,reference,256,gf_sqr,42,202,0x283807e5
28,B-A,2,reference,256,gf_sqr,43,202,0x283807e5
28,B-A,2,reference,256,gf_sqr,44,202,0x283807e5
28,B-A,2,reference,256,gf_sqr,45,202,0x283807e5
28,B-A,2,reference,256,gf_sqr,46,202,0x283807e5
28,B-A,2,reference,256,gf_sqr,47,202,0x283807e5
28,B-A,2,reference,256,gf_sqr,48,202,0x283807e5
28,B-A,2,reference,256,gf_sqr,49,202,0x283807e5
29,A-B,1,reference,128,gf_mul,0,1969,0x54cada71
29,A-B,1,reference,128,gf_mul,1,1965,0x54cada71
29,A-B,1,reference,128,gf_mul,2,1965,0x54cada71
29,A-B,1,reference,128,gf_mul,3,1964,0x54cada71
29,A-B,1,reference,128,gf_mul,4,1964,0x54cada71
29,A-B,1,reference,128,gf_mul,5,1964,0x54cada71
29,A-B,1,reference,128,gf_mul,6,1964,0x54cada71
29,A-B,1,reference,128,gf_mul,7,1964,0x54cada71
29,A-B,1,reference,128,gf_mul,8,1964,0x54cada71
29,A-B,1,reference,128,gf_mul,9,1964,0x54cada71
29,A-B,1,reference,128,gf_mul,10,1964,0x54cada71
29,A-B,1,reference,128,gf_mul,11,1964,0x54cada71
29,A-B,1,reference,128,gf_mul,12,1964,0x54cada71
29,A-B,1,reference,128,gf_mul,13,1964,0x54cada71
29,A-B,1,reference,128,gf_mul,14,1964,0x54cada71
29,A-B,1,reference,128,gf_mul,15,1964,0x54cada71
29,A-B,1,reference,128,gf_mul,16,1964,0x54cada71
29,A-B,1,reference,128,gf_mul,17,1964,0x54cada71
29,A-B,1,reference,128,gf_mul,18,1964,0x54cada71
29,A-B,1,reference,128,gf_mul,19,1964,0x54cada71
29,A-B,1,reference,128,gf_mul,20,1964,0x54cada71
29,A-B,1,reference,128,gf_mul,21,1964,0x54cada71
29,A-B,1,reference,128,gf_mul,22,1964,0x54cada71
29,A-B,1,reference,128,gf_mul,23,1964,0x54cada71
29,A-B,1,reference,128,gf_mul,24,1964,0x54cada71
29,A-B,1,reference,128,gf_mul,25,1964,0x54cada71
29,A-B,1,reference,128,gf_mul,26,1964,0x54cada71
29,A-B,1,reference,128,gf_mul,27,1964,0x54cada71
29,A-B,1,reference,128,gf_mul,28,1964,0x54cada71
29,A-B,1,reference,128,gf_mul,29,1964,0x54cada71
29,A-B,1,reference,128,gf_mul,30,1964,0x54cada71
29,A-B,1,reference,128,gf_mul,31,1964,0x54cada71
29,A-B,1,reference,128,gf_mul,32,1964,0x54cada71
29,A-B,1,reference,128,gf_mul,33,1964,0x54cada71
29,A-B,1,reference,128,gf_mul,34,1964,0x54cada71
29,A-B,1,reference,128,gf_mul,35,1964,0x54cada71
29,A-B,1,reference,128,gf_mul,36,1964,0x54cada71
29,A-B,1,reference,128,gf_mul,37,1964,0x54cada71
29,A-B,1,reference,128,gf_mul,38,1964,0x54cada71
29,A-B,1,reference,128,gf_mul,39,1964,0x54cada71
29,A-B,1,reference,128,gf_mul,40,1964,0x54cada71
29,A-B,1,reference,128,gf_mul,41,1964,0x54cada71
29,A-B,1,reference,128,gf_mul,42,1964,0x54cada71
29,A-B,1,reference,128,gf_mul,43,1964,0x54cada71
29,A-B,1,reference,128,gf_mul,44,1964,0x54cada71
29,A-B,1,reference,128,gf_mul,45,1964,0x54cada71
29,A-B,1,reference,128,gf_mul,46,1964,0x54cada71
29,A-B,1,reference,128,gf_mul,47,1964,0x54cada71
29,A-B,1,reference,128,gf_mul,48,1964,0x54cada71
29,A-B,1,reference,128,gf_mul,49,1964,0x54cada71
29,A-B,1,reference,128,gf_sqr,0,107,0x54cada71
29,A-B,1,reference,128,gf_sqr,1,103,0x54cada71
29,A-B,1,reference,128,gf_sqr,2,103,0x54cada71
29,A-B,1,reference,128,gf_sqr,3,102,0x54cada71
29,A-B,1,reference,128,gf_sqr,4,102,0x54cada71
29,A-B,1,reference,128,gf_sqr,5,102,0x54cada71
29,A-B,1,reference,128,gf_sqr,6,102,0x54cada71
29,A-B,1,reference,128,gf_sqr,7,102,0x54cada71
29,A-B,1,reference,128,gf_sqr,8,102,0x54cada71
29,A-B,1,reference,128,gf_sqr,9,102,0x54cada71
29,A-B,1,reference,128,gf_sqr,10,102,0x54cada71
29,A-B,1,reference,128,gf_sqr,11,102,0x54cada71
29,A-B,1,reference,128,gf_sqr,12,102,0x54cada71
29,A-B,1,reference,128,gf_sqr,13,102,0x54cada71
29,A-B,1,reference,128,gf_sqr,14,102,0x54cada71
29,A-B,1,reference,128,gf_sqr,15,102,0x54cada71
29,A-B,1,reference,128,gf_sqr,16,102,0x54cada71
29,A-B,1,reference,128,gf_sqr,17,102,0x54cada71
29,A-B,1,reference,128,gf_sqr,18,102,0x54cada71
29,A-B,1,reference,128,gf_sqr,19,102,0x54cada71
29,A-B,1,reference,128,gf_sqr,20,102,0x54cada71
29,A-B,1,reference,128,gf_sqr,21,102,0x54cada71
29,A-B,1,reference,128,gf_sqr,22,102,0x54cada71
29,A-B,1,reference,128,gf_sqr,23,102,0x54cada71
29,A-B,1,reference,128,gf_sqr,24,102,0x54cada71
29,A-B,1,reference,128,gf_sqr,25,102,0x54cada71
29,A-B,1,reference,128,gf_sqr,26,102,0x54cada71
29,A-B,1,reference,128,gf_sqr,27,102,0x54cada71
29,A-B,1,reference,128,gf_sqr,28,102,0x54cada71
29,A-B,1,reference,128,gf_sqr,29,102,0x54cada71
29,A-B,1,reference,128,gf_sqr,30,102,0x54cada71
29,A-B,1,reference,128,gf_sqr,31,102,0x54cada71
29,A-B,1,reference,128,gf_sqr,32,102,0x54cada71
29,A-B,1,reference,128,gf_sqr,33,102,0x54cada71
29,A-B,1,reference,128,gf_sqr,34,102,0x54cada71
29,A-B,1,reference,128,gf_sqr,35,102,0x54cada71
29,A-B,1,reference,128,gf_sqr,36,102,0x54cada71
29,A-B,1,reference,128,gf_sqr,37,102,0x54cada71
29,A-B,1,reference,128,gf_sqr,38,102,0x54cada71
29,A-B,1,reference,128,gf_sqr,39,102,0x54cada71
29,A-B,1,reference,128,gf_sqr,40,102,0x54cada71
29,A-B,1,reference,128,gf_sqr,41,102,0x54cada71
29,A-B,1,reference,128,gf_sqr,42,102,0x54cada71
29,A-B,1,reference,128,gf_sqr,43,102,0x54cada71
29,A-B,1,reference,128,gf_sqr,44,102,0x54cada71
29,A-B,1,reference,128,gf_sqr,45,102,0x54cada71
29,A-B,1,reference,128,gf_sqr,46,102,0x54cada71
29,A-B,1,reference,128,gf_sqr,47,102,0x54cada71
29,A-B,1,reference,128,gf_sqr,48,102,0x54cada71
29,A-B,1,reference,128,gf_sqr,49,102,0x54cada71
29,A-B,2,optimized,128,gf_mul,0,1969,0x54cada71
29,A-B,2,optimized,128,gf_mul,1,1968,0x54cada71
29,A-B,2,optimized,128,gf_mul,2,1968,0x54cada71
29,A-B,2,optimized,128,gf_mul,3,1967,0x54cada71
29,A-B,2,optimized,128,gf_mul,4,1967,0x54cada71
29,A-B,2,optimized,128,gf_mul,5,1967,0x54cada71
29,A-B,2,optimized,128,gf_mul,6,1967,0x54cada71
29,A-B,2,optimized,128,gf_mul,7,1967,0x54cada71
29,A-B,2,optimized,128,gf_mul,8,1967,0x54cada71
29,A-B,2,optimized,128,gf_mul,9,1967,0x54cada71
29,A-B,2,optimized,128,gf_mul,10,1967,0x54cada71
29,A-B,2,optimized,128,gf_mul,11,1967,0x54cada71
29,A-B,2,optimized,128,gf_mul,12,1967,0x54cada71
29,A-B,2,optimized,128,gf_mul,13,1967,0x54cada71
29,A-B,2,optimized,128,gf_mul,14,1967,0x54cada71
29,A-B,2,optimized,128,gf_mul,15,1967,0x54cada71
29,A-B,2,optimized,128,gf_mul,16,1967,0x54cada71
29,A-B,2,optimized,128,gf_mul,17,1967,0x54cada71
29,A-B,2,optimized,128,gf_mul,18,1967,0x54cada71
29,A-B,2,optimized,128,gf_mul,19,1967,0x54cada71
29,A-B,2,optimized,128,gf_mul,20,1967,0x54cada71
29,A-B,2,optimized,128,gf_mul,21,1967,0x54cada71
29,A-B,2,optimized,128,gf_mul,22,1967,0x54cada71
29,A-B,2,optimized,128,gf_mul,23,1967,0x54cada71
29,A-B,2,optimized,128,gf_mul,24,1967,0x54cada71
29,A-B,2,optimized,128,gf_mul,25,1967,0x54cada71
29,A-B,2,optimized,128,gf_mul,26,1967,0x54cada71
29,A-B,2,optimized,128,gf_mul,27,1967,0x54cada71
29,A-B,2,optimized,128,gf_mul,28,1967,0x54cada71
29,A-B,2,optimized,128,gf_mul,29,1967,0x54cada71
29,A-B,2,optimized,128,gf_mul,30,1967,0x54cada71
29,A-B,2,optimized,128,gf_mul,31,1967,0x54cada71
29,A-B,2,optimized,128,gf_mul,32,1967,0x54cada71
29,A-B,2,optimized,128,gf_mul,33,1967,0x54cada71
29,A-B,2,optimized,128,gf_mul,34,1967,0x54cada71
29,A-B,2,optimized,128,gf_mul,35,1967,0x54cada71
29,A-B,2,optimized,128,gf_mul,36,1967,0x54cada71
29,A-B,2,optimized,128,gf_mul,37,1967,0x54cada71
29,A-B,2,optimized,128,gf_mul,38,1967,0x54cada71
29,A-B,2,optimized,128,gf_mul,39,1967,0x54cada71
29,A-B,2,optimized,128,gf_mul,40,1967,0x54cada71
29,A-B,2,optimized,128,gf_mul,41,1967,0x54cada71
29,A-B,2,optimized,128,gf_mul,42,1967,0x54cada71
29,A-B,2,optimized,128,gf_mul,43,1967,0x54cada71
29,A-B,2,optimized,128,gf_mul,44,1967,0x54cada71
29,A-B,2,optimized,128,gf_mul,45,1967,0x54cada71
29,A-B,2,optimized,128,gf_mul,46,1967,0x54cada71
29,A-B,2,optimized,128,gf_mul,47,1967,0x54cada71
29,A-B,2,optimized,128,gf_mul,48,1967,0x54cada71
29,A-B,2,optimized,128,gf_mul,49,1967,0x54cada71
29,A-B,2,optimized,128,gf_sqr,0,107,0x54cada71
29,A-B,2,optimized,128,gf_sqr,1,107,0x54cada71
29,A-B,2,optimized,128,gf_sqr,2,107,0x54cada71
29,A-B,2,optimized,128,gf_sqr,3,106,0x54cada71
29,A-B,2,optimized,128,gf_sqr,4,106,0x54cada71
29,A-B,2,optimized,128,gf_sqr,5,106,0x54cada71
29,A-B,2,optimized,128,gf_sqr,6,106,0x54cada71
29,A-B,2,optimized,128,gf_sqr,7,106,0x54cada71
29,A-B,2,optimized,128,gf_sqr,8,106,0x54cada71
29,A-B,2,optimized,128,gf_sqr,9,106,0x54cada71
29,A-B,2,optimized,128,gf_sqr,10,106,0x54cada71
29,A-B,2,optimized,128,gf_sqr,11,106,0x54cada71
29,A-B,2,optimized,128,gf_sqr,12,106,0x54cada71
29,A-B,2,optimized,128,gf_sqr,13,106,0x54cada71
29,A-B,2,optimized,128,gf_sqr,14,106,0x54cada71
29,A-B,2,optimized,128,gf_sqr,15,106,0x54cada71
29,A-B,2,optimized,128,gf_sqr,16,106,0x54cada71
29,A-B,2,optimized,128,gf_sqr,17,106,0x54cada71
29,A-B,2,optimized,128,gf_sqr,18,106,0x54cada71
29,A-B,2,optimized,128,gf_sqr,19,106,0x54cada71
29,A-B,2,optimized,128,gf_sqr,20,106,0x54cada71
29,A-B,2,optimized,128,gf_sqr,21,106,0x54cada71
29,A-B,2,optimized,128,gf_sqr,22,106,0x54cada71
29,A-B,2,optimized,128,gf_sqr,23,106,0x54cada71
29,A-B,2,optimized,128,gf_sqr,24,106,0x54cada71
29,A-B,2,optimized,128,gf_sqr,25,106,0x54cada71
29,A-B,2,optimized,128,gf_sqr,26,106,0x54cada71
29,A-B,2,optimized,128,gf_sqr,27,106,0x54cada71
29,A-B,2,optimized,128,gf_sqr,28,106,0x54cada71
29,A-B,2,optimized,128,gf_sqr,29,106,0x54cada71
29,A-B,2,optimized,128,gf_sqr,30,106,0x54cada71
29,A-B,2,optimized,128,gf_sqr,31,106,0x54cada71
29,A-B,2,optimized,128,gf_sqr,32,106,0x54cada71
29,A-B,2,optimized,128,gf_sqr,33,106,0x54cada71
29,A-B,2,optimized,128,gf_sqr,34,106,0x54cada71
29,A-B,2,optimized,128,gf_sqr,35,106,0x54cada71
29,A-B,2,optimized,128,gf_sqr,36,106,0x54cada71
29,A-B,2,optimized,128,gf_sqr,37,106,0x54cada71
29,A-B,2,optimized,128,gf_sqr,38,106,0x54cada71
29,A-B,2,optimized,128,gf_sqr,39,106,0x54cada71
29,A-B,2,optimized,128,gf_sqr,40,106,0x54cada71
29,A-B,2,optimized,128,gf_sqr,41,106,0x54cada71
29,A-B,2,optimized,128,gf_sqr,42,106,0x54cada71
29,A-B,2,optimized,128,gf_sqr,43,106,0x54cada71
29,A-B,2,optimized,128,gf_sqr,44,106,0x54cada71
29,A-B,2,optimized,128,gf_sqr,45,106,0x54cada71
29,A-B,2,optimized,128,gf_sqr,46,106,0x54cada71
29,A-B,2,optimized,128,gf_sqr,47,106,0x54cada71
29,A-B,2,optimized,128,gf_sqr,48,106,0x54cada71
29,A-B,2,optimized,128,gf_sqr,49,106,0x54cada71
29,A-B,1,reference,192,gf_mul,0,3927,0x2bf8b731
29,A-B,1,reference,192,gf_mul,1,3927,0x2bf8b731
29,A-B,1,reference,192,gf_mul,2,3927,0x2bf8b731
29,A-B,1,reference,192,gf_mul,3,3926,0x2bf8b731
29,A-B,1,reference,192,gf_mul,4,3926,0x2bf8b731
29,A-B,1,reference,192,gf_mul,5,3926,0x2bf8b731
29,A-B,1,reference,192,gf_mul,6,3926,0x2bf8b731
29,A-B,1,reference,192,gf_mul,7,3926,0x2bf8b731
29,A-B,1,reference,192,gf_mul,8,3926,0x2bf8b731
29,A-B,1,reference,192,gf_mul,9,3926,0x2bf8b731
29,A-B,1,reference,192,gf_mul,10,3926,0x2bf8b731
29,A-B,1,reference,192,gf_mul,11,3926,0x2bf8b731
29,A-B,1,reference,192,gf_mul,12,3926,0x2bf8b731
29,A-B,1,reference,192,gf_mul,13,3926,0x2bf8b731
29,A-B,1,reference,192,gf_mul,14,3926,0x2bf8b731
29,A-B,1,reference,192,gf_mul,15,3926,0x2bf8b731
29,A-B,1,reference,192,gf_mul,16,3926,0x2bf8b731
29,A-B,1,reference,192,gf_mul,17,3926,0x2bf8b731
29,A-B,1,reference,192,gf_mul,18,3926,0x2bf8b731
29,A-B,1,reference,192,gf_mul,19,3926,0x2bf8b731
29,A-B,1,reference,192,gf_mul,20,3926,0x2bf8b731
29,A-B,1,reference,192,gf_mul,21,3926,0x2bf8b731
29,A-B,1,reference,192,gf_mul,22,3926,0x2bf8b731
29,A-B,1,reference,192,gf_mul,23,3926,0x2bf8b731
29,A-B,1,reference,192,gf_mul,24,3926,0x2bf8b731
29,A-B,1,reference,192,gf_mul,25,3926,0x2bf8b731
29,A-B,1,reference,192,gf_mul,26,3926,0x2bf8b731
29,A-B,1,reference,192,gf_mul,27,3926,0x2bf8b731
29,A-B,1,reference,192,gf_mul,28,3926,0x2bf8b731
29,A-B,1,reference,192,gf_mul,29,3926,0x2bf8b731
29,A-B,1,reference,192,gf_mul,30,3926,0x2bf8b731
29,A-B,1,reference,192,gf_mul,31,3926,0x2bf8b731
29,A-B,1,reference,192,gf_mul,32,3926,0x2bf8b731
29,A-B,1,reference,192,gf_mul,33,3926,0x2bf8b731
29,A-B,1,reference,192,gf_mul,34,3926,0x2bf8b731
29,A-B,1,reference,192,gf_mul,35,3926,0x2bf8b731
29,A-B,1,reference,192,gf_mul,36,3926,0x2bf8b731
29,A-B,1,reference,192,gf_mul,37,3926,0x2bf8b731
29,A-B,1,reference,192,gf_mul,38,3926,0x2bf8b731
29,A-B,1,reference,192,gf_mul,39,3926,0x2bf8b731
29,A-B,1,reference,192,gf_mul,40,3926,0x2bf8b731
29,A-B,1,reference,192,gf_mul,41,3926,0x2bf8b731
29,A-B,1,reference,192,gf_mul,42,3926,0x2bf8b731
29,A-B,1,reference,192,gf_mul,43,3926,0x2bf8b731
29,A-B,1,reference,192,gf_mul,44,3926,0x2bf8b731
29,A-B,1,reference,192,gf_mul,45,3926,0x2bf8b731
29,A-B,1,reference,192,gf_mul,46,3926,0x2bf8b731
29,A-B,1,reference,192,gf_mul,47,3926,0x2bf8b731
29,A-B,1,reference,192,gf_mul,48,3926,0x2bf8b731
29,A-B,1,reference,192,gf_mul,49,3926,0x2bf8b731
29,A-B,1,reference,192,gf_sqr,0,144,0x2bf8b731
29,A-B,1,reference,192,gf_sqr,1,144,0x2bf8b731
29,A-B,1,reference,192,gf_sqr,2,143,0x2bf8b731
29,A-B,1,reference,192,gf_sqr,3,144,0x2bf8b731
29,A-B,1,reference,192,gf_sqr,4,144,0x2bf8b731
29,A-B,1,reference,192,gf_sqr,5,144,0x2bf8b731
29,A-B,1,reference,192,gf_sqr,6,144,0x2bf8b731
29,A-B,1,reference,192,gf_sqr,7,144,0x2bf8b731
29,A-B,1,reference,192,gf_sqr,8,144,0x2bf8b731
29,A-B,1,reference,192,gf_sqr,9,144,0x2bf8b731
29,A-B,1,reference,192,gf_sqr,10,144,0x2bf8b731
29,A-B,1,reference,192,gf_sqr,11,144,0x2bf8b731
29,A-B,1,reference,192,gf_sqr,12,144,0x2bf8b731
29,A-B,1,reference,192,gf_sqr,13,144,0x2bf8b731
29,A-B,1,reference,192,gf_sqr,14,144,0x2bf8b731
29,A-B,1,reference,192,gf_sqr,15,144,0x2bf8b731
29,A-B,1,reference,192,gf_sqr,16,144,0x2bf8b731
29,A-B,1,reference,192,gf_sqr,17,144,0x2bf8b731
29,A-B,1,reference,192,gf_sqr,18,144,0x2bf8b731
29,A-B,1,reference,192,gf_sqr,19,144,0x2bf8b731
29,A-B,1,reference,192,gf_sqr,20,144,0x2bf8b731
29,A-B,1,reference,192,gf_sqr,21,144,0x2bf8b731
29,A-B,1,reference,192,gf_sqr,22,144,0x2bf8b731
29,A-B,1,reference,192,gf_sqr,23,144,0x2bf8b731
29,A-B,1,reference,192,gf_sqr,24,144,0x2bf8b731
29,A-B,1,reference,192,gf_sqr,25,144,0x2bf8b731
29,A-B,1,reference,192,gf_sqr,26,144,0x2bf8b731
29,A-B,1,reference,192,gf_sqr,27,144,0x2bf8b731
29,A-B,1,reference,192,gf_sqr,28,144,0x2bf8b731
29,A-B,1,reference,192,gf_sqr,29,144,0x2bf8b731
29,A-B,1,reference,192,gf_sqr,30,144,0x2bf8b731
29,A-B,1,reference,192,gf_sqr,31,144,0x2bf8b731
29,A-B,1,reference,192,gf_sqr,32,144,0x2bf8b731
29,A-B,1,reference,192,gf_sqr,33,144,0x2bf8b731
29,A-B,1,reference,192,gf_sqr,34,144,0x2bf8b731
29,A-B,1,reference,192,gf_sqr,35,144,0x2bf8b731
29,A-B,1,reference,192,gf_sqr,36,144,0x2bf8b731
29,A-B,1,reference,192,gf_sqr,37,144,0x2bf8b731
29,A-B,1,reference,192,gf_sqr,38,144,0x2bf8b731
29,A-B,1,reference,192,gf_sqr,39,144,0x2bf8b731
29,A-B,1,reference,192,gf_sqr,40,144,0x2bf8b731
29,A-B,1,reference,192,gf_sqr,41,144,0x2bf8b731
29,A-B,1,reference,192,gf_sqr,42,144,0x2bf8b731
29,A-B,1,reference,192,gf_sqr,43,144,0x2bf8b731
29,A-B,1,reference,192,gf_sqr,44,144,0x2bf8b731
29,A-B,1,reference,192,gf_sqr,45,144,0x2bf8b731
29,A-B,1,reference,192,gf_sqr,46,144,0x2bf8b731
29,A-B,1,reference,192,gf_sqr,47,144,0x2bf8b731
29,A-B,1,reference,192,gf_sqr,48,144,0x2bf8b731
29,A-B,1,reference,192,gf_sqr,49,144,0x2bf8b731
29,A-B,2,optimized,192,gf_mul,0,3927,0x2bf8b731
29,A-B,2,optimized,192,gf_mul,1,3927,0x2bf8b731
29,A-B,2,optimized,192,gf_mul,2,3927,0x2bf8b731
29,A-B,2,optimized,192,gf_mul,3,3926,0x2bf8b731
29,A-B,2,optimized,192,gf_mul,4,3926,0x2bf8b731
29,A-B,2,optimized,192,gf_mul,5,3926,0x2bf8b731
29,A-B,2,optimized,192,gf_mul,6,3926,0x2bf8b731
29,A-B,2,optimized,192,gf_mul,7,3926,0x2bf8b731
29,A-B,2,optimized,192,gf_mul,8,3926,0x2bf8b731
29,A-B,2,optimized,192,gf_mul,9,3926,0x2bf8b731
29,A-B,2,optimized,192,gf_mul,10,3926,0x2bf8b731
29,A-B,2,optimized,192,gf_mul,11,3926,0x2bf8b731
29,A-B,2,optimized,192,gf_mul,12,3926,0x2bf8b731
29,A-B,2,optimized,192,gf_mul,13,3926,0x2bf8b731
29,A-B,2,optimized,192,gf_mul,14,3926,0x2bf8b731
29,A-B,2,optimized,192,gf_mul,15,3926,0x2bf8b731
29,A-B,2,optimized,192,gf_mul,16,3926,0x2bf8b731
29,A-B,2,optimized,192,gf_mul,17,3926,0x2bf8b731
29,A-B,2,optimized,192,gf_mul,18,3926,0x2bf8b731
29,A-B,2,optimized,192,gf_mul,19,3926,0x2bf8b731
29,A-B,2,optimized,192,gf_mul,20,3926,0x2bf8b731
29,A-B,2,optimized,192,gf_mul,21,3926,0x2bf8b731
29,A-B,2,optimized,192,gf_mul,22,3926,0x2bf8b731
29,A-B,2,optimized,192,gf_mul,23,3926,0x2bf8b731
29,A-B,2,optimized,192,gf_mul,24,3926,0x2bf8b731
29,A-B,2,optimized,192,gf_mul,25,3926,0x2bf8b731
29,A-B,2,optimized,192,gf_mul,26,3926,0x2bf8b731
29,A-B,2,optimized,192,gf_mul,27,3926,0x2bf8b731
29,A-B,2,optimized,192,gf_mul,28,3926,0x2bf8b731
29,A-B,2,optimized,192,gf_mul,29,3926,0x2bf8b731
29,A-B,2,optimized,192,gf_mul,30,3926,0x2bf8b731
29,A-B,2,optimized,192,gf_mul,31,3926,0x2bf8b731
29,A-B,2,optimized,192,gf_mul,32,3926,0x2bf8b731
29,A-B,2,optimized,192,gf_mul,33,3926,0x2bf8b731
29,A-B,2,optimized,192,gf_mul,34,3926,0x2bf8b731
29,A-B,2,optimized,192,gf_mul,35,3926,0x2bf8b731
29,A-B,2,optimized,192,gf_mul,36,3926,0x2bf8b731
29,A-B,2,optimized,192,gf_mul,37,3926,0x2bf8b731
29,A-B,2,optimized,192,gf_mul,38,3926,0x2bf8b731
29,A-B,2,optimized,192,gf_mul,39,3926,0x2bf8b731
29,A-B,2,optimized,192,gf_mul,40,3926,0x2bf8b731
29,A-B,2,optimized,192,gf_mul,41,3926,0x2bf8b731
29,A-B,2,optimized,192,gf_mul,42,3926,0x2bf8b731
29,A-B,2,optimized,192,gf_mul,43,3926,0x2bf8b731
29,A-B,2,optimized,192,gf_mul,44,3926,0x2bf8b731
29,A-B,2,optimized,192,gf_mul,45,3926,0x2bf8b731
29,A-B,2,optimized,192,gf_mul,46,3926,0x2bf8b731
29,A-B,2,optimized,192,gf_mul,47,3926,0x2bf8b731
29,A-B,2,optimized,192,gf_mul,48,3926,0x2bf8b731
29,A-B,2,optimized,192,gf_mul,49,3926,0x2bf8b731
29,A-B,2,optimized,192,gf_sqr,0,144,0x2bf8b731
29,A-B,2,optimized,192,gf_sqr,1,144,0x2bf8b731
29,A-B,2,optimized,192,gf_sqr,2,143,0x2bf8b731
29,A-B,2,optimized,192,gf_sqr,3,144,0x2bf8b731
29,A-B,2,optimized,192,gf_sqr,4,144,0x2bf8b731
29,A-B,2,optimized,192,gf_sqr,5,144,0x2bf8b731
29,A-B,2,optimized,192,gf_sqr,6,144,0x2bf8b731
29,A-B,2,optimized,192,gf_sqr,7,144,0x2bf8b731
29,A-B,2,optimized,192,gf_sqr,8,144,0x2bf8b731
29,A-B,2,optimized,192,gf_sqr,9,144,0x2bf8b731
29,A-B,2,optimized,192,gf_sqr,10,144,0x2bf8b731
29,A-B,2,optimized,192,gf_sqr,11,144,0x2bf8b731
29,A-B,2,optimized,192,gf_sqr,12,144,0x2bf8b731
29,A-B,2,optimized,192,gf_sqr,13,144,0x2bf8b731
29,A-B,2,optimized,192,gf_sqr,14,144,0x2bf8b731
29,A-B,2,optimized,192,gf_sqr,15,144,0x2bf8b731
29,A-B,2,optimized,192,gf_sqr,16,144,0x2bf8b731
29,A-B,2,optimized,192,gf_sqr,17,144,0x2bf8b731
29,A-B,2,optimized,192,gf_sqr,18,144,0x2bf8b731
29,A-B,2,optimized,192,gf_sqr,19,144,0x2bf8b731
29,A-B,2,optimized,192,gf_sqr,20,144,0x2bf8b731
29,A-B,2,optimized,192,gf_sqr,21,144,0x2bf8b731
29,A-B,2,optimized,192,gf_sqr,22,144,0x2bf8b731
29,A-B,2,optimized,192,gf_sqr,23,144,0x2bf8b731
29,A-B,2,optimized,192,gf_sqr,24,144,0x2bf8b731
29,A-B,2,optimized,192,gf_sqr,25,144,0x2bf8b731
29,A-B,2,optimized,192,gf_sqr,26,144,0x2bf8b731
29,A-B,2,optimized,192,gf_sqr,27,144,0x2bf8b731
29,A-B,2,optimized,192,gf_sqr,28,144,0x2bf8b731
29,A-B,2,optimized,192,gf_sqr,29,144,0x2bf8b731
29,A-B,2,optimized,192,gf_sqr,30,144,0x2bf8b731
29,A-B,2,optimized,192,gf_sqr,31,144,0x2bf8b731
29,A-B,2,optimized,192,gf_sqr,32,144,0x2bf8b731
29,A-B,2,optimized,192,gf_sqr,33,144,0x2bf8b731
29,A-B,2,optimized,192,gf_sqr,34,144,0x2bf8b731
29,A-B,2,optimized,192,gf_sqr,35,144,0x2bf8b731
29,A-B,2,optimized,192,gf_sqr,36,144,0x2bf8b731
29,A-B,2,optimized,192,gf_sqr,37,144,0x2bf8b731
29,A-B,2,optimized,192,gf_sqr,38,144,0x2bf8b731
29,A-B,2,optimized,192,gf_sqr,39,144,0x2bf8b731
29,A-B,2,optimized,192,gf_sqr,40,144,0x2bf8b731
29,A-B,2,optimized,192,gf_sqr,41,144,0x2bf8b731
29,A-B,2,optimized,192,gf_sqr,42,144,0x2bf8b731
29,A-B,2,optimized,192,gf_sqr,43,144,0x2bf8b731
29,A-B,2,optimized,192,gf_sqr,44,144,0x2bf8b731
29,A-B,2,optimized,192,gf_sqr,45,144,0x2bf8b731
29,A-B,2,optimized,192,gf_sqr,46,144,0x2bf8b731
29,A-B,2,optimized,192,gf_sqr,47,144,0x2bf8b731
29,A-B,2,optimized,192,gf_sqr,48,144,0x2bf8b731
29,A-B,2,optimized,192,gf_sqr,49,144,0x2bf8b731
29,A-B,1,reference,256,gf_mul,0,5933,0x283807e5
29,A-B,1,reference,256,gf_mul,1,5932,0x283807e5
29,A-B,1,reference,256,gf_mul,2,5932,0x283807e5
29,A-B,1,reference,256,gf_mul,3,5931,0x283807e5
29,A-B,1,reference,256,gf_mul,4,5931,0x283807e5
29,A-B,1,reference,256,gf_mul,5,5931,0x283807e5
29,A-B,1,reference,256,gf_mul,6,5931,0x283807e5
29,A-B,1,reference,256,gf_mul,7,5931,0x283807e5
29,A-B,1,reference,256,gf_mul,8,5931,0x283807e5
29,A-B,1,reference,256,gf_mul,9,5931,0x283807e5
29,A-B,1,reference,256,gf_mul,10,5931,0x283807e5
29,A-B,1,reference,256,gf_mul,11,5931,0x283807e5
29,A-B,1,reference,256,gf_mul,12,5931,0x283807e5
29,A-B,1,reference,256,gf_mul,13,5931,0x283807e5
29,A-B,1,reference,256,gf_mul,14,5931,0x283807e5
29,A-B,1,reference,256,gf_mul,15,5931,0x283807e5
29,A-B,1,reference,256,gf_mul,16,5931,0x283807e5
29,A-B,1,reference,256,gf_mul,17,5931,0x283807e5
29,A-B,1,reference,256,gf_mul,18,5931,0x283807e5
29,A-B,1,reference,256,gf_mul,19,5931,0x283807e5
29,A-B,1,reference,256,gf_mul,20,5931,0x283807e5
29,A-B,1,reference,256,gf_mul,21,5931,0x283807e5
29,A-B,1,reference,256,gf_mul,22,5931,0x283807e5
29,A-B,1,reference,256,gf_mul,23,5931,0x283807e5
29,A-B,1,reference,256,gf_mul,24,5931,0x283807e5
29,A-B,1,reference,256,gf_mul,25,5931,0x283807e5
29,A-B,1,reference,256,gf_mul,26,5931,0x283807e5
29,A-B,1,reference,256,gf_mul,27,5931,0x283807e5
29,A-B,1,reference,256,gf_mul,28,5931,0x283807e5
29,A-B,1,reference,256,gf_mul,29,5931,0x283807e5
29,A-B,1,reference,256,gf_mul,30,5931,0x283807e5
29,A-B,1,reference,256,gf_mul,31,5931,0x283807e5
29,A-B,1,reference,256,gf_mul,32,5931,0x283807e5
29,A-B,1,reference,256,gf_mul,33,5931,0x283807e5
29,A-B,1,reference,256,gf_mul,34,5931,0x283807e5
29,A-B,1,reference,256,gf_mul,35,5931,0x283807e5
29,A-B,1,reference,256,gf_mul,36,5931,0x283807e5
29,A-B,1,reference,256,gf_mul,37,5931,0x283807e5
29,A-B,1,reference,256,gf_mul,38,5931,0x283807e5
29,A-B,1,reference,256,gf_mul,39,5931,0x283807e5
29,A-B,1,reference,256,gf_mul,40,5931,0x283807e5
29,A-B,1,reference,256,gf_mul,41,5931,0x283807e5
29,A-B,1,reference,256,gf_mul,42,5931,0x283807e5
29,A-B,1,reference,256,gf_mul,43,5931,0x283807e5
29,A-B,1,reference,256,gf_mul,44,5931,0x283807e5
29,A-B,1,reference,256,gf_mul,45,5931,0x283807e5
29,A-B,1,reference,256,gf_mul,46,5931,0x283807e5
29,A-B,1,reference,256,gf_mul,47,5931,0x283807e5
29,A-B,1,reference,256,gf_mul,48,5931,0x283807e5
29,A-B,1,reference,256,gf_mul,49,5931,0x283807e5
29,A-B,1,reference,256,gf_sqr,0,203,0x283807e5
29,A-B,1,reference,256,gf_sqr,1,202,0x283807e5
29,A-B,1,reference,256,gf_sqr,2,203,0x283807e5
29,A-B,1,reference,256,gf_sqr,3,202,0x283807e5
29,A-B,1,reference,256,gf_sqr,4,202,0x283807e5
29,A-B,1,reference,256,gf_sqr,5,202,0x283807e5
29,A-B,1,reference,256,gf_sqr,6,202,0x283807e5
29,A-B,1,reference,256,gf_sqr,7,202,0x283807e5
29,A-B,1,reference,256,gf_sqr,8,202,0x283807e5
29,A-B,1,reference,256,gf_sqr,9,202,0x283807e5
29,A-B,1,reference,256,gf_sqr,10,202,0x283807e5
29,A-B,1,reference,256,gf_sqr,11,202,0x283807e5
29,A-B,1,reference,256,gf_sqr,12,202,0x283807e5
29,A-B,1,reference,256,gf_sqr,13,202,0x283807e5
29,A-B,1,reference,256,gf_sqr,14,202,0x283807e5
29,A-B,1,reference,256,gf_sqr,15,202,0x283807e5
29,A-B,1,reference,256,gf_sqr,16,202,0x283807e5
29,A-B,1,reference,256,gf_sqr,17,202,0x283807e5
29,A-B,1,reference,256,gf_sqr,18,202,0x283807e5
29,A-B,1,reference,256,gf_sqr,19,202,0x283807e5
29,A-B,1,reference,256,gf_sqr,20,202,0x283807e5
29,A-B,1,reference,256,gf_sqr,21,202,0x283807e5
29,A-B,1,reference,256,gf_sqr,22,202,0x283807e5
29,A-B,1,reference,256,gf_sqr,23,202,0x283807e5
29,A-B,1,reference,256,gf_sqr,24,202,0x283807e5
29,A-B,1,reference,256,gf_sqr,25,202,0x283807e5
29,A-B,1,reference,256,gf_sqr,26,202,0x283807e5
29,A-B,1,reference,256,gf_sqr,27,202,0x283807e5
29,A-B,1,reference,256,gf_sqr,28,202,0x283807e5
29,A-B,1,reference,256,gf_sqr,29,202,0x283807e5
29,A-B,1,reference,256,gf_sqr,30,202,0x283807e5
29,A-B,1,reference,256,gf_sqr,31,202,0x283807e5
29,A-B,1,reference,256,gf_sqr,32,202,0x283807e5
29,A-B,1,reference,256,gf_sqr,33,202,0x283807e5
29,A-B,1,reference,256,gf_sqr,34,202,0x283807e5
29,A-B,1,reference,256,gf_sqr,35,202,0x283807e5
29,A-B,1,reference,256,gf_sqr,36,202,0x283807e5
29,A-B,1,reference,256,gf_sqr,37,202,0x283807e5
29,A-B,1,reference,256,gf_sqr,38,202,0x283807e5
29,A-B,1,reference,256,gf_sqr,39,202,0x283807e5
29,A-B,1,reference,256,gf_sqr,40,202,0x283807e5
29,A-B,1,reference,256,gf_sqr,41,202,0x283807e5
29,A-B,1,reference,256,gf_sqr,42,202,0x283807e5
29,A-B,1,reference,256,gf_sqr,43,202,0x283807e5
29,A-B,1,reference,256,gf_sqr,44,202,0x283807e5
29,A-B,1,reference,256,gf_sqr,45,202,0x283807e5
29,A-B,1,reference,256,gf_sqr,46,202,0x283807e5
29,A-B,1,reference,256,gf_sqr,47,202,0x283807e5
29,A-B,1,reference,256,gf_sqr,48,202,0x283807e5
29,A-B,1,reference,256,gf_sqr,49,202,0x283807e5
29,A-B,2,optimized,256,gf_mul,0,5942,0x283807e5
29,A-B,2,optimized,256,gf_mul,1,5940,0x283807e5
29,A-B,2,optimized,256,gf_mul,2,5941,0x283807e5
29,A-B,2,optimized,256,gf_mul,3,5940,0x283807e5
29,A-B,2,optimized,256,gf_mul,4,5940,0x283807e5
29,A-B,2,optimized,256,gf_mul,5,5940,0x283807e5
29,A-B,2,optimized,256,gf_mul,6,5940,0x283807e5
29,A-B,2,optimized,256,gf_mul,7,5940,0x283807e5
29,A-B,2,optimized,256,gf_mul,8,5940,0x283807e5
29,A-B,2,optimized,256,gf_mul,9,5940,0x283807e5
29,A-B,2,optimized,256,gf_mul,10,5940,0x283807e5
29,A-B,2,optimized,256,gf_mul,11,5940,0x283807e5
29,A-B,2,optimized,256,gf_mul,12,5940,0x283807e5
29,A-B,2,optimized,256,gf_mul,13,5940,0x283807e5
29,A-B,2,optimized,256,gf_mul,14,5940,0x283807e5
29,A-B,2,optimized,256,gf_mul,15,5940,0x283807e5
29,A-B,2,optimized,256,gf_mul,16,5940,0x283807e5
29,A-B,2,optimized,256,gf_mul,17,5940,0x283807e5
29,A-B,2,optimized,256,gf_mul,18,5940,0x283807e5
29,A-B,2,optimized,256,gf_mul,19,5940,0x283807e5
29,A-B,2,optimized,256,gf_mul,20,5940,0x283807e5
29,A-B,2,optimized,256,gf_mul,21,5940,0x283807e5
29,A-B,2,optimized,256,gf_mul,22,5940,0x283807e5
29,A-B,2,optimized,256,gf_mul,23,5940,0x283807e5
29,A-B,2,optimized,256,gf_mul,24,5940,0x283807e5
29,A-B,2,optimized,256,gf_mul,25,5940,0x283807e5
29,A-B,2,optimized,256,gf_mul,26,5940,0x283807e5
29,A-B,2,optimized,256,gf_mul,27,5940,0x283807e5
29,A-B,2,optimized,256,gf_mul,28,5940,0x283807e5
29,A-B,2,optimized,256,gf_mul,29,5940,0x283807e5
29,A-B,2,optimized,256,gf_mul,30,5940,0x283807e5
29,A-B,2,optimized,256,gf_mul,31,5940,0x283807e5
29,A-B,2,optimized,256,gf_mul,32,5940,0x283807e5
29,A-B,2,optimized,256,gf_mul,33,5940,0x283807e5
29,A-B,2,optimized,256,gf_mul,34,5940,0x283807e5
29,A-B,2,optimized,256,gf_mul,35,5940,0x283807e5
29,A-B,2,optimized,256,gf_mul,36,5940,0x283807e5
29,A-B,2,optimized,256,gf_mul,37,5940,0x283807e5
29,A-B,2,optimized,256,gf_mul,38,5940,0x283807e5
29,A-B,2,optimized,256,gf_mul,39,5940,0x283807e5
29,A-B,2,optimized,256,gf_mul,40,5940,0x283807e5
29,A-B,2,optimized,256,gf_mul,41,5940,0x283807e5
29,A-B,2,optimized,256,gf_mul,42,5940,0x283807e5
29,A-B,2,optimized,256,gf_mul,43,5940,0x283807e5
29,A-B,2,optimized,256,gf_mul,44,5940,0x283807e5
29,A-B,2,optimized,256,gf_mul,45,5940,0x283807e5
29,A-B,2,optimized,256,gf_mul,46,5940,0x283807e5
29,A-B,2,optimized,256,gf_mul,47,5940,0x283807e5
29,A-B,2,optimized,256,gf_mul,48,5940,0x283807e5
29,A-B,2,optimized,256,gf_mul,49,5940,0x283807e5
29,A-B,2,optimized,256,gf_sqr,0,202,0x283807e5
29,A-B,2,optimized,256,gf_sqr,1,200,0x283807e5
29,A-B,2,optimized,256,gf_sqr,2,201,0x283807e5
29,A-B,2,optimized,256,gf_sqr,3,200,0x283807e5
29,A-B,2,optimized,256,gf_sqr,4,200,0x283807e5
29,A-B,2,optimized,256,gf_sqr,5,200,0x283807e5
29,A-B,2,optimized,256,gf_sqr,6,200,0x283807e5
29,A-B,2,optimized,256,gf_sqr,7,200,0x283807e5
29,A-B,2,optimized,256,gf_sqr,8,200,0x283807e5
29,A-B,2,optimized,256,gf_sqr,9,200,0x283807e5
29,A-B,2,optimized,256,gf_sqr,10,200,0x283807e5
29,A-B,2,optimized,256,gf_sqr,11,200,0x283807e5
29,A-B,2,optimized,256,gf_sqr,12,200,0x283807e5
29,A-B,2,optimized,256,gf_sqr,13,200,0x283807e5
29,A-B,2,optimized,256,gf_sqr,14,200,0x283807e5
29,A-B,2,optimized,256,gf_sqr,15,200,0x283807e5
29,A-B,2,optimized,256,gf_sqr,16,200,0x283807e5
29,A-B,2,optimized,256,gf_sqr,17,200,0x283807e5
29,A-B,2,optimized,256,gf_sqr,18,200,0x283807e5
29,A-B,2,optimized,256,gf_sqr,19,200,0x283807e5
29,A-B,2,optimized,256,gf_sqr,20,200,0x283807e5
29,A-B,2,optimized,256,gf_sqr,21,200,0x283807e5
29,A-B,2,optimized,256,gf_sqr,22,200,0x283807e5
29,A-B,2,optimized,256,gf_sqr,23,200,0x283807e5
29,A-B,2,optimized,256,gf_sqr,24,200,0x283807e5
29,A-B,2,optimized,256,gf_sqr,25,200,0x283807e5
29,A-B,2,optimized,256,gf_sqr,26,200,0x283807e5
29,A-B,2,optimized,256,gf_sqr,27,200,0x283807e5
29,A-B,2,optimized,256,gf_sqr,28,200,0x283807e5
29,A-B,2,optimized,256,gf_sqr,29,200,0x283807e5
29,A-B,2,optimized,256,gf_sqr,30,200,0x283807e5
29,A-B,2,optimized,256,gf_sqr,31,200,0x283807e5
29,A-B,2,optimized,256,gf_sqr,32,200,0x283807e5
29,A-B,2,optimized,256,gf_sqr,33,200,0x283807e5
29,A-B,2,optimized,256,gf_sqr,34,200,0x283807e5
29,A-B,2,optimized,256,gf_sqr,35,200,0x283807e5
29,A-B,2,optimized,256,gf_sqr,36,200,0x283807e5
29,A-B,2,optimized,256,gf_sqr,37,200,0x283807e5
29,A-B,2,optimized,256,gf_sqr,38,200,0x283807e5
29,A-B,2,optimized,256,gf_sqr,39,200,0x283807e5
29,A-B,2,optimized,256,gf_sqr,40,200,0x283807e5
29,A-B,2,optimized,256,gf_sqr,41,200,0x283807e5
29,A-B,2,optimized,256,gf_sqr,42,200,0x283807e5
29,A-B,2,optimized,256,gf_sqr,43,200,0x283807e5
29,A-B,2,optimized,256,gf_sqr,44,200,0x283807e5
29,A-B,2,optimized,256,gf_sqr,45,200,0x283807e5
29,A-B,2,optimized,256,gf_sqr,46,200,0x283807e5
29,A-B,2,optimized,256,gf_sqr,47,200,0x283807e5
29,A-B,2,optimized,256,gf_sqr,48,200,0x283807e5
29,A-B,2,optimized,256,gf_sqr,49,200,0x283807e5
30,B-A,1,optimized,128,gf_mul,0,1969,0x54cada71
30,B-A,1,optimized,128,gf_mul,1,1968,0x54cada71
30,B-A,1,optimized,128,gf_mul,2,1968,0x54cada71
30,B-A,1,optimized,128,gf_mul,3,1967,0x54cada71
30,B-A,1,optimized,128,gf_mul,4,1967,0x54cada71
30,B-A,1,optimized,128,gf_mul,5,1967,0x54cada71
30,B-A,1,optimized,128,gf_mul,6,1967,0x54cada71
30,B-A,1,optimized,128,gf_mul,7,1967,0x54cada71
30,B-A,1,optimized,128,gf_mul,8,1967,0x54cada71
30,B-A,1,optimized,128,gf_mul,9,1967,0x54cada71
30,B-A,1,optimized,128,gf_mul,10,1967,0x54cada71
30,B-A,1,optimized,128,gf_mul,11,1967,0x54cada71
30,B-A,1,optimized,128,gf_mul,12,1967,0x54cada71
30,B-A,1,optimized,128,gf_mul,13,1967,0x54cada71
30,B-A,1,optimized,128,gf_mul,14,1967,0x54cada71
30,B-A,1,optimized,128,gf_mul,15,1967,0x54cada71
30,B-A,1,optimized,128,gf_mul,16,1967,0x54cada71
30,B-A,1,optimized,128,gf_mul,17,1967,0x54cada71
30,B-A,1,optimized,128,gf_mul,18,1967,0x54cada71
30,B-A,1,optimized,128,gf_mul,19,1967,0x54cada71
30,B-A,1,optimized,128,gf_mul,20,1967,0x54cada71
30,B-A,1,optimized,128,gf_mul,21,1967,0x54cada71
30,B-A,1,optimized,128,gf_mul,22,1967,0x54cada71
30,B-A,1,optimized,128,gf_mul,23,1967,0x54cada71
30,B-A,1,optimized,128,gf_mul,24,1967,0x54cada71
30,B-A,1,optimized,128,gf_mul,25,1967,0x54cada71
30,B-A,1,optimized,128,gf_mul,26,1967,0x54cada71
30,B-A,1,optimized,128,gf_mul,27,1967,0x54cada71
30,B-A,1,optimized,128,gf_mul,28,1967,0x54cada71
30,B-A,1,optimized,128,gf_mul,29,1967,0x54cada71
30,B-A,1,optimized,128,gf_mul,30,1967,0x54cada71
30,B-A,1,optimized,128,gf_mul,31,1967,0x54cada71
30,B-A,1,optimized,128,gf_mul,32,1967,0x54cada71
30,B-A,1,optimized,128,gf_mul,33,1967,0x54cada71
30,B-A,1,optimized,128,gf_mul,34,1967,0x54cada71
30,B-A,1,optimized,128,gf_mul,35,1967,0x54cada71
30,B-A,1,optimized,128,gf_mul,36,1967,0x54cada71
30,B-A,1,optimized,128,gf_mul,37,1967,0x54cada71
30,B-A,1,optimized,128,gf_mul,38,1967,0x54cada71
30,B-A,1,optimized,128,gf_mul,39,1967,0x54cada71
30,B-A,1,optimized,128,gf_mul,40,1967,0x54cada71
30,B-A,1,optimized,128,gf_mul,41,1967,0x54cada71
30,B-A,1,optimized,128,gf_mul,42,1967,0x54cada71
30,B-A,1,optimized,128,gf_mul,43,1967,0x54cada71
30,B-A,1,optimized,128,gf_mul,44,1967,0x54cada71
30,B-A,1,optimized,128,gf_mul,45,1967,0x54cada71
30,B-A,1,optimized,128,gf_mul,46,1967,0x54cada71
30,B-A,1,optimized,128,gf_mul,47,1967,0x54cada71
30,B-A,1,optimized,128,gf_mul,48,1967,0x54cada71
30,B-A,1,optimized,128,gf_mul,49,1967,0x54cada71
30,B-A,1,optimized,128,gf_sqr,0,107,0x54cada71
30,B-A,1,optimized,128,gf_sqr,1,107,0x54cada71
30,B-A,1,optimized,128,gf_sqr,2,107,0x54cada71
30,B-A,1,optimized,128,gf_sqr,3,106,0x54cada71
30,B-A,1,optimized,128,gf_sqr,4,106,0x54cada71
30,B-A,1,optimized,128,gf_sqr,5,106,0x54cada71
30,B-A,1,optimized,128,gf_sqr,6,106,0x54cada71
30,B-A,1,optimized,128,gf_sqr,7,106,0x54cada71
30,B-A,1,optimized,128,gf_sqr,8,106,0x54cada71
30,B-A,1,optimized,128,gf_sqr,9,106,0x54cada71
30,B-A,1,optimized,128,gf_sqr,10,106,0x54cada71
30,B-A,1,optimized,128,gf_sqr,11,106,0x54cada71
30,B-A,1,optimized,128,gf_sqr,12,106,0x54cada71
30,B-A,1,optimized,128,gf_sqr,13,106,0x54cada71
30,B-A,1,optimized,128,gf_sqr,14,106,0x54cada71
30,B-A,1,optimized,128,gf_sqr,15,106,0x54cada71
30,B-A,1,optimized,128,gf_sqr,16,106,0x54cada71
30,B-A,1,optimized,128,gf_sqr,17,106,0x54cada71
30,B-A,1,optimized,128,gf_sqr,18,106,0x54cada71
30,B-A,1,optimized,128,gf_sqr,19,106,0x54cada71
30,B-A,1,optimized,128,gf_sqr,20,106,0x54cada71
30,B-A,1,optimized,128,gf_sqr,21,106,0x54cada71
30,B-A,1,optimized,128,gf_sqr,22,106,0x54cada71
30,B-A,1,optimized,128,gf_sqr,23,106,0x54cada71
30,B-A,1,optimized,128,gf_sqr,24,106,0x54cada71
30,B-A,1,optimized,128,gf_sqr,25,106,0x54cada71
30,B-A,1,optimized,128,gf_sqr,26,106,0x54cada71
30,B-A,1,optimized,128,gf_sqr,27,106,0x54cada71
30,B-A,1,optimized,128,gf_sqr,28,106,0x54cada71
30,B-A,1,optimized,128,gf_sqr,29,106,0x54cada71
30,B-A,1,optimized,128,gf_sqr,30,106,0x54cada71
30,B-A,1,optimized,128,gf_sqr,31,106,0x54cada71
30,B-A,1,optimized,128,gf_sqr,32,106,0x54cada71
30,B-A,1,optimized,128,gf_sqr,33,106,0x54cada71
30,B-A,1,optimized,128,gf_sqr,34,106,0x54cada71
30,B-A,1,optimized,128,gf_sqr,35,106,0x54cada71
30,B-A,1,optimized,128,gf_sqr,36,106,0x54cada71
30,B-A,1,optimized,128,gf_sqr,37,106,0x54cada71
30,B-A,1,optimized,128,gf_sqr,38,106,0x54cada71
30,B-A,1,optimized,128,gf_sqr,39,106,0x54cada71
30,B-A,1,optimized,128,gf_sqr,40,106,0x54cada71
30,B-A,1,optimized,128,gf_sqr,41,106,0x54cada71
30,B-A,1,optimized,128,gf_sqr,42,106,0x54cada71
30,B-A,1,optimized,128,gf_sqr,43,106,0x54cada71
30,B-A,1,optimized,128,gf_sqr,44,106,0x54cada71
30,B-A,1,optimized,128,gf_sqr,45,106,0x54cada71
30,B-A,1,optimized,128,gf_sqr,46,106,0x54cada71
30,B-A,1,optimized,128,gf_sqr,47,106,0x54cada71
30,B-A,1,optimized,128,gf_sqr,48,106,0x54cada71
30,B-A,1,optimized,128,gf_sqr,49,106,0x54cada71
30,B-A,2,reference,128,gf_mul,0,1969,0x54cada71
30,B-A,2,reference,128,gf_mul,1,1965,0x54cada71
30,B-A,2,reference,128,gf_mul,2,1965,0x54cada71
30,B-A,2,reference,128,gf_mul,3,1964,0x54cada71
30,B-A,2,reference,128,gf_mul,4,1964,0x54cada71
30,B-A,2,reference,128,gf_mul,5,1964,0x54cada71
30,B-A,2,reference,128,gf_mul,6,1964,0x54cada71
30,B-A,2,reference,128,gf_mul,7,1964,0x54cada71
30,B-A,2,reference,128,gf_mul,8,1964,0x54cada71
30,B-A,2,reference,128,gf_mul,9,1964,0x54cada71
30,B-A,2,reference,128,gf_mul,10,1964,0x54cada71
30,B-A,2,reference,128,gf_mul,11,1964,0x54cada71
30,B-A,2,reference,128,gf_mul,12,1964,0x54cada71
30,B-A,2,reference,128,gf_mul,13,1964,0x54cada71
30,B-A,2,reference,128,gf_mul,14,1964,0x54cada71
30,B-A,2,reference,128,gf_mul,15,1964,0x54cada71
30,B-A,2,reference,128,gf_mul,16,1964,0x54cada71
30,B-A,2,reference,128,gf_mul,17,1964,0x54cada71
30,B-A,2,reference,128,gf_mul,18,1964,0x54cada71
30,B-A,2,reference,128,gf_mul,19,1964,0x54cada71
30,B-A,2,reference,128,gf_mul,20,1964,0x54cada71
30,B-A,2,reference,128,gf_mul,21,1964,0x54cada71
30,B-A,2,reference,128,gf_mul,22,1964,0x54cada71
30,B-A,2,reference,128,gf_mul,23,1964,0x54cada71
30,B-A,2,reference,128,gf_mul,24,1964,0x54cada71
30,B-A,2,reference,128,gf_mul,25,1964,0x54cada71
30,B-A,2,reference,128,gf_mul,26,1964,0x54cada71
30,B-A,2,reference,128,gf_mul,27,1964,0x54cada71
30,B-A,2,reference,128,gf_mul,28,1964,0x54cada71
30,B-A,2,reference,128,gf_mul,29,1964,0x54cada71
30,B-A,2,reference,128,gf_mul,30,1964,0x54cada71
30,B-A,2,reference,128,gf_mul,31,1964,0x54cada71
30,B-A,2,reference,128,gf_mul,32,1964,0x54cada71
30,B-A,2,reference,128,gf_mul,33,1964,0x54cada71
30,B-A,2,reference,128,gf_mul,34,1964,0x54cada71
30,B-A,2,reference,128,gf_mul,35,1964,0x54cada71
30,B-A,2,reference,128,gf_mul,36,1964,0x54cada71
30,B-A,2,reference,128,gf_mul,37,1964,0x54cada71
30,B-A,2,reference,128,gf_mul,38,1964,0x54cada71
30,B-A,2,reference,128,gf_mul,39,1964,0x54cada71
30,B-A,2,reference,128,gf_mul,40,1964,0x54cada71
30,B-A,2,reference,128,gf_mul,41,1964,0x54cada71
30,B-A,2,reference,128,gf_mul,42,1964,0x54cada71
30,B-A,2,reference,128,gf_mul,43,1964,0x54cada71
30,B-A,2,reference,128,gf_mul,44,1964,0x54cada71
30,B-A,2,reference,128,gf_mul,45,1964,0x54cada71
30,B-A,2,reference,128,gf_mul,46,1964,0x54cada71
30,B-A,2,reference,128,gf_mul,47,1964,0x54cada71
30,B-A,2,reference,128,gf_mul,48,1964,0x54cada71
30,B-A,2,reference,128,gf_mul,49,1964,0x54cada71
30,B-A,2,reference,128,gf_sqr,0,107,0x54cada71
30,B-A,2,reference,128,gf_sqr,1,103,0x54cada71
30,B-A,2,reference,128,gf_sqr,2,103,0x54cada71
30,B-A,2,reference,128,gf_sqr,3,102,0x54cada71
30,B-A,2,reference,128,gf_sqr,4,102,0x54cada71
30,B-A,2,reference,128,gf_sqr,5,102,0x54cada71
30,B-A,2,reference,128,gf_sqr,6,102,0x54cada71
30,B-A,2,reference,128,gf_sqr,7,102,0x54cada71
30,B-A,2,reference,128,gf_sqr,8,102,0x54cada71
30,B-A,2,reference,128,gf_sqr,9,102,0x54cada71
30,B-A,2,reference,128,gf_sqr,10,102,0x54cada71
30,B-A,2,reference,128,gf_sqr,11,102,0x54cada71
30,B-A,2,reference,128,gf_sqr,12,102,0x54cada71
30,B-A,2,reference,128,gf_sqr,13,102,0x54cada71
30,B-A,2,reference,128,gf_sqr,14,102,0x54cada71
30,B-A,2,reference,128,gf_sqr,15,102,0x54cada71
30,B-A,2,reference,128,gf_sqr,16,102,0x54cada71
30,B-A,2,reference,128,gf_sqr,17,102,0x54cada71
30,B-A,2,reference,128,gf_sqr,18,102,0x54cada71
30,B-A,2,reference,128,gf_sqr,19,102,0x54cada71
30,B-A,2,reference,128,gf_sqr,20,102,0x54cada71
30,B-A,2,reference,128,gf_sqr,21,102,0x54cada71
30,B-A,2,reference,128,gf_sqr,22,102,0x54cada71
30,B-A,2,reference,128,gf_sqr,23,102,0x54cada71
30,B-A,2,reference,128,gf_sqr,24,102,0x54cada71
30,B-A,2,reference,128,gf_sqr,25,102,0x54cada71
30,B-A,2,reference,128,gf_sqr,26,102,0x54cada71
30,B-A,2,reference,128,gf_sqr,27,102,0x54cada71
30,B-A,2,reference,128,gf_sqr,28,102,0x54cada71
30,B-A,2,reference,128,gf_sqr,29,102,0x54cada71
30,B-A,2,reference,128,gf_sqr,30,102,0x54cada71
30,B-A,2,reference,128,gf_sqr,31,102,0x54cada71
30,B-A,2,reference,128,gf_sqr,32,102,0x54cada71
30,B-A,2,reference,128,gf_sqr,33,102,0x54cada71
30,B-A,2,reference,128,gf_sqr,34,102,0x54cada71
30,B-A,2,reference,128,gf_sqr,35,102,0x54cada71
30,B-A,2,reference,128,gf_sqr,36,102,0x54cada71
30,B-A,2,reference,128,gf_sqr,37,102,0x54cada71
30,B-A,2,reference,128,gf_sqr,38,102,0x54cada71
30,B-A,2,reference,128,gf_sqr,39,102,0x54cada71
30,B-A,2,reference,128,gf_sqr,40,102,0x54cada71
30,B-A,2,reference,128,gf_sqr,41,102,0x54cada71
30,B-A,2,reference,128,gf_sqr,42,102,0x54cada71
30,B-A,2,reference,128,gf_sqr,43,102,0x54cada71
30,B-A,2,reference,128,gf_sqr,44,102,0x54cada71
30,B-A,2,reference,128,gf_sqr,45,102,0x54cada71
30,B-A,2,reference,128,gf_sqr,46,102,0x54cada71
30,B-A,2,reference,128,gf_sqr,47,102,0x54cada71
30,B-A,2,reference,128,gf_sqr,48,102,0x54cada71
30,B-A,2,reference,128,gf_sqr,49,102,0x54cada71
30,B-A,1,optimized,192,gf_mul,0,3927,0x2bf8b731
30,B-A,1,optimized,192,gf_mul,1,3927,0x2bf8b731
30,B-A,1,optimized,192,gf_mul,2,3927,0x2bf8b731
30,B-A,1,optimized,192,gf_mul,3,3926,0x2bf8b731
30,B-A,1,optimized,192,gf_mul,4,3926,0x2bf8b731
30,B-A,1,optimized,192,gf_mul,5,3926,0x2bf8b731
30,B-A,1,optimized,192,gf_mul,6,3926,0x2bf8b731
30,B-A,1,optimized,192,gf_mul,7,3926,0x2bf8b731
30,B-A,1,optimized,192,gf_mul,8,3926,0x2bf8b731
30,B-A,1,optimized,192,gf_mul,9,3926,0x2bf8b731
30,B-A,1,optimized,192,gf_mul,10,3926,0x2bf8b731
30,B-A,1,optimized,192,gf_mul,11,3926,0x2bf8b731
30,B-A,1,optimized,192,gf_mul,12,3926,0x2bf8b731
30,B-A,1,optimized,192,gf_mul,13,3926,0x2bf8b731
30,B-A,1,optimized,192,gf_mul,14,3926,0x2bf8b731
30,B-A,1,optimized,192,gf_mul,15,3926,0x2bf8b731
30,B-A,1,optimized,192,gf_mul,16,3926,0x2bf8b731
30,B-A,1,optimized,192,gf_mul,17,3926,0x2bf8b731
30,B-A,1,optimized,192,gf_mul,18,3926,0x2bf8b731
30,B-A,1,optimized,192,gf_mul,19,3926,0x2bf8b731
30,B-A,1,optimized,192,gf_mul,20,3926,0x2bf8b731
30,B-A,1,optimized,192,gf_mul,21,3926,0x2bf8b731
30,B-A,1,optimized,192,gf_mul,22,3926,0x2bf8b731
30,B-A,1,optimized,192,gf_mul,23,3926,0x2bf8b731
30,B-A,1,optimized,192,gf_mul,24,3926,0x2bf8b731
30,B-A,1,optimized,192,gf_mul,25,3926,0x2bf8b731
30,B-A,1,optimized,192,gf_mul,26,3926,0x2bf8b731
30,B-A,1,optimized,192,gf_mul,27,3926,0x2bf8b731
30,B-A,1,optimized,192,gf_mul,28,3926,0x2bf8b731
30,B-A,1,optimized,192,gf_mul,29,3926,0x2bf8b731
30,B-A,1,optimized,192,gf_mul,30,3926,0x2bf8b731
30,B-A,1,optimized,192,gf_mul,31,3926,0x2bf8b731
30,B-A,1,optimized,192,gf_mul,32,3926,0x2bf8b731
30,B-A,1,optimized,192,gf_mul,33,3926,0x2bf8b731
30,B-A,1,optimized,192,gf_mul,34,3926,0x2bf8b731
30,B-A,1,optimized,192,gf_mul,35,3926,0x2bf8b731
30,B-A,1,optimized,192,gf_mul,36,3926,0x2bf8b731
30,B-A,1,optimized,192,gf_mul,37,3926,0x2bf8b731
30,B-A,1,optimized,192,gf_mul,38,3926,0x2bf8b731
30,B-A,1,optimized,192,gf_mul,39,3926,0x2bf8b731
30,B-A,1,optimized,192,gf_mul,40,3926,0x2bf8b731
30,B-A,1,optimized,192,gf_mul,41,3926,0x2bf8b731
30,B-A,1,optimized,192,gf_mul,42,3926,0x2bf8b731
30,B-A,1,optimized,192,gf_mul,43,3926,0x2bf8b731
30,B-A,1,optimized,192,gf_mul,44,3926,0x2bf8b731
30,B-A,1,optimized,192,gf_mul,45,3926,0x2bf8b731
30,B-A,1,optimized,192,gf_mul,46,3926,0x2bf8b731
30,B-A,1,optimized,192,gf_mul,47,3926,0x2bf8b731
30,B-A,1,optimized,192,gf_mul,48,3926,0x2bf8b731
30,B-A,1,optimized,192,gf_mul,49,3926,0x2bf8b731
30,B-A,1,optimized,192,gf_sqr,0,144,0x2bf8b731
30,B-A,1,optimized,192,gf_sqr,1,144,0x2bf8b731
30,B-A,1,optimized,192,gf_sqr,2,143,0x2bf8b731
30,B-A,1,optimized,192,gf_sqr,3,144,0x2bf8b731
30,B-A,1,optimized,192,gf_sqr,4,144,0x2bf8b731
30,B-A,1,optimized,192,gf_sqr,5,144,0x2bf8b731
30,B-A,1,optimized,192,gf_sqr,6,144,0x2bf8b731
30,B-A,1,optimized,192,gf_sqr,7,144,0x2bf8b731
30,B-A,1,optimized,192,gf_sqr,8,144,0x2bf8b731
30,B-A,1,optimized,192,gf_sqr,9,144,0x2bf8b731
30,B-A,1,optimized,192,gf_sqr,10,144,0x2bf8b731
30,B-A,1,optimized,192,gf_sqr,11,144,0x2bf8b731
30,B-A,1,optimized,192,gf_sqr,12,144,0x2bf8b731
30,B-A,1,optimized,192,gf_sqr,13,144,0x2bf8b731
30,B-A,1,optimized,192,gf_sqr,14,144,0x2bf8b731
30,B-A,1,optimized,192,gf_sqr,15,144,0x2bf8b731
30,B-A,1,optimized,192,gf_sqr,16,144,0x2bf8b731
30,B-A,1,optimized,192,gf_sqr,17,144,0x2bf8b731
30,B-A,1,optimized,192,gf_sqr,18,144,0x2bf8b731
30,B-A,1,optimized,192,gf_sqr,19,144,0x2bf8b731
30,B-A,1,optimized,192,gf_sqr,20,144,0x2bf8b731
30,B-A,1,optimized,192,gf_sqr,21,144,0x2bf8b731
30,B-A,1,optimized,192,gf_sqr,22,144,0x2bf8b731
30,B-A,1,optimized,192,gf_sqr,23,144,0x2bf8b731
30,B-A,1,optimized,192,gf_sqr,24,144,0x2bf8b731
30,B-A,1,optimized,192,gf_sqr,25,144,0x2bf8b731
30,B-A,1,optimized,192,gf_sqr,26,144,0x2bf8b731
30,B-A,1,optimized,192,gf_sqr,27,144,0x2bf8b731
30,B-A,1,optimized,192,gf_sqr,28,144,0x2bf8b731
30,B-A,1,optimized,192,gf_sqr,29,144,0x2bf8b731
30,B-A,1,optimized,192,gf_sqr,30,144,0x2bf8b731
30,B-A,1,optimized,192,gf_sqr,31,144,0x2bf8b731
30,B-A,1,optimized,192,gf_sqr,32,144,0x2bf8b731
30,B-A,1,optimized,192,gf_sqr,33,144,0x2bf8b731
30,B-A,1,optimized,192,gf_sqr,34,144,0x2bf8b731
30,B-A,1,optimized,192,gf_sqr,35,144,0x2bf8b731
30,B-A,1,optimized,192,gf_sqr,36,144,0x2bf8b731
30,B-A,1,optimized,192,gf_sqr,37,144,0x2bf8b731
30,B-A,1,optimized,192,gf_sqr,38,144,0x2bf8b731
30,B-A,1,optimized,192,gf_sqr,39,144,0x2bf8b731
30,B-A,1,optimized,192,gf_sqr,40,144,0x2bf8b731
30,B-A,1,optimized,192,gf_sqr,41,144,0x2bf8b731
30,B-A,1,optimized,192,gf_sqr,42,144,0x2bf8b731
30,B-A,1,optimized,192,gf_sqr,43,144,0x2bf8b731
30,B-A,1,optimized,192,gf_sqr,44,144,0x2bf8b731
30,B-A,1,optimized,192,gf_sqr,45,144,0x2bf8b731
30,B-A,1,optimized,192,gf_sqr,46,144,0x2bf8b731
30,B-A,1,optimized,192,gf_sqr,47,144,0x2bf8b731
30,B-A,1,optimized,192,gf_sqr,48,144,0x2bf8b731
30,B-A,1,optimized,192,gf_sqr,49,144,0x2bf8b731
30,B-A,2,reference,192,gf_mul,0,3927,0x2bf8b731
30,B-A,2,reference,192,gf_mul,1,3927,0x2bf8b731
30,B-A,2,reference,192,gf_mul,2,3927,0x2bf8b731
30,B-A,2,reference,192,gf_mul,3,3926,0x2bf8b731
30,B-A,2,reference,192,gf_mul,4,3926,0x2bf8b731
30,B-A,2,reference,192,gf_mul,5,3926,0x2bf8b731
30,B-A,2,reference,192,gf_mul,6,3926,0x2bf8b731
30,B-A,2,reference,192,gf_mul,7,3926,0x2bf8b731
30,B-A,2,reference,192,gf_mul,8,3926,0x2bf8b731
30,B-A,2,reference,192,gf_mul,9,3926,0x2bf8b731
30,B-A,2,reference,192,gf_mul,10,3926,0x2bf8b731
30,B-A,2,reference,192,gf_mul,11,3926,0x2bf8b731
30,B-A,2,reference,192,gf_mul,12,3926,0x2bf8b731
30,B-A,2,reference,192,gf_mul,13,3926,0x2bf8b731
30,B-A,2,reference,192,gf_mul,14,3926,0x2bf8b731
30,B-A,2,reference,192,gf_mul,15,3926,0x2bf8b731
30,B-A,2,reference,192,gf_mul,16,3926,0x2bf8b731
30,B-A,2,reference,192,gf_mul,17,3926,0x2bf8b731
30,B-A,2,reference,192,gf_mul,18,3926,0x2bf8b731
30,B-A,2,reference,192,gf_mul,19,3926,0x2bf8b731
30,B-A,2,reference,192,gf_mul,20,3926,0x2bf8b731
30,B-A,2,reference,192,gf_mul,21,3926,0x2bf8b731
30,B-A,2,reference,192,gf_mul,22,3926,0x2bf8b731
30,B-A,2,reference,192,gf_mul,23,3926,0x2bf8b731
30,B-A,2,reference,192,gf_mul,24,3926,0x2bf8b731
30,B-A,2,reference,192,gf_mul,25,3926,0x2bf8b731
30,B-A,2,reference,192,gf_mul,26,3926,0x2bf8b731
30,B-A,2,reference,192,gf_mul,27,3926,0x2bf8b731
30,B-A,2,reference,192,gf_mul,28,3926,0x2bf8b731
30,B-A,2,reference,192,gf_mul,29,3926,0x2bf8b731
30,B-A,2,reference,192,gf_mul,30,3926,0x2bf8b731
30,B-A,2,reference,192,gf_mul,31,3926,0x2bf8b731
30,B-A,2,reference,192,gf_mul,32,3926,0x2bf8b731
30,B-A,2,reference,192,gf_mul,33,3926,0x2bf8b731
30,B-A,2,reference,192,gf_mul,34,3926,0x2bf8b731
30,B-A,2,reference,192,gf_mul,35,3926,0x2bf8b731
30,B-A,2,reference,192,gf_mul,36,3926,0x2bf8b731
30,B-A,2,reference,192,gf_mul,37,3926,0x2bf8b731
30,B-A,2,reference,192,gf_mul,38,3926,0x2bf8b731
30,B-A,2,reference,192,gf_mul,39,3926,0x2bf8b731
30,B-A,2,reference,192,gf_mul,40,3926,0x2bf8b731
30,B-A,2,reference,192,gf_mul,41,3926,0x2bf8b731
30,B-A,2,reference,192,gf_mul,42,3926,0x2bf8b731
30,B-A,2,reference,192,gf_mul,43,3926,0x2bf8b731
30,B-A,2,reference,192,gf_mul,44,3926,0x2bf8b731
30,B-A,2,reference,192,gf_mul,45,3926,0x2bf8b731
30,B-A,2,reference,192,gf_mul,46,3926,0x2bf8b731
30,B-A,2,reference,192,gf_mul,47,3926,0x2bf8b731
30,B-A,2,reference,192,gf_mul,48,3926,0x2bf8b731
30,B-A,2,reference,192,gf_mul,49,3926,0x2bf8b731
30,B-A,2,reference,192,gf_sqr,0,144,0x2bf8b731
30,B-A,2,reference,192,gf_sqr,1,144,0x2bf8b731
30,B-A,2,reference,192,gf_sqr,2,143,0x2bf8b731
30,B-A,2,reference,192,gf_sqr,3,144,0x2bf8b731
30,B-A,2,reference,192,gf_sqr,4,144,0x2bf8b731
30,B-A,2,reference,192,gf_sqr,5,144,0x2bf8b731
30,B-A,2,reference,192,gf_sqr,6,144,0x2bf8b731
30,B-A,2,reference,192,gf_sqr,7,144,0x2bf8b731
30,B-A,2,reference,192,gf_sqr,8,144,0x2bf8b731
30,B-A,2,reference,192,gf_sqr,9,144,0x2bf8b731
30,B-A,2,reference,192,gf_sqr,10,144,0x2bf8b731
30,B-A,2,reference,192,gf_sqr,11,144,0x2bf8b731
30,B-A,2,reference,192,gf_sqr,12,144,0x2bf8b731
30,B-A,2,reference,192,gf_sqr,13,144,0x2bf8b731
30,B-A,2,reference,192,gf_sqr,14,144,0x2bf8b731
30,B-A,2,reference,192,gf_sqr,15,144,0x2bf8b731
30,B-A,2,reference,192,gf_sqr,16,144,0x2bf8b731
30,B-A,2,reference,192,gf_sqr,17,144,0x2bf8b731
30,B-A,2,reference,192,gf_sqr,18,144,0x2bf8b731
30,B-A,2,reference,192,gf_sqr,19,144,0x2bf8b731
30,B-A,2,reference,192,gf_sqr,20,144,0x2bf8b731
30,B-A,2,reference,192,gf_sqr,21,144,0x2bf8b731
30,B-A,2,reference,192,gf_sqr,22,144,0x2bf8b731
30,B-A,2,reference,192,gf_sqr,23,144,0x2bf8b731
30,B-A,2,reference,192,gf_sqr,24,144,0x2bf8b731
30,B-A,2,reference,192,gf_sqr,25,144,0x2bf8b731
30,B-A,2,reference,192,gf_sqr,26,144,0x2bf8b731
30,B-A,2,reference,192,gf_sqr,27,144,0x2bf8b731
30,B-A,2,reference,192,gf_sqr,28,144,0x2bf8b731
30,B-A,2,reference,192,gf_sqr,29,144,0x2bf8b731
30,B-A,2,reference,192,gf_sqr,30,144,0x2bf8b731
30,B-A,2,reference,192,gf_sqr,31,144,0x2bf8b731
30,B-A,2,reference,192,gf_sqr,32,144,0x2bf8b731
30,B-A,2,reference,192,gf_sqr,33,144,0x2bf8b731
30,B-A,2,reference,192,gf_sqr,34,144,0x2bf8b731
30,B-A,2,reference,192,gf_sqr,35,144,0x2bf8b731
30,B-A,2,reference,192,gf_sqr,36,144,0x2bf8b731
30,B-A,2,reference,192,gf_sqr,37,144,0x2bf8b731
30,B-A,2,reference,192,gf_sqr,38,144,0x2bf8b731
30,B-A,2,reference,192,gf_sqr,39,144,0x2bf8b731
30,B-A,2,reference,192,gf_sqr,40,144,0x2bf8b731
30,B-A,2,reference,192,gf_sqr,41,144,0x2bf8b731
30,B-A,2,reference,192,gf_sqr,42,144,0x2bf8b731
30,B-A,2,reference,192,gf_sqr,43,144,0x2bf8b731
30,B-A,2,reference,192,gf_sqr,44,144,0x2bf8b731
30,B-A,2,reference,192,gf_sqr,45,144,0x2bf8b731
30,B-A,2,reference,192,gf_sqr,46,144,0x2bf8b731
30,B-A,2,reference,192,gf_sqr,47,144,0x2bf8b731
30,B-A,2,reference,192,gf_sqr,48,144,0x2bf8b731
30,B-A,2,reference,192,gf_sqr,49,144,0x2bf8b731
30,B-A,1,optimized,256,gf_mul,0,5942,0x283807e5
30,B-A,1,optimized,256,gf_mul,1,5940,0x283807e5
30,B-A,1,optimized,256,gf_mul,2,5941,0x283807e5
30,B-A,1,optimized,256,gf_mul,3,5940,0x283807e5
30,B-A,1,optimized,256,gf_mul,4,5940,0x283807e5
30,B-A,1,optimized,256,gf_mul,5,5940,0x283807e5
30,B-A,1,optimized,256,gf_mul,6,5940,0x283807e5
30,B-A,1,optimized,256,gf_mul,7,5940,0x283807e5
30,B-A,1,optimized,256,gf_mul,8,5940,0x283807e5
30,B-A,1,optimized,256,gf_mul,9,5940,0x283807e5
30,B-A,1,optimized,256,gf_mul,10,5940,0x283807e5
30,B-A,1,optimized,256,gf_mul,11,5940,0x283807e5
30,B-A,1,optimized,256,gf_mul,12,5940,0x283807e5
30,B-A,1,optimized,256,gf_mul,13,5940,0x283807e5
30,B-A,1,optimized,256,gf_mul,14,5940,0x283807e5
30,B-A,1,optimized,256,gf_mul,15,5940,0x283807e5
30,B-A,1,optimized,256,gf_mul,16,5940,0x283807e5
30,B-A,1,optimized,256,gf_mul,17,5940,0x283807e5
30,B-A,1,optimized,256,gf_mul,18,5940,0x283807e5
30,B-A,1,optimized,256,gf_mul,19,5940,0x283807e5
30,B-A,1,optimized,256,gf_mul,20,5940,0x283807e5
30,B-A,1,optimized,256,gf_mul,21,5940,0x283807e5
30,B-A,1,optimized,256,gf_mul,22,5940,0x283807e5
30,B-A,1,optimized,256,gf_mul,23,5940,0x283807e5
30,B-A,1,optimized,256,gf_mul,24,5940,0x283807e5
30,B-A,1,optimized,256,gf_mul,25,5940,0x283807e5
30,B-A,1,optimized,256,gf_mul,26,5940,0x283807e5
30,B-A,1,optimized,256,gf_mul,27,5940,0x283807e5
30,B-A,1,optimized,256,gf_mul,28,5940,0x283807e5
30,B-A,1,optimized,256,gf_mul,29,5940,0x283807e5
30,B-A,1,optimized,256,gf_mul,30,5940,0x283807e5
30,B-A,1,optimized,256,gf_mul,31,5940,0x283807e5
30,B-A,1,optimized,256,gf_mul,32,5940,0x283807e5
30,B-A,1,optimized,256,gf_mul,33,5940,0x283807e5
30,B-A,1,optimized,256,gf_mul,34,5940,0x283807e5
30,B-A,1,optimized,256,gf_mul,35,5940,0x283807e5
30,B-A,1,optimized,256,gf_mul,36,5940,0x283807e5
30,B-A,1,optimized,256,gf_mul,37,5940,0x283807e5
30,B-A,1,optimized,256,gf_mul,38,5940,0x283807e5
30,B-A,1,optimized,256,gf_mul,39,5940,0x283807e5
30,B-A,1,optimized,256,gf_mul,40,5940,0x283807e5
30,B-A,1,optimized,256,gf_mul,41,5940,0x283807e5
30,B-A,1,optimized,256,gf_mul,42,5940,0x283807e5
30,B-A,1,optimized,256,gf_mul,43,5940,0x283807e5
30,B-A,1,optimized,256,gf_mul,44,5940,0x283807e5
30,B-A,1,optimized,256,gf_mul,45,5940,0x283807e5
30,B-A,1,optimized,256,gf_mul,46,5940,0x283807e5
30,B-A,1,optimized,256,gf_mul,47,5940,0x283807e5
30,B-A,1,optimized,256,gf_mul,48,5940,0x283807e5
30,B-A,1,optimized,256,gf_mul,49,5940,0x283807e5
30,B-A,1,optimized,256,gf_sqr,0,202,0x283807e5
30,B-A,1,optimized,256,gf_sqr,1,200,0x283807e5
30,B-A,1,optimized,256,gf_sqr,2,201,0x283807e5
30,B-A,1,optimized,256,gf_sqr,3,200,0x283807e5
30,B-A,1,optimized,256,gf_sqr,4,200,0x283807e5
30,B-A,1,optimized,256,gf_sqr,5,200,0x283807e5
30,B-A,1,optimized,256,gf_sqr,6,200,0x283807e5
30,B-A,1,optimized,256,gf_sqr,7,200,0x283807e5
30,B-A,1,optimized,256,gf_sqr,8,200,0x283807e5
30,B-A,1,optimized,256,gf_sqr,9,200,0x283807e5
30,B-A,1,optimized,256,gf_sqr,10,200,0x283807e5
30,B-A,1,optimized,256,gf_sqr,11,200,0x283807e5
30,B-A,1,optimized,256,gf_sqr,12,200,0x283807e5
30,B-A,1,optimized,256,gf_sqr,13,200,0x283807e5
30,B-A,1,optimized,256,gf_sqr,14,200,0x283807e5
30,B-A,1,optimized,256,gf_sqr,15,200,0x283807e5
30,B-A,1,optimized,256,gf_sqr,16,200,0x283807e5
30,B-A,1,optimized,256,gf_sqr,17,200,0x283807e5
30,B-A,1,optimized,256,gf_sqr,18,200,0x283807e5
30,B-A,1,optimized,256,gf_sqr,19,200,0x283807e5
30,B-A,1,optimized,256,gf_sqr,20,200,0x283807e5
30,B-A,1,optimized,256,gf_sqr,21,200,0x283807e5
30,B-A,1,optimized,256,gf_sqr,22,200,0x283807e5
30,B-A,1,optimized,256,gf_sqr,23,200,0x283807e5
30,B-A,1,optimized,256,gf_sqr,24,200,0x283807e5
30,B-A,1,optimized,256,gf_sqr,25,200,0x283807e5
30,B-A,1,optimized,256,gf_sqr,26,200,0x283807e5
30,B-A,1,optimized,256,gf_sqr,27,200,0x283807e5
30,B-A,1,optimized,256,gf_sqr,28,200,0x283807e5
30,B-A,1,optimized,256,gf_sqr,29,200,0x283807e5
30,B-A,1,optimized,256,gf_sqr,30,200,0x283807e5
30,B-A,1,optimized,256,gf_sqr,31,200,0x283807e5
30,B-A,1,optimized,256,gf_sqr,32,200,0x283807e5
30,B-A,1,optimized,256,gf_sqr,33,200,0x283807e5
30,B-A,1,optimized,256,gf_sqr,34,200,0x283807e5
30,B-A,1,optimized,256,gf_sqr,35,200,0x283807e5
30,B-A,1,optimized,256,gf_sqr,36,200,0x283807e5
30,B-A,1,optimized,256,gf_sqr,37,200,0x283807e5
30,B-A,1,optimized,256,gf_sqr,38,200,0x283807e5
30,B-A,1,optimized,256,gf_sqr,39,200,0x283807e5
30,B-A,1,optimized,256,gf_sqr,40,200,0x283807e5
30,B-A,1,optimized,256,gf_sqr,41,200,0x283807e5
30,B-A,1,optimized,256,gf_sqr,42,200,0x283807e5
30,B-A,1,optimized,256,gf_sqr,43,200,0x283807e5
30,B-A,1,optimized,256,gf_sqr,44,200,0x283807e5
30,B-A,1,optimized,256,gf_sqr,45,200,0x283807e5
30,B-A,1,optimized,256,gf_sqr,46,200,0x283807e5
30,B-A,1,optimized,256,gf_sqr,47,200,0x283807e5
30,B-A,1,optimized,256,gf_sqr,48,200,0x283807e5
30,B-A,1,optimized,256,gf_sqr,49,200,0x283807e5
30,B-A,2,reference,256,gf_mul,0,5933,0x283807e5
30,B-A,2,reference,256,gf_mul,1,5932,0x283807e5
30,B-A,2,reference,256,gf_mul,2,5932,0x283807e5
30,B-A,2,reference,256,gf_mul,3,5931,0x283807e5
30,B-A,2,reference,256,gf_mul,4,5931,0x283807e5
30,B-A,2,reference,256,gf_mul,5,5931,0x283807e5
30,B-A,2,reference,256,gf_mul,6,5931,0x283807e5
30,B-A,2,reference,256,gf_mul,7,5931,0x283807e5
30,B-A,2,reference,256,gf_mul,8,5931,0x283807e5
30,B-A,2,reference,256,gf_mul,9,5931,0x283807e5
30,B-A,2,reference,256,gf_mul,10,5931,0x283807e5
30,B-A,2,reference,256,gf_mul,11,5931,0x283807e5
30,B-A,2,reference,256,gf_mul,12,5931,0x283807e5
30,B-A,2,reference,256,gf_mul,13,5931,0x283807e5
30,B-A,2,reference,256,gf_mul,14,5931,0x283807e5
30,B-A,2,reference,256,gf_mul,15,5931,0x283807e5
30,B-A,2,reference,256,gf_mul,16,5931,0x283807e5
30,B-A,2,reference,256,gf_mul,17,5931,0x283807e5
30,B-A,2,reference,256,gf_mul,18,5931,0x283807e5
30,B-A,2,reference,256,gf_mul,19,5931,0x283807e5
30,B-A,2,reference,256,gf_mul,20,5931,0x283807e5
30,B-A,2,reference,256,gf_mul,21,5931,0x283807e5
30,B-A,2,reference,256,gf_mul,22,5931,0x283807e5
30,B-A,2,reference,256,gf_mul,23,5931,0x283807e5
30,B-A,2,reference,256,gf_mul,24,5931,0x283807e5
30,B-A,2,reference,256,gf_mul,25,5931,0x283807e5
30,B-A,2,reference,256,gf_mul,26,5931,0x283807e5
30,B-A,2,reference,256,gf_mul,27,5931,0x283807e5
30,B-A,2,reference,256,gf_mul,28,5931,0x283807e5
30,B-A,2,reference,256,gf_mul,29,5931,0x283807e5
30,B-A,2,reference,256,gf_mul,30,5931,0x283807e5
30,B-A,2,reference,256,gf_mul,31,5931,0x283807e5
30,B-A,2,reference,256,gf_mul,32,5931,0x283807e5
30,B-A,2,reference,256,gf_mul,33,5931,0x283807e5
30,B-A,2,reference,256,gf_mul,34,5931,0x283807e5
30,B-A,2,reference,256,gf_mul,35,5931,0x283807e5
30,B-A,2,reference,256,gf_mul,36,5931,0x283807e5
30,B-A,2,reference,256,gf_mul,37,5931,0x283807e5
30,B-A,2,reference,256,gf_mul,38,5931,0x283807e5
30,B-A,2,reference,256,gf_mul,39,5931,0x283807e5
30,B-A,2,reference,256,gf_mul,40,5931,0x283807e5
30,B-A,2,reference,256,gf_mul,41,5931,0x283807e5
30,B-A,2,reference,256,gf_mul,42,5931,0x283807e5
30,B-A,2,reference,256,gf_mul,43,5931,0x283807e5
30,B-A,2,reference,256,gf_mul,44,5931,0x283807e5
30,B-A,2,reference,256,gf_mul,45,5931,0x283807e5
30,B-A,2,reference,256,gf_mul,46,5931,0x283807e5
30,B-A,2,reference,256,gf_mul,47,5931,0x283807e5
30,B-A,2,reference,256,gf_mul,48,5931,0x283807e5
30,B-A,2,reference,256,gf_mul,49,5931,0x283807e5
30,B-A,2,reference,256,gf_sqr,0,203,0x283807e5
30,B-A,2,reference,256,gf_sqr,1,202,0x283807e5
30,B-A,2,reference,256,gf_sqr,2,203,0x283807e5
30,B-A,2,reference,256,gf_sqr,3,202,0x283807e5
30,B-A,2,reference,256,gf_sqr,4,202,0x283807e5
30,B-A,2,reference,256,gf_sqr,5,202,0x283807e5
30,B-A,2,reference,256,gf_sqr,6,202,0x283807e5
30,B-A,2,reference,256,gf_sqr,7,202,0x283807e5
30,B-A,2,reference,256,gf_sqr,8,202,0x283807e5
30,B-A,2,reference,256,gf_sqr,9,202,0x283807e5
30,B-A,2,reference,256,gf_sqr,10,202,0x283807e5
30,B-A,2,reference,256,gf_sqr,11,202,0x283807e5
30,B-A,2,reference,256,gf_sqr,12,202,0x283807e5
30,B-A,2,reference,256,gf_sqr,13,202,0x283807e5
30,B-A,2,reference,256,gf_sqr,14,202,0x283807e5
30,B-A,2,reference,256,gf_sqr,15,202,0x283807e5
30,B-A,2,reference,256,gf_sqr,16,202,0x283807e5
30,B-A,2,reference,256,gf_sqr,17,202,0x283807e5
30,B-A,2,reference,256,gf_sqr,18,202,0x283807e5
30,B-A,2,reference,256,gf_sqr,19,202,0x283807e5
30,B-A,2,reference,256,gf_sqr,20,202,0x283807e5
30,B-A,2,reference,256,gf_sqr,21,202,0x283807e5
30,B-A,2,reference,256,gf_sqr,22,202,0x283807e5
30,B-A,2,reference,256,gf_sqr,23,202,0x283807e5
30,B-A,2,reference,256,gf_sqr,24,202,0x283807e5
30,B-A,2,reference,256,gf_sqr,25,202,0x283807e5
30,B-A,2,reference,256,gf_sqr,26,202,0x283807e5
30,B-A,2,reference,256,gf_sqr,27,202,0x283807e5
30,B-A,2,reference,256,gf_sqr,28,202,0x283807e5
30,B-A,2,reference,256,gf_sqr,29,202,0x283807e5
30,B-A,2,reference,256,gf_sqr,30,202,0x283807e5
30,B-A,2,reference,256,gf_sqr,31,202,0x283807e5
30,B-A,2,reference,256,gf_sqr,32,202,0x283807e5
30,B-A,2,reference,256,gf_sqr,33,202,0x283807e5
30,B-A,2,reference,256,gf_sqr,34,202,0x283807e5
30,B-A,2,reference,256,gf_sqr,35,202,0x283807e5
30,B-A,2,reference,256,gf_sqr,36,202,0x283807e5
30,B-A,2,reference,256,gf_sqr,37,202,0x283807e5
30,B-A,2,reference,256,gf_sqr,38,202,0x283807e5
30,B-A,2,reference,256,gf_sqr,39,202,0x283807e5
30,B-A,2,reference,256,gf_sqr,40,202,0x283807e5
30,B-A,2,reference,256,gf_sqr,41,202,0x283807e5
30,B-A,2,reference,256,gf_sqr,42,202,0x283807e5
30,B-A,2,reference,256,gf_sqr,43,202,0x283807e5
30,B-A,2,reference,256,gf_sqr,44,202,0x283807e5
30,B-A,2,reference,256,gf_sqr,45,202,0x283807e5
30,B-A,2,reference,256,gf_sqr,46,202,0x283807e5
30,B-A,2,reference,256,gf_sqr,47,202,0x283807e5
30,B-A,2,reference,256,gf_sqr,48,202,0x283807e5
30,B-A,2,reference,256,gf_sqr,49,202,0x283807e5
